Name,Date,country,state,locality,site,strata,Height (cm),Latitude,Longitude,Depth,Camera,Photographer,Water quality,Strobes,Framing gear used,White balance card,Comments
AP140190.jpg,2024-10-05,CHILE,MAGALLANES,KARUKINKA,PUERTO ARTURO,HIGHTIDE,42,-54.06459,-70.04569,,TG-6,MBON_P2P,,no,25x25cm,,AP14-15-16-18
AP140191.jpg,2024-10-05,CHILE,MAGALLANES,KARUKINKA,PUERTO ARTURO,HIGHTIDE,42,-54.06459,-70.04569,,TG-6,MBON_P2P,,no,25x25cm,,AP14-15-16-18
AP140192.jpg,2024-10-05,CHILE,MAGALLANES,KARUKINKA,PUERTO ARTURO,HIGHTIDE,42,-54.06461667,-70.04568167,,TG-6,MBON_P2P,,no,25x25cm,,AP14-15-16-18
AP140193.jpg,2024-10-05,CHILE,MAGALLANES,KARUKINKA,PUERTO ARTURO,HIGHTIDE,42,-54.06461667,-70.04568,,TG-6,MBON_P2P,,no,25x25cm,,AP14-15-16-18
AP140194.jpg,2024-10-05,CHILE,MAGALLANES,KARUKINKA,PUERTO ARTURO,HIGHTIDE,42,-54.06461667,-70.04568,,TG-6,MBON_P2P,,no,25x25cm,,AP14-15-16-18
AP140195.jpg,2024-10-05,CHILE,MAGALLANES,KARUKINKA,PUERTO ARTURO,HIGHTIDE,42,-54.06463333,-70.04569667,,TG-6,MBON_P2P,,no,25x25cm,,AP14-15-16-18
AP140196.jpg,2024-10-05,CHILE,MAGALLANES,KARUKINKA,PUERTO ARTURO,HIGHTIDE,42,-54.06463333,-70.04569667,,TG-6,MBON_P2P,,no,25x25cm,,AP14-15-16-18
AP140197.jpg,2024-10-05,CHILE,MAGALLANES,KARUKINKA,PUERTO ARTURO,HIGHTIDE,42,-54.06467167,-70.04569,,TG-6,MBON_P2P,,no,25x25cm,,AP14-15-16-18
AP140198.jpg,2024-10-05,CHILE,MAGALLANES,KARUKINKA,PUERTO ARTURO,HIGHTIDE,42,-54.06467333,-70.04568667,,TG-6,MBON_P2P,,no,25x25cm,,AP14-15-16-18
AP140199.jpg,2024-10-05,CHILE,MAGALLANES,KARUKINKA,PUERTO ARTURO,HIGHTIDE,42,-54.06469833,-70.04563667,,TG-6,MBON_P2P,,no,25x25cm,,AP14-15-16-18
AP140200.jpg,2024-10-05,CHILE,MAGALLANES,KARUKINKA,PUERTO ARTURO,HIGHTIDE,42,-54.06467667,-70.045625,,TG-6,MBON_P2P,,no,25x25cm,,AP14-15-16-18
AP140201.jpg,2024-10-05,CHILE,MAGALLANES,KARUKINKA,PUERTO ARTURO,HIGHTIDE,42,-54.064695,-70.04562,,TG-6,MBON_P2P,,no,25x25cm,,AP14-15-16-18
AP140202.jpg,2024-10-05,CHILE,MAGALLANES,KARUKINKA,PUERTO ARTURO,HIGHTIDE,42,-54.064695,-70.04562,,TG-6,MBON_P2P,,no,25x25cm,,AP14-15-16-18
AP140203.jpg,2024-10-05,CHILE,MAGALLANES,KARUKINKA,PUERTO ARTURO,HIGHTIDE,42,-54.06469667,-70.04561667,,TG-6,MBON_P2P,,no,25x25cm,,AP14-15-16-18
AP140204.jpg,2024-10-05,CHILE,MAGALLANES,KARUKINKA,PUERTO ARTURO,HIGHTIDE,42,-54.064695,-70.04561833,,TG-6,MBON_P2P,,no,25x25cm,,AP14-15-16-18
AP140205.jpg,2024-10-05,CHILE,MAGALLANES,KARUKINKA,PUERTO ARTURO,HIGHTIDE,42,-54.06469333,-70.04562333,,TG-6,MBON_P2P,,no,25x25cm,,AP14-15-16-18
AP140206.jpg,2024-10-05,CHILE,MAGALLANES,KARUKINKA,PUERTO ARTURO,HIGHTIDE,42,-54.06469333,-70.04562167,,TG-6,MBON_P2P,,no,25x25cm,,AP14-15-16-18
AP140207.jpg,2024-10-05,CHILE,MAGALLANES,KARUKINKA,PUERTO ARTURO,HIGHTIDE,42,-54.06469333,-70.04562,,TG-6,MBON_P2P,,no,25x25cm,,AP14-15-16-18
AP140208.jpg,2024-10-05,CHILE,MAGALLANES,KARUKINKA,PUERTO ARTURO,HIGHTIDE,42,-54.064695,-70.04561833,,TG-6,MBON_P2P,,no,25x25cm,,AP14-15-16-18
AP140209.jpg,2024-10-05,CHILE,MAGALLANES,KARUKINKA,PUERTO ARTURO,HIGHTIDE,42,-54.06474167,-70.04566833,,TG-6,MBON_P2P,,no,25x25cm,,AP14-15-16-18
AP140210.jpg,2024-10-05,CHILE,MAGALLANES,KARUKINKA,PUERTO ARTURO,HIGHTIDE,42,-54.06475167,-70.04564833,,TG-6,MBON_P2P,,no,25x25cm,,AP14-15-16-18
AP140211.jpg,2024-10-05,CHILE,MAGALLANES,KARUKINKA,PUERTO ARTURO,HIGHTIDE,42,-54.06476167,-70.04563,,TG-6,MBON_P2P,,no,25x25cm,,AP14-15-16-18
AP140212.jpg,2024-10-05,CHILE,MAGALLANES,KARUKINKA,PUERTO ARTURO,HIGHTIDE,42,-54.06476667,-70.04562667,,TG-6,MBON_P2P,,no,25x25cm,,AP14-15-16-18
AP140213.jpg,2024-10-05,CHILE,MAGALLANES,KARUKINKA,PUERTO ARTURO,HIGHTIDE,42,-54.06477,-70.04561,,TG-6,MBON_P2P,,no,25x25cm,,AP14-15-16-18
AP140214.jpg,2024-10-05,CHILE,MAGALLANES,KARUKINKA,PUERTO ARTURO,HIGHTIDE,42,-54.06478667,-70.04558167,,TG-6,MBON_P2P,,no,25x25cm,,AP14-15-16-18
AP140215.jpg,2024-10-05,CHILE,MAGALLANES,KARUKINKA,PUERTO ARTURO,HIGHTIDE,42,-54.06481,-70.04557333,,TG-6,MBON_P2P,,no,25x25cm,,AP14-15-16-18
AP140216.jpg,2024-10-05,CHILE,MAGALLANES,KARUKINKA,PUERTO ARTURO,HIGHTIDE,42,-54.06481167,-70.04557333,,TG-6,MBON_P2P,,no,25x25cm,,AP14-15-16-18
AP140217.jpg,2024-10-05,CHILE,MAGALLANES,KARUKINKA,PUERTO ARTURO,HIGHTIDE,42,-54.064815,-70.04557,,TG-6,MBON_P2P,,no,25x25cm,,AP14-15-16-18
AP140218.jpg,2024-10-05,CHILE,MAGALLANES,KARUKINKA,PUERTO ARTURO,HIGHTIDE,42,-54.06482833,-70.04556167,,TG-6,MBON_P2P,,no,25x25cm,,AP14-15-16-18
AP140219.jpg,2024-10-05,CHILE,MAGALLANES,KARUKINKA,PUERTO ARTURO,HIGHTIDE,42,-54.06483833,-70.04557,,TG-6,MBON_P2P,,no,25x25cm,,AP14-15-16-18
AP140220.jpg,2024-10-05,CHILE,MAGALLANES,KARUKINKA,PUERTO ARTURO,HIGHTIDE,42,-54.06485167,-70.04552833,,TG-6,MBON_P2P,,no,25x25cm,,AP14-15-16-18
AP140221.jpg,2024-10-05,CHILE,MAGALLANES,KARUKINKA,PUERTO ARTURO,HIGHTIDE,42,-54.06492167,-70.04547167,,TG-6,MBON_P2P,,no,25x25cm,,AP14-15-16-18
AP140222.jpg,2024-10-05,CHILE,MAGALLANES,KARUKINKA,PUERTO ARTURO,HIGHTIDE,42,-54.06495833,-70.04545,,TG-6,MBON_P2P,,no,25x25cm,,AP14-15-16-18
AP140223.jpg,2024-10-05,CHILE,MAGALLANES,KARUKINKA,PUERTO ARTURO,HIGHTIDE,42,-54.06495833,-70.04545,,TG-6,MBON_P2P,,no,25x25cm,,AP14-15-16-18
AP140224.jpg,2024-10-05,CHILE,MAGALLANES,KARUKINKA,PUERTO ARTURO,HIGHTIDE,42,-54.06497167,-70.04543333,,TG-6,MBON_P2P,,no,25x25cm,,AP14-15-16-18
AP140225.jpg,2024-10-05,CHILE,MAGALLANES,KARUKINKA,PUERTO ARTURO,HIGHTIDE,42,-54.06497333,-70.04543167,,TG-6,MBON_P2P,,no,25x25cm,,AP14-15-16-18
AP140226.jpg,2024-10-05,CHILE,MAGALLANES,KARUKINKA,PUERTO ARTURO,HIGHTIDE,42,-54.06497667,-70.04543,,TG-6,MBON_P2P,,no,25x25cm,,AP14-15-16-18
AP140227.jpg,2024-10-05,CHILE,MAGALLANES,KARUKINKA,PUERTO ARTURO,HIGHTIDE,42,-54.06498,-70.04541333,,TG-6,MBON_P2P,,no,25x25cm,,AP14-15-16-18
AP140228.jpg,2024-10-05,CHILE,MAGALLANES,KARUKINKA,PUERTO ARTURO,HIGHTIDE,42,-54.06494667,-70.04542333,,TG-6,MBON_P2P,,no,25x25cm,,AP14-15-16-18
AP140229.jpg,2024-10-05,CHILE,MAGALLANES,KARUKINKA,PUERTO ARTURO,HIGHTIDE,42,-54.06494667,-70.04542333,,TG-6,MBON_P2P,,no,25x25cm,,AP14-15-16-18
AP140230.jpg,2024-10-05,CHILE,MAGALLANES,KARUKINKA,PUERTO ARTURO,HIGHTIDE,42,-54.06494833,-70.04542,,TG-6,MBON_P2P,,no,25x25cm,,AP14-15-16-18
AP140231.jpg,2024-10-05,CHILE,MAGALLANES,KARUKINKA,PUERTO ARTURO,HIGHTIDE,42,-54.06495,-70.04541833,,TG-6,MBON_P2P,,no,25x25cm,,AP14-15-16-18
AP140232.jpg,2024-10-05,CHILE,MAGALLANES,KARUKINKA,PUERTO ARTURO,HIGHTIDE,42,-54.06496167,-70.045405,,TG-6,MBON_P2P,,no,25x25cm,,AP14-15-16-18
AP140233.jpg,2024-10-05,CHILE,MAGALLANES,KARUKINKA,PUERTO ARTURO,HIGHTIDE,42,-54.06496333,-70.0454,,TG-6,MBON_P2P,,no,25x25cm,,AP14-15-16-18
AP140234.jpg,2024-10-05,CHILE,MAGALLANES,KARUKINKA,PUERTO ARTURO,HIGHTIDE,42,-54.064965,-70.0454,,TG-6,MBON_P2P,,no,25x25cm,,AP14-15-16-18
AP140235.jpg,2024-10-05,CHILE,MAGALLANES,KARUKINKA,PUERTO ARTURO,HIGHTIDE,42,-54.064965,-70.04539667,,TG-6,MBON_P2P,,no,25x25cm,,AP14-15-16-18
AP140236.jpg,2024-10-05,CHILE,MAGALLANES,KARUKINKA,PUERTO ARTURO,HIGHTIDE,42,-54.06496833,-70.045395,,TG-6,MBON_P2P,,no,25x25cm,,AP14-15-16-18
AP140237.jpg,2024-10-05,CHILE,MAGALLANES,KARUKINKA,PUERTO ARTURO,HIGHTIDE,42,-54.06498333,-70.045335,,TG-6,MBON_P2P,,no,25x25cm,,AP14-15-16-18
AP140238.jpg,2024-10-05,CHILE,MAGALLANES,KARUKINKA,PUERTO ARTURO,HIGHTIDE,42,-54.06527333,-70.04507833,,TG-6,MBON_P2P,,no,25x25cm,,AP14-15-16-18
AP140239.jpg,2024-10-05,CHILE,MAGALLANES,KARUKINKA,PUERTO ARTURO,HIGHTIDE,42,-54.06547833,-70.04472333,,TG-6,MBON_P2P,,no,25x25cm,,AP14-15-16-18
AP140240.jpg,2024-10-05,CHILE,MAGALLANES,KARUKINKA,PUERTO ARTURO,HIGHTIDE,42,-54.06549167,-70.044645,,TG-6,MBON_P2P,,no,25x25cm,,AP14-15-16-18
AP140241.jpg,2024-10-05,CHILE,MAGALLANES,KARUKINKA,PUERTO ARTURO,MIDTIDE,42,-54.06585833,-70.04428167,,TG-6,MBON_P2P,,no,25x25cm,,AP14-15-16-18
AP140242.jpg,2024-10-05,CHILE,MAGALLANES,KARUKINKA,PUERTO ARTURO,MIDTIDE,42,-54.06585167,-70.04427667,,TG-6,MBON_P2P,,no,25x25cm,,AP14-15-16-18
AP140243.jpg,2024-10-05,CHILE,MAGALLANES,KARUKINKA,PUERTO ARTURO,MIDTIDE,42,-54.06585167,-70.04427667,,TG-6,MBON_P2P,,no,25x25cm,,AP14-15-16-18
AP140244.jpg,2024-10-05,CHILE,MAGALLANES,KARUKINKA,PUERTO ARTURO,MIDTIDE,42,-54.06585,-70.04424667,,TG-6,MBON_P2P,,no,25x25cm,,AP14-15-16-18
AP140245.jpg,2024-10-05,CHILE,MAGALLANES,KARUKINKA,PUERTO ARTURO,MIDTIDE,42,-54.06584833,-70.04424667,,TG-6,MBON_P2P,,no,25x25cm,,AP14-15-16-18
AP140246.jpg,2024-10-05,CHILE,MAGALLANES,KARUKINKA,PUERTO ARTURO,MIDTIDE,42,-54.06584833,-70.04424667,,TG-6,MBON_P2P,,no,25x25cm,,AP14-15-16-18
AP140247.jpg,2024-10-05,CHILE,MAGALLANES,KARUKINKA,PUERTO ARTURO,MIDTIDE,42,-54.06582667,-70.04433667,,TG-6,MBON_P2P,,no,25x25cm,,AP14-15-16-18
AP140248.jpg,2024-10-05,CHILE,MAGALLANES,KARUKINKA,PUERTO ARTURO,MIDTIDE,42,-54.065825,-70.04434,,TG-6,MBON_P2P,,no,25x25cm,,AP14-15-16-18
AP140249.jpg,2024-10-05,CHILE,MAGALLANES,KARUKINKA,PUERTO ARTURO,MIDTIDE,42,-54.06581833,-70.044325,,TG-6,MBON_P2P,,no,25x25cm,,AP14-15-16-18
AP140250.jpg,2024-10-05,CHILE,MAGALLANES,KARUKINKA,PUERTO ARTURO,MIDTIDE,42,-54.0658,-70.04432667,,TG-6,MBON_P2P,,no,25x25cm,,AP14-15-16-18
AP140251.jpg,2024-10-05,CHILE,MAGALLANES,KARUKINKA,PUERTO ARTURO,MIDTIDE,42,-54.0657,-70.04454833,,TG-6,MBON_P2P,,no,25x25cm,,AP14-15-16-18
AP140252.jpg,2024-10-05,CHILE,MAGALLANES,KARUKINKA,PUERTO ARTURO,MIDTIDE,42,-54.06569,-70.04456333,,TG-6,MBON_P2P,,no,25x25cm,,AP14-15-16-18
AP140253.jpg,2024-10-05,CHILE,MAGALLANES,KARUKINKA,PUERTO ARTURO,MIDTIDE,42,-54.06568833,-70.044565,,TG-6,MBON_P2P,,no,25x25cm,,AP14-15-16-18
AP140254.jpg,2024-10-05,CHILE,MAGALLANES,KARUKINKA,PUERTO ARTURO,MIDTIDE,42,-54.06549333,-70.04492167,,TG-6,MBON_P2P,,no,25x25cm,,AP14-15-16-18
AP140255.jpg,2024-10-05,CHILE,MAGALLANES,KARUKINKA,PUERTO ARTURO,MIDTIDE,42,-54.06543333,-70.04498333,,TG-6,MBON_P2P,,no,25x25cm,,AP14-15-16-18
AP140256.jpg,2024-10-05,CHILE,MAGALLANES,KARUKINKA,PUERTO ARTURO,MIDTIDE,42,-54.06543167,-70.04498667,,TG-6,MBON_P2P,,no,25x25cm,,AP14-15-16-18
AP140257.jpg,2024-10-05,CHILE,MAGALLANES,KARUKINKA,PUERTO ARTURO,MIDTIDE,42,-54.06539,-70.04507167,,TG-6,MBON_P2P,,no,25x25cm,,AP14-15-16-18
AP140258.jpg,2024-10-05,CHILE,MAGALLANES,KARUKINKA,PUERTO ARTURO,MIDTIDE,42,-54.06538167,-70.04506833,,TG-6,MBON_P2P,,no,25x25cm,,AP14-15-16-18
AP140259.jpg,2024-10-05,CHILE,MAGALLANES,KARUKINKA,PUERTO ARTURO,MIDTIDE,42,-54.06538333,-70.04505,,TG-6,MBON_P2P,,no,25x25cm,,AP14-15-16-18
AP140260.jpg,2024-10-05,CHILE,MAGALLANES,KARUKINKA,PUERTO ARTURO,MIDTIDE,42,-54.06538667,-70.04506333,,TG-6,MBON_P2P,,no,25x25cm,,AP14-15-16-18
AP140261.jpg,2024-10-05,CHILE,MAGALLANES,KARUKINKA,PUERTO ARTURO,MIDTIDE,42,-54.065385,-70.04508333,,TG-6,MBON_P2P,,no,25x25cm,,AP14-15-16-18
AP140262.jpg,2024-10-05,CHILE,MAGALLANES,KARUKINKA,PUERTO ARTURO,MIDTIDE,42,-54.06527333,-70.04535667,,TG-6,MBON_P2P,,no,25x25cm,,AP14-15-16-18
AP140263.jpg,2024-10-05,CHILE,MAGALLANES,KARUKINKA,PUERTO ARTURO,MIDTIDE,42,-54.06527,-70.04536833,,TG-6,MBON_P2P,,no,25x25cm,,AP14-15-16-18
AP140264.jpg,2024-10-05,CHILE,MAGALLANES,KARUKINKA,PUERTO ARTURO,MIDTIDE,42,-54.06527,-70.04537,,TG-6,MBON_P2P,,no,25x25cm,,AP14-15-16-18
AP140265.jpg,2024-10-05,CHILE,MAGALLANES,KARUKINKA,PUERTO ARTURO,MIDTIDE,42,-54.06526833,-70.04537167,,TG-6,MBON_P2P,,no,25x25cm,,AP14-15-16-18
AP140266.jpg,2024-10-05,CHILE,MAGALLANES,KARUKINKA,PUERTO ARTURO,MIDTIDE,42,-54.06526667,-70.04537333,,TG-6,MBON_P2P,,no,25x25cm,,AP14-15-16-18
AP140267.jpg,2024-10-05,CHILE,MAGALLANES,KARUKINKA,PUERTO ARTURO,MIDTIDE,42,-54.06526667,-70.045375,,TG-6,MBON_P2P,,no,25x25cm,,AP14-15-16-18
AP140268.jpg,2024-10-05,CHILE,MAGALLANES,KARUKINKA,PUERTO ARTURO,MIDTIDE,42,-54.065265,-70.04537667,,TG-6,MBON_P2P,,no,25x25cm,,AP14-15-16-18
AP140269.jpg,2024-10-05,CHILE,MAGALLANES,KARUKINKA,PUERTO ARTURO,MIDTIDE,42,-54.06526833,-70.04538833,,TG-6,MBON_P2P,,no,25x25cm,,AP14-15-16-18
AP140270.jpg,2024-10-05,CHILE,MAGALLANES,KARUKINKA,PUERTO ARTURO,MIDTIDE,42,-54.06525667,-70.04540167,,TG-6,MBON_P2P,,no,25x25cm,,AP14-15-16-18
AP140271.jpg,2024-10-05,CHILE,MAGALLANES,KARUKINKA,PUERTO ARTURO,MIDTIDE,42,-54.065255,-70.045405,,TG-6,MBON_P2P,,no,25x25cm,,AP14-15-16-18
AP140272.jpg,2024-10-05,CHILE,MAGALLANES,KARUKINKA,PUERTO ARTURO,MIDTIDE,42,-54.06525333,-70.04540667,,TG-6,MBON_P2P,,no,25x25cm,,AP14-15-16-18
AP140273.jpg,2024-10-05,CHILE,MAGALLANES,KARUKINKA,PUERTO ARTURO,MIDTIDE,42,-54.06525333,-70.04540833,,TG-6,MBON_P2P,,no,25x25cm,,AP14-15-16-18
AP140274.jpg,2024-10-05,CHILE,MAGALLANES,KARUKINKA,PUERTO ARTURO,MIDTIDE,42,-54.06528,-70.04537667,,TG-6,MBON_P2P,,no,25x25cm,,AP14-15-16-18
AP140275.jpg,2024-10-05,CHILE,MAGALLANES,KARUKINKA,PUERTO ARTURO,MIDTIDE,42,-54.06527,-70.04539,,TG-6,MBON_P2P,,no,25x25cm,,AP14-15-16-18
AP140276.jpg,2024-10-05,CHILE,MAGALLANES,KARUKINKA,PUERTO ARTURO,MIDTIDE,42,-54.065315,-70.04544667,,TG-6,MBON_P2P,,no,25x25cm,,AP14-15-16-18
AP140277.jpg,2024-10-05,CHILE,MAGALLANES,KARUKINKA,PUERTO ARTURO,MIDTIDE,42,-54.06529333,-70.04545,,TG-6,MBON_P2P,,no,25x25cm,,AP14-15-16-18
AP140278.jpg,2024-10-05,CHILE,MAGALLANES,KARUKINKA,PUERTO ARTURO,MIDTIDE,42,-54.06529,-70.04545,,TG-6,MBON_P2P,,no,25x25cm,,AP14-15-16-18
AP140279.jpg,2024-10-05,CHILE,MAGALLANES,KARUKINKA,PUERTO ARTURO,MIDTIDE,42,-54.06529667,-70.04548333,,TG-6,MBON_P2P,,no,25x25cm,,AP14-15-16-18
AP140280.jpg,2024-10-05,CHILE,MAGALLANES,KARUKINKA,PUERTO ARTURO,MIDTIDE,42,-54.06529,-70.04548667,,TG-6,MBON_P2P,,no,25x25cm,,AP14-15-16-18
AP140281.jpg,2024-10-05,CHILE,MAGALLANES,KARUKINKA,PUERTO ARTURO,MIDTIDE,42,-54.06525833,-70.04552333,,TG-6,MBON_P2P,,no,25x25cm,,AP14-15-16-18
AP140282.jpg,2024-10-05,CHILE,MAGALLANES,KARUKINKA,PUERTO ARTURO,MIDTIDE,42,-54.06522667,-70.04554833,,TG-6,MBON_P2P,,no,25x25cm,,AP14-15-16-18
AP140283.jpg,2024-10-05,CHILE,MAGALLANES,KARUKINKA,PUERTO ARTURO,MIDTIDE,42,-54.06519833,-70.04555833,,TG-6,MBON_P2P,,no,25x25cm,,AP14-15-16-18
AP140284.jpg,2024-10-05,CHILE,MAGALLANES,KARUKINKA,PUERTO ARTURO,MIDTIDE,42,-54.06517833,-70.04554667,,TG-6,MBON_P2P,,no,25x25cm,,AP14-15-16-18
AP140285.jpg,2024-10-05,CHILE,MAGALLANES,KARUKINKA,PUERTO ARTURO,MIDTIDE,42,-54.065175,-70.04554667,,TG-6,MBON_P2P,,no,25x25cm,,AP14-15-16-18
AP140286.jpg,2024-10-05,CHILE,MAGALLANES,KARUKINKA,PUERTO ARTURO,MIDTIDE,42,-54.06517167,-70.04554833,,TG-6,MBON_P2P,,no,25x25cm,,AP14-15-16-18
AP140287.jpg,2024-10-05,CHILE,MAGALLANES,KARUKINKA,PUERTO ARTURO,MIDTIDE,42,-54.06515833,-70.045565,,TG-6,MBON_P2P,,no,25x25cm,,AP14-15-16-18
AP140288.jpg,2024-10-05,CHILE,MAGALLANES,KARUKINKA,PUERTO ARTURO,MIDTIDE,42,-54.06515333,-70.04556667,,TG-6,MBON_P2P,,no,25x25cm,,AP14-15-16-18
AP140289.jpg,2024-10-05,CHILE,MAGALLANES,KARUKINKA,PUERTO ARTURO,MIDTIDE,42,-54.06515,-70.04556833,,TG-6,MBON_P2P,,no,25x25cm,,AP14-15-16-18
AP140290.jpg,2024-10-05,CHILE,MAGALLANES,KARUKINKA,PUERTO ARTURO,MIDTIDE,42,-54.06514333,-70.045565,,TG-6,MBON_P2P,,no,25x25cm,,AP14-15-16-18
AP140291.jpg,2024-10-05,CHILE,MAGALLANES,KARUKINKA,PUERTO ARTURO,MIDTIDE,42,-54.06514,-70.04556667,,TG-6,MBON_P2P,,no,25x25cm,,AP14-15-16-18
AP140292.jpg,2024-10-05,CHILE,MAGALLANES,KARUKINKA,PUERTO ARTURO,LOWTIDE,42,-54.06512833,-70.04557167,,TG-6,MBON_P2P,,no,25x25cm,,AP14-15-16-18
AP140293.jpg,2024-10-05,CHILE,MAGALLANES,KARUKINKA,PUERTO ARTURO,LOWTIDE,42,-54.06512333,-70.04557833,,TG-6,MBON_P2P,,no,25x25cm,,AP14-15-16-18
AP140294.jpg,2024-10-05,CHILE,MAGALLANES,KARUKINKA,PUERTO ARTURO,LOWTIDE,42,-54.06512333,-70.04558,,TG-6,MBON_P2P,,no,25x25cm,,AP14-15-16-18
AP140295.jpg,2024-10-05,CHILE,MAGALLANES,KARUKINKA,PUERTO ARTURO,LOWTIDE,42,-54.06512167,-70.04558167,,TG-6,MBON_P2P,,no,25x25cm,,AP14-15-16-18
AP140296.jpg,2024-10-05,CHILE,MAGALLANES,KARUKINKA,PUERTO ARTURO,LOWTIDE,42,-54.06511667,-70.04557667,,TG-6,MBON_P2P,,no,25x25cm,,AP14-15-16-18
AP140297.jpg,2024-10-05,CHILE,MAGALLANES,KARUKINKA,PUERTO ARTURO,LOWTIDE,42,-54.065115,-70.04557667,,TG-6,MBON_P2P,,no,25x25cm,,AP14-15-16-18
AP140298.jpg,2024-10-05,CHILE,MAGALLANES,KARUKINKA,PUERTO ARTURO,LOWTIDE,42,-54.06511333,-70.04557833,,TG-6,MBON_P2P,,no,25x25cm,,AP14-15-16-18
AP140299.jpg,2024-10-05,CHILE,MAGALLANES,KARUKINKA,PUERTO ARTURO,LOWTIDE,42,-54.06511333,-70.04557833,,TG-6,MBON_P2P,,no,25x25cm,,AP14-15-16-18
AP140300.jpg,2024-10-05,CHILE,MAGALLANES,KARUKINKA,PUERTO ARTURO,LOWTIDE,42,-54.06511167,-70.04555833,,TG-6,MBON_P2P,,no,25x25cm,,AP14-15-16-18
AP140301.jpg,2024-10-05,CHILE,MAGALLANES,KARUKINKA,PUERTO ARTURO,LOWTIDE,42,-54.06512667,-70.045545,,TG-6,MBON_P2P,,no,25x25cm,,AP14-15-16-18
AP140302.jpg,2024-10-05,CHILE,MAGALLANES,KARUKINKA,PUERTO ARTURO,LOWTIDE,42,-54.065135,-70.04553333,,TG-6,MBON_P2P,,no,25x25cm,,AP14-15-16-18
AP140303.jpg,2024-10-05,CHILE,MAGALLANES,KARUKINKA,PUERTO ARTURO,LOWTIDE,42,-54.065125,-70.04553333,,TG-6,MBON_P2P,,no,25x25cm,,AP14-15-16-18
AP140304.jpg,2024-10-05,CHILE,MAGALLANES,KARUKINKA,PUERTO ARTURO,LOWTIDE,42,-54.06512,-70.04556,,TG-6,MBON_P2P,,no,25x25cm,,AP14-15-16-18
AP140305.jpg,2024-10-05,CHILE,MAGALLANES,KARUKINKA,PUERTO ARTURO,LOWTIDE,42,-54.065105,-70.045555,,TG-6,MBON_P2P,,no,25x25cm,,AP14-15-16-18
AP140306.jpg,2024-10-05,CHILE,MAGALLANES,KARUKINKA,PUERTO ARTURO,LOWTIDE,42,-54.06510333,-70.04555333,,TG-6,MBON_P2P,,no,25x25cm,,AP14-15-16-18
AP140307.jpg,2024-10-05,CHILE,MAGALLANES,KARUKINKA,PUERTO ARTURO,LOWTIDE,42,-54.06510333,-70.04555333,,TG-6,MBON_P2P,,no,25x25cm,,AP14-15-16-18
AP140308.jpg,2024-10-05,CHILE,MAGALLANES,KARUKINKA,PUERTO ARTURO,LOWTIDE,42,-54.06509667,-70.04558,,TG-6,MBON_P2P,,no,25x25cm,,AP14-15-16-18
AP140309.jpg,2024-10-05,CHILE,MAGALLANES,KARUKINKA,PUERTO ARTURO,LOWTIDE,42,-54.06509667,-70.04558,,TG-6,MBON_P2P,,no,25x25cm,,AP14-15-16-18
AP140310.jpg,2024-10-05,CHILE,MAGALLANES,KARUKINKA,PUERTO ARTURO,LOWTIDE,42,-54.06509667,-70.04558,,TG-6,MBON_P2P,,no,25x25cm,,AP14-15-16-18
AP140311.jpg,2024-10-05,CHILE,MAGALLANES,KARUKINKA,PUERTO ARTURO,LOWTIDE,42,-54.06509667,-70.04557833,,TG-6,MBON_P2P,,no,25x25cm,,AP14-15-16-18
AP140312.jpg,2024-10-05,CHILE,MAGALLANES,KARUKINKA,PUERTO ARTURO,LOWTIDE,42,-54.06509667,-70.045575,,TG-6,MBON_P2P,,no,25x25cm,,AP14-15-16-18
AP140313.jpg,2024-10-05,CHILE,MAGALLANES,KARUKINKA,PUERTO ARTURO,LOWTIDE,42,-54.06509667,-70.04557167,,TG-6,MBON_P2P,,no,25x25cm,,AP14-15-16-18
AP140314.jpg,2024-10-05,CHILE,MAGALLANES,KARUKINKA,PUERTO ARTURO,LOWTIDE,42,-54.06509667,-70.04557,,TG-6,MBON_P2P,,no,25x25cm,,AP14-15-16-18
AP140315.jpg,2024-10-05,CHILE,MAGALLANES,KARUKINKA,PUERTO ARTURO,LOWTIDE,42,-54.06509833,-70.04556833,,TG-6,MBON_P2P,,no,25x25cm,,AP14-15-16-18
AP140316.jpg,2024-10-05,CHILE,MAGALLANES,KARUKINKA,PUERTO ARTURO,LOWTIDE,42,-54.06509833,-70.04556833,,TG-6,MBON_P2P,,no,25x25cm,,AP14-15-16-18
AP140317.jpg,2024-10-05,CHILE,MAGALLANES,KARUKINKA,PUERTO ARTURO,LOWTIDE,42,-54.06509833,-70.04556833,,TG-6,MBON_P2P,,no,25x25cm,,AP14-15-16-18
AP140318.jpg,2024-10-05,CHILE,MAGALLANES,KARUKINKA,PUERTO ARTURO,LOWTIDE,42,-54.06509833,-70.04556833,,TG-6,MBON_P2P,,no,25x25cm,,AP14-15-16-18
AP140319.jpg,2024-10-05,CHILE,MAGALLANES,KARUKINKA,PUERTO ARTURO,LOWTIDE,42,-54.06509833,-70.04556667,,TG-6,MBON_P2P,,no,25x25cm,,AP14-15-16-18
AP140320.jpg,2024-10-05,CHILE,MAGALLANES,KARUKINKA,PUERTO ARTURO,LOWTIDE,42,-54.06509833,-70.04556667,,TG-6,MBON_P2P,,no,25x25cm,,AP14-15-16-18
AP140321.jpg,2024-10-05,CHILE,MAGALLANES,KARUKINKA,PUERTO ARTURO,LOWTIDE,42,-54.06509833,-70.04556667,,TG-6,MBON_P2P,,no,25x25cm,,AP14-15-16-18
AP140322.jpg,2024-10-05,CHILE,MAGALLANES,KARUKINKA,PUERTO ARTURO,LOWTIDE,42,-54.06509833,-70.045565,,TG-6,MBON_P2P,,no,25x25cm,,AP14-15-16-18
AP140323.jpg,2024-10-05,CHILE,MAGALLANES,KARUKINKA,PUERTO ARTURO,LOWTIDE,42,-54.06509833,-70.04556333,,TG-6,MBON_P2P,,no,25x25cm,,AP14-15-16-18
AP140324.jpg,2024-10-05,CHILE,MAGALLANES,KARUKINKA,PUERTO ARTURO,LOWTIDE,42,-54.06509833,-70.04556333,,TG-6,MBON_P2P,,no,25x25cm,,AP14-15-16-18
AP140325.jpg,2024-10-05,CHILE,MAGALLANES,KARUKINKA,PUERTO ARTURO,LOWTIDE,42,-54.0651,-70.04555833,,TG-6,MBON_P2P,,no,25x25cm,,AP14-15-16-18
AP140326.jpg,2024-10-05,CHILE,MAGALLANES,KARUKINKA,PUERTO ARTURO,LOWTIDE,42,-54.0651,-70.04555833,,TG-6,MBON_P2P,,no,25x25cm,,AP14-15-16-18
AP140327.jpg,2024-10-05,CHILE,MAGALLANES,KARUKINKA,PUERTO ARTURO,LOWTIDE,42,-54.0651,-70.04555833,,TG-6,MBON_P2P,,no,25x25cm,,AP14-15-16-18
AP140328.jpg,2024-10-05,CHILE,MAGALLANES,KARUKINKA,PUERTO ARTURO,LOWTIDE,42,-54.0651,-70.04555667,,TG-6,MBON_P2P,,no,25x25cm,,AP14-15-16-18
AP140329.jpg,2024-10-05,CHILE,MAGALLANES,KARUKINKA,PUERTO ARTURO,LOWTIDE,42,-54.0651,-70.045555,,TG-6,MBON_P2P,,no,25x25cm,,AP14-15-16-18
AP140330.jpg,2024-10-05,CHILE,MAGALLANES,KARUKINKA,PUERTO ARTURO,LOWTIDE,42,-54.06512333,-70.04555333,,TG-6,MBON_P2P,,no,25x25cm,,AP14-15-16-18
AP140331.jpg,2024-10-05,CHILE,MAGALLANES,KARUKINKA,PUERTO ARTURO,LOWTIDE,42,-54.06512333,-70.04555,,TG-6,MBON_P2P,,no,25x25cm,,AP14-15-16-18
AP140332.jpg,2024-10-05,CHILE,MAGALLANES,KARUKINKA,PUERTO ARTURO,LOWTIDE,42,-54.06512333,-70.04554833,,TG-6,MBON_P2P,,no,25x25cm,,AP14-15-16-18
AP140333.jpg,2024-10-05,CHILE,MAGALLANES,KARUKINKA,PUERTO ARTURO,LOWTIDE,42,-54.06511833,-70.04553167,,TG-6,MBON_P2P,,no,25x25cm,,AP14-15-16-18
AP140334.jpg,2024-10-05,CHILE,MAGALLANES,KARUKINKA,PUERTO ARTURO,LOWTIDE,42,-54.06511833,-70.04553167,,TG-6,MBON_P2P,,no,25x25cm,,AP14-15-16-18
AP140335.jpg,2024-10-05,CHILE,MAGALLANES,KARUKINKA,PUERTO ARTURO,LOWTIDE,42,-54.06511833,-70.04553167,,TG-6,MBON_P2P,,no,25x25cm,,AP14-15-16-18
AP140336.jpg,2024-10-05,CHILE,MAGALLANES,KARUKINKA,PUERTO ARTURO,LOWTIDE,42,-54.06512,-70.04553,,TG-6,MBON_P2P,,no,25x25cm,,AP14-15-16-18
AP140337.jpg,2024-10-05,CHILE,MAGALLANES,KARUKINKA,PUERTO ARTURO,LOWTIDE,42,-54.06512,-70.04552833,,TG-6,MBON_P2P,,no,25x25cm,,AP14-15-16-18
AP140338.jpg,2024-10-05,CHILE,MAGALLANES,KARUKINKA,PUERTO ARTURO,LOWTIDE,42,-54.06512,-70.04552667,,TG-6,MBON_P2P,,no,25x25cm,,AP14-15-16-18
AP140339.jpg,2024-10-05,CHILE,MAGALLANES,KARUKINKA,PUERTO ARTURO,LOWTIDE,42,-54.065135,-70.04554333,,TG-6,MBON_P2P,,no,25x25cm,,AP14-15-16-18
AP140340.jpg,2024-10-05,CHILE,MAGALLANES,KARUKINKA,PUERTO ARTURO,LOWTIDE,42,-54.065135,-70.04554167,,TG-6,MBON_P2P,,no,25x25cm,,AP14-15-16-18
AP140341.jpg,2024-10-05,CHILE,MAGALLANES,KARUKINKA,PUERTO ARTURO,LOWTIDE,42,-54.06513667,-70.04553833,,TG-6,MBON_P2P,,no,25x25cm,,AP14-15-16-18
AP140342.jpg,2024-10-05,CHILE,MAGALLANES,KARUKINKA,PUERTO ARTURO,LOWTIDE,42,-54.06513667,-70.04553667,,TG-6,MBON_P2P,,no,25x25cm,,AP14-15-16-18
AP140346.jpg,2024-10-05,CHILE,MAGALLANES,KARUKINKA,PUERTO ARTURO NORTE,LOWTIDE,42,-54.054695,-70.04362667,,TG-6,MBON_P2P,,no,25x25cm,,AP14-15-16-18
AP140347.jpg,2024-10-05,CHILE,MAGALLANES,KARUKINKA,PUERTO ARTURO NORTE,LOWTIDE,42,-54.05470833,-70.043635,,TG-6,MBON_P2P,,no,25x25cm,,AP14-15-16-18
AP140348.jpg,2024-10-05,CHILE,MAGALLANES,KARUKINKA,PUERTO ARTURO NORTE,LOWTIDE,42,-54.05470833,-70.043635,,TG-6,MBON_P2P,,no,25x25cm,,AP14-15-16-18
AP140349.jpg,2024-10-05,CHILE,MAGALLANES,KARUKINKA,PUERTO ARTURO NORTE,LOWTIDE,42,-54.05471833,-70.04364333,,TG-6,MBON_P2P,,no,25x25cm,,AP14-15-16-18
AP140350.jpg,2024-10-05,CHILE,MAGALLANES,KARUKINKA,PUERTO ARTURO NORTE,LOWTIDE,42,-54.05471667,-70.04364667,,TG-6,MBON_P2P,,no,25x25cm,,AP14-15-16-18
AP140351.jpg,2024-10-05,CHILE,MAGALLANES,KARUKINKA,PUERTO ARTURO NORTE,LOWTIDE,42,-54.05471667,-70.043645,,TG-6,MBON_P2P,,no,25x25cm,,AP14-15-16-18
AP140352.jpg,2024-10-05,CHILE,MAGALLANES,KARUKINKA,PUERTO ARTURO NORTE,LOWTIDE,42,-54.05467833,-70.04379333,,TG-6,MBON_P2P,,no,25x25cm,,AP14-15-16-18
AP140353.jpg,2024-10-05,CHILE,MAGALLANES,KARUKINKA,PUERTO ARTURO NORTE,LOWTIDE,42,-54.05467833,-70.04379667,,TG-6,MBON_P2P,,no,25x25cm,,AP14-15-16-18
AP140354.jpg,2024-10-05,CHILE,MAGALLANES,KARUKINKA,PUERTO ARTURO NORTE,LOWTIDE,42,-54.05467333,-70.04379833,,TG-6,MBON_P2P,,no,25x25cm,,AP14-15-16-18
AP140355.jpg,2024-10-05,CHILE,MAGALLANES,KARUKINKA,PUERTO ARTURO NORTE,LOWTIDE,42,-54.05467167,-70.04380833,,TG-6,MBON_P2P,,no,25x25cm,,AP14-15-16-18
AP140356.jpg,2024-10-05,CHILE,MAGALLANES,KARUKINKA,PUERTO ARTURO NORTE,LOWTIDE,42,-54.05466167,-70.04381833,,TG-6,MBON_P2P,,no,25x25cm,,AP14-15-16-18
AP140357.jpg,2024-10-05,CHILE,MAGALLANES,KARUKINKA,PUERTO ARTURO NORTE,LOWTIDE,42,-54.05465667,-70.04384,,TG-6,MBON_P2P,,no,25x25cm,,AP14-15-16-18
AP140358.jpg,2024-10-05,CHILE,MAGALLANES,KARUKINKA,PUERTO ARTURO NORTE,LOWTIDE,42,-54.05464667,-70.04383833,,TG-6,MBON_P2P,,no,25x25cm,,AP14-15-16-18
AP140359.jpg,2024-10-05,CHILE,MAGALLANES,KARUKINKA,PUERTO ARTURO NORTE,LOWTIDE,42,-54.05462667,-70.04384667,,TG-6,MBON_P2P,,no,25x25cm,,AP14-15-16-18
AP140360.jpg,2024-10-05,CHILE,MAGALLANES,KARUKINKA,PUERTO ARTURO NORTE,LOWTIDE,42,-54.05462333,-70.04385333,,TG-6,MBON_P2P,,no,25x25cm,,AP14-15-16-18
AP140361.jpg,2024-10-05,CHILE,MAGALLANES,KARUKINKA,PUERTO ARTURO NORTE,LOWTIDE,42,-54.05461333,-70.043925,,TG-6,MBON_P2P,,no,25x25cm,,AP14-15-16-18
AP140362.jpg,2024-10-05,CHILE,MAGALLANES,KARUKINKA,PUERTO ARTURO NORTE,LOWTIDE,42,-54.054545,-70.04401833,,TG-6,MBON_P2P,,no,25x25cm,,AP14-15-16-18
AP140363.jpg,2024-10-05,CHILE,MAGALLANES,KARUKINKA,PUERTO ARTURO NORTE,LOWTIDE,42,-54.054555,-70.04404667,,TG-6,MBON_P2P,,no,25x25cm,,AP14-15-16-18
AP140364.jpg,2024-10-05,CHILE,MAGALLANES,KARUKINKA,PUERTO ARTURO NORTE,LOWTIDE,42,-54.05448833,-70.04412667,,TG-6,MBON_P2P,,no,25x25cm,,AP14-15-16-18
AP140365.jpg,2024-10-05,CHILE,MAGALLANES,KARUKINKA,PUERTO ARTURO NORTE,LOWTIDE,42,-54.05441333,-70.04419,,TG-6,MBON_P2P,,no,25x25cm,,AP14-15-16-18
AP140366.jpg,2024-10-05,CHILE,MAGALLANES,KARUKINKA,PUERTO ARTURO NORTE,LOWTIDE,42,-54.05438833,-70.04421,,TG-6,MBON_P2P,,no,25x25cm,,AP14-15-16-18
AP140367.jpg,2024-10-05,CHILE,MAGALLANES,KARUKINKA,PUERTO ARTURO NORTE,LOWTIDE,42,-54.05438167,-70.044205,,TG-6,MBON_P2P,,no,25x25cm,,AP14-15-16-18
AP140368.jpg,2024-10-05,CHILE,MAGALLANES,KARUKINKA,PUERTO ARTURO NORTE,LOWTIDE,42,-54.054365,-70.04419667,,TG-6,MBON_P2P,,no,25x25cm,,AP14-15-16-18
AP140369.jpg,2024-10-05,CHILE,MAGALLANES,KARUKINKA,PUERTO ARTURO NORTE,LOWTIDE,42,-54.05433667,-70.044215,,TG-6,MBON_P2P,,no,25x25cm,,AP14-15-16-18
AP140370.jpg,2024-10-05,CHILE,MAGALLANES,KARUKINKA,PUERTO ARTURO NORTE,LOWTIDE,42,-54.05433167,-70.04422,,TG-6,MBON_P2P,,no,25x25cm,,AP14-15-16-18
AP140371.jpg,2024-10-05,CHILE,MAGALLANES,KARUKINKA,PUERTO ARTURO NORTE,LOWTIDE,42,-54.05432833,-70.04423333,,TG-6,MBON_P2P,,no,25x25cm,,AP14-15-16-18
AP140372.jpg,2024-10-05,CHILE,MAGALLANES,KARUKINKA,PUERTO ARTURO NORTE,LOWTIDE,42,-54.054335,-70.04421333,,TG-6,MBON_P2P,,no,25x25cm,,AP14-15-16-18
AP140373.jpg,2024-10-05,CHILE,MAGALLANES,KARUKINKA,PUERTO ARTURO NORTE,LOWTIDE,42,-54.05433167,-70.04421833,,TG-6,MBON_P2P,,no,25x25cm,,AP14-15-16-18
AP140374.jpg,2024-10-05,CHILE,MAGALLANES,KARUKINKA,PUERTO ARTURO NORTE,LOWTIDE,42,-54.05432333,-70.04418833,,TG-6,MBON_P2P,,no,25x25cm,,AP14-15-16-18
AP140375.jpg,2024-10-05,CHILE,MAGALLANES,KARUKINKA,PUERTO ARTURO NORTE,LOWTIDE,42,-54.05431,-70.044205,,TG-6,MBON_P2P,,no,25x25cm,,AP14-15-16-18
AP140376.jpg,2024-10-05,CHILE,MAGALLANES,KARUKINKA,PUERTO ARTURO NORTE,LOWTIDE,42,-54.05430667,-70.04420833,,TG-6,MBON_P2P,,no,25x25cm,,AP14-15-16-18
AP140377.jpg,2024-10-05,CHILE,MAGALLANES,KARUKINKA,PUERTO ARTURO NORTE,LOWTIDE,42,-54.05430333,-70.04421333,,TG-6,MBON_P2P,,no,25x25cm,,AP14-15-16-18
AP140378.jpg,2024-10-05,CHILE,MAGALLANES,KARUKINKA,PUERTO ARTURO NORTE,LOWTIDE,42,-54.054285,-70.04421,,TG-6,MBON_P2P,,no,25x25cm,,AP14-15-16-18
AP140379.jpg,2024-10-05,CHILE,MAGALLANES,KARUKINKA,PUERTO ARTURO NORTE,LOWTIDE,42,-54.05428,-70.04421333,,TG-6,MBON_P2P,,no,25x25cm,,AP14-15-16-18
AP140380.jpg,2024-10-05,CHILE,MAGALLANES,KARUKINKA,PUERTO ARTURO NORTE,LOWTIDE,42,-54.05427667,-70.044215,,TG-6,MBON_P2P,,no,25x25cm,,AP14-15-16-18
AP140381.jpg,2024-10-05,CHILE,MAGALLANES,KARUKINKA,PUERTO ARTURO NORTE,LOWTIDE,42,-54.05427167,-70.04422,,TG-6,MBON_P2P,,no,25x25cm,,AP14-15-16-18
AP140382.jpg,2024-10-05,CHILE,MAGALLANES,KARUKINKA,PUERTO ARTURO NORTE,LOWTIDE,42,-54.05426833,-70.04422667,,TG-6,MBON_P2P,,no,25x25cm,,AP14-15-16-18
AP140383.jpg,2024-10-05,CHILE,MAGALLANES,KARUKINKA,PUERTO ARTURO NORTE,LOWTIDE,42,-54.054255,-70.04419,,TG-6,MBON_P2P,,no,25x25cm,,AP14-15-16-18
AP140384.jpg,2024-10-05,CHILE,MAGALLANES,KARUKINKA,PUERTO ARTURO NORTE,LOWTIDE,42,-54.05425167,-70.04419167,,TG-6,MBON_P2P,,no,25x25cm,,AP14-15-16-18
AP140385.jpg,2024-10-05,CHILE,MAGALLANES,KARUKINKA,PUERTO ARTURO NORTE,LOWTIDE,42,-54.05424667,-70.04419667,,TG-6,MBON_P2P,,no,25x25cm,,AP14-15-16-18
AP140386.jpg,2024-10-05,CHILE,MAGALLANES,KARUKINKA,PUERTO ARTURO NORTE,LOWTIDE,42,-54.05423167,-70.04419833,,TG-6,MBON_P2P,,no,25x25cm,,AP14-15-16-18
AP140387.jpg,2024-10-05,CHILE,MAGALLANES,KARUKINKA,PUERTO ARTURO NORTE,LOWTIDE,42,-54.05419333,-70.044265,,TG-6,MBON_P2P,,no,25x25cm,,AP14-15-16-18
AP140388.jpg,2024-10-05,CHILE,MAGALLANES,KARUKINKA,PUERTO ARTURO NORTE,LOWTIDE,42,-54.05417,-70.04428833,,TG-6,MBON_P2P,,no,25x25cm,,AP14-15-16-18
AP140389.jpg,2024-10-05,CHILE,MAGALLANES,KARUKINKA,PUERTO ARTURO NORTE,LOWTIDE,42,-54.05416667,-70.04429167,,TG-6,MBON_P2P,,no,25x25cm,,AP14-15-16-18
AP140390.jpg,2024-10-05,CHILE,MAGALLANES,KARUKINKA,PUERTO ARTURO NORTE,LOWTIDE,42,-54.05416333,-70.04429333,,TG-6,MBON_P2P,,no,25x25cm,,AP14-15-16-18
AP140391.jpg,2024-10-05,CHILE,MAGALLANES,KARUKINKA,PUERTO ARTURO NORTE,LOWTIDE,42,-54.05415833,-70.044295,,TG-6,MBON_P2P,,no,25x25cm,,AP14-15-16-18
AP140392.jpg,2024-10-05,CHILE,MAGALLANES,KARUKINKA,PUERTO ARTURO NORTE,LOWTIDE,42,-54.05415,-70.04429833,,TG-6,MBON_P2P,,no,25x25cm,,AP14-15-16-18
AP140393.jpg,2024-10-05,CHILE,MAGALLANES,KARUKINKA,PUERTO ARTURO NORTE,LOWTIDE,42,-54.05413667,-70.04430167,,TG-6,MBON_P2P,,no,25x25cm,,AP14-15-16-18
AP140394.jpg,2024-10-05,CHILE,MAGALLANES,KARUKINKA,PUERTO ARTURO NORTE,LOWTIDE,42,-54.05412333,-70.044315,,TG-6,MBON_P2P,,no,25x25cm,,AP14-15-16-18
AP140395.jpg,2024-10-05,CHILE,MAGALLANES,KARUKINKA,PUERTO ARTURO NORTE,LOWTIDE,42,-54.05411833,-70.04431667,,TG-6,MBON_P2P,,no,25x25cm,,AP14-15-16-18
AP140396.jpg,2024-10-05,CHILE,MAGALLANES,KARUKINKA,PUERTO ARTURO NORTE,LOWTIDE,42,-54.05411,-70.04431667,,TG-6,MBON_P2P,,no,25x25cm,,AP14-15-16-18
AP140397.jpg,2024-10-05,CHILE,MAGALLANES,KARUKINKA,PUERTO ARTURO NORTE,MIDTIDE,42,-54.05407667,-70.04431833,,TG-6,MBON_P2P,,no,25x25cm,,AP14-15-16-18
AP140398.jpg,2024-10-05,CHILE,MAGALLANES,KARUKINKA,PUERTO ARTURO NORTE,MIDTIDE,42,-54.05407167,-70.04431667,,TG-6,MBON_P2P,,no,25x25cm,,AP14-15-16-18
AP140399.jpg,2024-10-05,CHILE,MAGALLANES,KARUKINKA,PUERTO ARTURO NORTE,MIDTIDE,42,-54.05407167,-70.04431667,,TG-6,MBON_P2P,,no,25x25cm,,AP14-15-16-18
AP140400.jpg,2024-10-05,CHILE,MAGALLANES,KARUKINKA,PUERTO ARTURO NORTE,MIDTIDE,42,-54.05405833,-70.04431333,,TG-6,MBON_P2P,,no,25x25cm,,AP14-15-16-18
AP140401.jpg,2024-10-05,CHILE,MAGALLANES,KARUKINKA,PUERTO ARTURO NORTE,MIDTIDE,42,-54.05405667,-70.04431167,,TG-6,MBON_P2P,,no,25x25cm,,AP14-15-16-18
AP140402.jpg,2024-10-05,CHILE,MAGALLANES,KARUKINKA,PUERTO ARTURO NORTE,MIDTIDE,42,-54.054055,-70.04431167,,TG-6,MBON_P2P,,no,25x25cm,,AP14-15-16-18
AP140403.jpg,2024-10-05,CHILE,MAGALLANES,KARUKINKA,PUERTO ARTURO NORTE,MIDTIDE,42,-54.05405667,-70.04429667,,TG-6,MBON_P2P,,no,25x25cm,,AP14-15-16-18
AP140404.jpg,2024-10-05,CHILE,MAGALLANES,KARUKINKA,PUERTO ARTURO NORTE,MIDTIDE,42,-54.05407333,-70.04429167,,TG-6,MBON_P2P,,no,25x25cm,,AP14-15-16-18
AP140405.jpg,2024-10-05,CHILE,MAGALLANES,KARUKINKA,PUERTO ARTURO NORTE,MIDTIDE,42,-54.05404333,-70.04429,,TG-6,MBON_P2P,,no,25x25cm,,AP14-15-16-18
AP140406.jpg,2024-10-05,CHILE,MAGALLANES,KARUKINKA,PUERTO ARTURO NORTE,MIDTIDE,42,-54.05402667,-70.04428833,,TG-6,MBON_P2P,,no,25x25cm,,AP14-15-16-18
AP140407.jpg,2024-10-05,CHILE,MAGALLANES,KARUKINKA,PUERTO ARTURO NORTE,MIDTIDE,42,-54.054,-70.04429833,,TG-6,MBON_P2P,,no,25x25cm,,AP14-15-16-18
AP140408.jpg,2024-10-05,CHILE,MAGALLANES,KARUKINKA,PUERTO ARTURO NORTE,MIDTIDE,42,-54.054005,-70.04430333,,TG-6,MBON_P2P,,no,25x25cm,,AP14-15-16-18
AP140409.jpg,2024-10-05,CHILE,MAGALLANES,KARUKINKA,PUERTO ARTURO NORTE,MIDTIDE,42,-54.054035,-70.04430167,,TG-6,MBON_P2P,,no,25x25cm,,AP14-15-16-18
AP140410.jpg,2024-10-05,CHILE,MAGALLANES,KARUKINKA,PUERTO ARTURO NORTE,MIDTIDE,42,-54.05403333,-70.04430167,,TG-6,MBON_P2P,,no,25x25cm,,AP14-15-16-18
AP140411.jpg,2024-10-05,CHILE,MAGALLANES,KARUKINKA,PUERTO ARTURO NORTE,MIDTIDE,42,-54.05403667,-70.04432,,TG-6,MBON_P2P,,no,25x25cm,,AP14-15-16-18
AP140412.jpg,2024-10-05,CHILE,MAGALLANES,KARUKINKA,PUERTO ARTURO NORTE,MIDTIDE,42,-54.05403333,-70.04432,,TG-6,MBON_P2P,,no,25x25cm,,AP14-15-16-18
AP140413.jpg,2024-10-05,CHILE,MAGALLANES,KARUKINKA,PUERTO ARTURO NORTE,MIDTIDE,42,-54.05403333,-70.04432,,TG-6,MBON_P2P,,no,25x25cm,,AP14-15-16-18
AP140414.jpg,2024-10-05,CHILE,MAGALLANES,KARUKINKA,PUERTO ARTURO NORTE,MIDTIDE,42,-54.054035,-70.04433,,TG-6,MBON_P2P,,no,25x25cm,,AP14-15-16-18
AP140415.jpg,2024-10-05,CHILE,MAGALLANES,KARUKINKA,PUERTO ARTURO NORTE,MIDTIDE,42,-54.05404,-70.04435167,,TG-6,MBON_P2P,,no,25x25cm,,AP14-15-16-18
AP140416.jpg,2024-10-05,CHILE,MAGALLANES,KARUKINKA,PUERTO ARTURO NORTE,MIDTIDE,42,-54.05403833,-70.04435167,,TG-6,MBON_P2P,,no,25x25cm,,AP14-15-16-18
AP140417.jpg,2024-10-05,CHILE,MAGALLANES,KARUKINKA,PUERTO ARTURO NORTE,MIDTIDE,42,-54.05403833,-70.04435167,,TG-6,MBON_P2P,,no,25x25cm,,AP14-15-16-18
AP140418.jpg,2024-10-05,CHILE,MAGALLANES,KARUKINKA,PUERTO ARTURO NORTE,MIDTIDE,42,-54.05403667,-70.04435167,,TG-6,MBON_P2P,,no,25x25cm,,AP14-15-16-18
AP140419.jpg,2024-10-05,CHILE,MAGALLANES,KARUKINKA,PUERTO ARTURO NORTE,MIDTIDE,42,-54.054035,-70.04435167,,TG-6,MBON_P2P,,no,25x25cm,,AP14-15-16-18
AP140420.jpg,2024-10-05,CHILE,MAGALLANES,KARUKINKA,PUERTO ARTURO NORTE,MIDTIDE,42,-54.054035,-70.04435333,,TG-6,MBON_P2P,,no,25x25cm,,AP14-15-16-18
AP140421.jpg,2024-10-05,CHILE,MAGALLANES,KARUKINKA,PUERTO ARTURO NORTE,MIDTIDE,42,-54.054025,-70.044355,,TG-6,MBON_P2P,,no,25x25cm,,AP14-15-16-18
AP140422.jpg,2024-10-05,CHILE,MAGALLANES,KARUKINKA,PUERTO ARTURO NORTE,MIDTIDE,42,-54.05404833,-70.04437667,,TG-6,MBON_P2P,,no,25x25cm,,AP14-15-16-18
AP140423.jpg,2024-10-05,CHILE,MAGALLANES,KARUKINKA,PUERTO ARTURO NORTE,MIDTIDE,42,-54.05402167,-70.04438,,TG-6,MBON_P2P,,no,25x25cm,,AP14-15-16-18
AP140424.jpg,2024-10-05,CHILE,MAGALLANES,KARUKINKA,PUERTO ARTURO NORTE,MIDTIDE,42,-54.05401833,-70.04438,,TG-6,MBON_P2P,,no,25x25cm,,AP14-15-16-18
AP140425.jpg,2024-10-05,CHILE,MAGALLANES,KARUKINKA,PUERTO ARTURO NORTE,MIDTIDE,42,-54.05401333,-70.04436333,,TG-6,MBON_P2P,,no,25x25cm,,AP14-15-16-18
AP140426.jpg,2024-10-05,CHILE,MAGALLANES,KARUKINKA,PUERTO ARTURO NORTE,MIDTIDE,42,-54.05401167,-70.04436333,,TG-6,MBON_P2P,,no,25x25cm,,AP14-15-16-18
AP140427.jpg,2024-10-05,CHILE,MAGALLANES,KARUKINKA,PUERTO ARTURO NORTE,MIDTIDE,42,-54.05401167,-70.04436333,,TG-6,MBON_P2P,,no,25x25cm,,AP14-15-16-18
AP140428.jpg,2024-10-05,CHILE,MAGALLANES,KARUKINKA,PUERTO ARTURO NORTE,MIDTIDE,42,-54.054015,-70.04435167,,TG-6,MBON_P2P,,no,25x25cm,,AP14-15-16-18
AP140429.jpg,2024-10-05,CHILE,MAGALLANES,KARUKINKA,PUERTO ARTURO NORTE,MIDTIDE,42,-54.054015,-70.04435167,,TG-6,MBON_P2P,,no,25x25cm,,AP14-15-16-18
AP140430.jpg,2024-10-05,CHILE,MAGALLANES,KARUKINKA,PUERTO ARTURO NORTE,MIDTIDE,42,-54.054015,-70.04435167,,TG-6,MBON_P2P,,no,25x25cm,,AP14-15-16-18
AP140431.jpg,2024-10-05,CHILE,MAGALLANES,KARUKINKA,PUERTO ARTURO NORTE,MIDTIDE,42,-54.054015,-70.04435167,,TG-6,MBON_P2P,,no,25x25cm,,AP14-15-16-18
AP140432.jpg,2024-10-05,CHILE,MAGALLANES,KARUKINKA,PUERTO ARTURO NORTE,MIDTIDE,42,-54.05401667,-70.04435167,,TG-6,MBON_P2P,,no,25x25cm,,AP14-15-16-18
AP140433.jpg,2024-10-05,CHILE,MAGALLANES,KARUKINKA,PUERTO ARTURO NORTE,MIDTIDE,42,-54.05401667,-70.04435,,TG-6,MBON_P2P,,no,25x25cm,,AP14-15-16-18
AP140434.jpg,2024-10-05,CHILE,MAGALLANES,KARUKINKA,PUERTO ARTURO NORTE,MIDTIDE,42,-54.054035,-70.04433667,,TG-6,MBON_P2P,,no,25x25cm,,AP14-15-16-18
AP140435.jpg,2024-10-05,CHILE,MAGALLANES,KARUKINKA,PUERTO ARTURO NORTE,MIDTIDE,42,-54.054035,-70.04433667,,TG-6,MBON_P2P,,no,25x25cm,,AP14-15-16-18
AP140436.jpg,2024-10-05,CHILE,MAGALLANES,KARUKINKA,PUERTO ARTURO NORTE,MIDTIDE,42,-54.05403667,-70.04433667,,TG-6,MBON_P2P,,no,25x25cm,,AP14-15-16-18
AP140437.jpg,2024-10-05,CHILE,MAGALLANES,KARUKINKA,PUERTO ARTURO NORTE,MIDTIDE,42,-54.05403667,-70.04433667,,TG-6,MBON_P2P,,no,25x25cm,,AP14-15-16-18
AP140438.jpg,2024-10-05,CHILE,MAGALLANES,KARUKINKA,PUERTO ARTURO NORTE,MIDTIDE,42,-54.05403667,-70.04433667,,TG-6,MBON_P2P,,no,25x25cm,,AP14-15-16-18
AP140439.jpg,2024-10-05,CHILE,MAGALLANES,KARUKINKA,PUERTO ARTURO NORTE,MIDTIDE,42,-54.05403667,-70.04433667,,TG-6,MBON_P2P,,no,25x25cm,,AP14-15-16-18
AP140440.jpg,2024-10-05,CHILE,MAGALLANES,KARUKINKA,PUERTO ARTURO NORTE,MIDTIDE,42,-54.05405833,-70.04435167,,TG-6,MBON_P2P,,no,25x25cm,,AP14-15-16-18
AP140441.jpg,2024-10-05,CHILE,MAGALLANES,KARUKINKA,PUERTO ARTURO NORTE,MIDTIDE,42,-54.05406,-70.04435167,,TG-6,MBON_P2P,,no,25x25cm,,AP14-15-16-18
AP140442.jpg,2024-10-05,CHILE,MAGALLANES,KARUKINKA,PUERTO ARTURO NORTE,MIDTIDE,42,-54.05406667,-70.04436,,TG-6,MBON_P2P,,no,25x25cm,,AP14-15-16-18
AP140443.jpg,2024-10-05,CHILE,MAGALLANES,KARUKINKA,PUERTO ARTURO NORTE,MIDTIDE,42,-54.05406667,-70.04436,,TG-6,MBON_P2P,,no,25x25cm,,AP14-15-16-18
AP140444.jpg,2024-10-05,CHILE,MAGALLANES,KARUKINKA,PUERTO ARTURO NORTE,MIDTIDE,42,-54.05406667,-70.04435833,,TG-6,MBON_P2P,,no,25x25cm,,AP14-15-16-18
AP140445.jpg,2024-10-05,CHILE,MAGALLANES,KARUKINKA,PUERTO ARTURO NORTE,MIDTIDE,42,-54.05407833,-70.04435,,TG-6,MBON_P2P,,no,25x25cm,,AP14-15-16-18
AP140446.jpg,2024-10-05,CHILE,MAGALLANES,KARUKINKA,PUERTO ARTURO NORTE,MIDTIDE,42,-54.05409667,-70.04431,,TG-6,MBON_P2P,,no,25x25cm,,AP14-15-16-18
AP140447.jpg,2024-10-05,CHILE,MAGALLANES,KARUKINKA,PUERTO ARTURO NORTE,MIDTIDE,42,-54.05416333,-70.04426833,,TG-6,MBON_P2P,,no,25x25cm,,AP14-15-16-18
AP140448.jpg,2024-10-05,CHILE,MAGALLANES,KARUKINKA,PUERTO ARTURO NORTE,HIGHTIDE,42,-54.05436333,-70.04382333,,TG-6,MBON_P2P,,no,25x25cm,,AP14-15-16-18
AP140449.jpg,2024-10-05,CHILE,MAGALLANES,KARUKINKA,PUERTO ARTURO NORTE,HIGHTIDE,42,-54.05434833,-70.04373667,,TG-6,MBON_P2P,,no,25x25cm,,AP14-15-16-18
AP140450.jpg,2024-10-05,CHILE,MAGALLANES,KARUKINKA,PUERTO ARTURO NORTE,HIGHTIDE,42,-54.05428,-70.04383833,,TG-6,MBON_P2P,,no,25x25cm,,AP14-15-16-18
AP140451.jpg,2024-10-05,CHILE,MAGALLANES,KARUKINKA,PUERTO ARTURO NORTE,HIGHTIDE,42,-54.05428,-70.04383833,,TG-6,MBON_P2P,,no,25x25cm,,AP14-15-16-18
AP140452.jpg,2024-10-05,CHILE,MAGALLANES,KARUKINKA,PUERTO ARTURO NORTE,HIGHTIDE,42,-54.054245,-70.04385167,,TG-6,MBON_P2P,,no,25x25cm,,AP14-15-16-18
AP140453.jpg,2024-10-05,CHILE,MAGALLANES,KARUKINKA,PUERTO ARTURO NORTE,HIGHTIDE,42,-54.05422167,-70.04380833,,TG-6,MBON_P2P,,no,25x25cm,,AP14-15-16-18
AP140454.jpg,2024-10-05,CHILE,MAGALLANES,KARUKINKA,PUERTO ARTURO NORTE,HIGHTIDE,42,-54.05421333,-70.04381333,,TG-6,MBON_P2P,,no,25x25cm,,AP14-15-16-18
AP140455.jpg,2024-10-05,CHILE,MAGALLANES,KARUKINKA,PUERTO ARTURO NORTE,HIGHTIDE,42,-54.054205,-70.04382333,,TG-6,MBON_P2P,,no,25x25cm,,AP14-15-16-18
AP140456.jpg,2024-10-05,CHILE,MAGALLANES,KARUKINKA,PUERTO ARTURO NORTE,HIGHTIDE,42,-54.054205,-70.04382333,,TG-6,MBON_P2P,,no,25x25cm,,AP14-15-16-18
AP140457.jpg,2024-10-05,CHILE,MAGALLANES,KARUKINKA,PUERTO ARTURO NORTE,HIGHTIDE,42,-54.054205,-70.043825,,TG-6,MBON_P2P,,no,25x25cm,,AP14-15-16-18
AP140458.jpg,2024-10-05,CHILE,MAGALLANES,KARUKINKA,PUERTO ARTURO NORTE,HIGHTIDE,42,-54.054205,-70.043825,,TG-6,MBON_P2P,,no,25x25cm,,AP14-15-16-18
AP140459.jpg,2024-10-05,CHILE,MAGALLANES,KARUKINKA,PUERTO ARTURO NORTE,HIGHTIDE,42,-54.0542,-70.043815,,TG-6,MBON_P2P,,no,25x25cm,,AP14-15-16-18
AP140460.jpg,2024-10-05,CHILE,MAGALLANES,KARUKINKA,PUERTO ARTURO NORTE,HIGHTIDE,42,-54.05418667,-70.04382,,TG-6,MBON_P2P,,no,25x25cm,,AP14-15-16-18
AP140461.jpg,2024-10-05,CHILE,MAGALLANES,KARUKINKA,PUERTO ARTURO NORTE,HIGHTIDE,42,-54.05416333,-70.04383667,,TG-6,MBON_P2P,,no,25x25cm,,AP14-15-16-18
AP140462.jpg,2024-10-05,CHILE,MAGALLANES,KARUKINKA,PUERTO ARTURO NORTE,HIGHTIDE,42,-54.05401167,-70.04393167,,TG-6,MBON_P2P,,no,25x25cm,,AP14-15-16-18
AP140463.jpg,2024-10-05,CHILE,MAGALLANES,KARUKINKA,PUERTO ARTURO NORTE,HIGHTIDE,42,-54.05398333,-70.04392833,,TG-6,MBON_P2P,,no,25x25cm,,AP14-15-16-18
AP140464.jpg,2024-10-05,CHILE,MAGALLANES,KARUKINKA,PUERTO ARTURO NORTE,HIGHTIDE,42,-54.05398167,-70.04392833,,TG-6,MBON_P2P,,no,25x25cm,,AP14-15-16-18
AP140465.jpg,2024-10-05,CHILE,MAGALLANES,KARUKINKA,PUERTO ARTURO NORTE,HIGHTIDE,42,-54.05398,-70.04392833,,TG-6,MBON_P2P,,no,25x25cm,,AP14-15-16-18
AP140466.jpg,2024-10-05,CHILE,MAGALLANES,KARUKINKA,PUERTO ARTURO NORTE,HIGHTIDE,42,-54.05397833,-70.04392833,,TG-6,MBON_P2P,,no,25x25cm,,AP14-15-16-18
AP140467.jpg,2024-10-05,CHILE,MAGALLANES,KARUKINKA,PUERTO ARTURO NORTE,HIGHTIDE,42,-54.05397667,-70.04392833,,TG-6,MBON_P2P,,no,25x25cm,,AP14-15-16-18
AP140468.jpg,2024-10-05,CHILE,MAGALLANES,KARUKINKA,PUERTO ARTURO NORTE,HIGHTIDE,42,-54.053975,-70.04392833,,TG-6,MBON_P2P,,no,25x25cm,,AP14-15-16-18
AP140469.jpg,2024-10-05,CHILE,MAGALLANES,KARUKINKA,PUERTO ARTURO NORTE,HIGHTIDE,42,-54.05393167,-70.04384833,,TG-6,MBON_P2P,,no,25x25cm,,AP14-15-16-18
AP140470.jpg,2024-10-05,CHILE,MAGALLANES,KARUKINKA,PUERTO ARTURO NORTE,HIGHTIDE,42,-54.05391833,-70.04385,,TG-6,MBON_P2P,,no,25x25cm,,AP14-15-16-18
AP140471.jpg,2024-10-05,CHILE,MAGALLANES,KARUKINKA,PUERTO ARTURO NORTE,HIGHTIDE,42,-54.05387333,-70.0439,,TG-6,MBON_P2P,,no,25x25cm,,AP14-15-16-18
AP140472.jpg,2024-10-05,CHILE,MAGALLANES,KARUKINKA,PUERTO ARTURO NORTE,HIGHTIDE,42,-54.05385,-70.043915,,TG-6,MBON_P2P,,no,25x25cm,,AP14-15-16-18
AP140473.jpg,2024-10-05,CHILE,MAGALLANES,KARUKINKA,PUERTO ARTURO NORTE,HIGHTIDE,42,-54.05384667,-70.04391333,,TG-6,MBON_P2P,,no,25x25cm,,AP14-15-16-18
AP140474.jpg,2024-10-05,CHILE,MAGALLANES,KARUKINKA,PUERTO ARTURO NORTE,HIGHTIDE,42,-54.05384667,-70.04391333,,TG-6,MBON_P2P,,no,25x25cm,,AP14-15-16-18
AP140475.jpg,2024-10-05,CHILE,MAGALLANES,KARUKINKA,PUERTO ARTURO NORTE,HIGHTIDE,42,-54.053845,-70.04391333,,TG-6,MBON_P2P,,no,25x25cm,,AP14-15-16-18
AP140476.jpg,2024-10-05,CHILE,MAGALLANES,KARUKINKA,PUERTO ARTURO NORTE,HIGHTIDE,42,-54.05381667,-70.04394,,TG-6,MBON_P2P,,no,25x25cm,,AP14-15-16-18
AP140477.jpg,2024-10-05,CHILE,MAGALLANES,KARUKINKA,PUERTO ARTURO NORTE,HIGHTIDE,42,-54.05379167,-70.04393,,TG-6,MBON_P2P,,no,25x25cm,,AP14-15-16-18
AP140478.jpg,2024-10-05,CHILE,MAGALLANES,KARUKINKA,PUERTO ARTURO NORTE,HIGHTIDE,42,-54.05376667,-70.04394167,,TG-6,MBON_P2P,,no,25x25cm,,AP14-15-16-18
AP140479.jpg,2024-10-05,CHILE,MAGALLANES,KARUKINKA,PUERTO ARTURO NORTE,HIGHTIDE,42,-54.05375833,-70.04396,,TG-6,MBON_P2P,,no,25x25cm,,AP14-15-16-18
AP140480.jpg,2024-10-05,CHILE,MAGALLANES,KARUKINKA,PUERTO ARTURO NORTE,HIGHTIDE,42,-54.053745,-70.04395833,,TG-6,MBON_P2P,,no,25x25cm,,AP14-15-16-18
AP140481.jpg,2024-10-05,CHILE,MAGALLANES,KARUKINKA,PUERTO ARTURO NORTE,HIGHTIDE,42,-54.05374,-70.04395,,TG-6,MBON_P2P,,no,25x25cm,,AP14-15-16-18
AP140482.jpg,2024-10-05,CHILE,MAGALLANES,KARUKINKA,PUERTO ARTURO NORTE,HIGHTIDE,42,-54.05354833,-70.043915,,TG-6,MBON_P2P,,no,25x25cm,,AP14-15-16-18
AP140483.jpg,2024-10-05,CHILE,MAGALLANES,KARUKINKA,PUERTO ARTURO NORTE,HIGHTIDE,42,-54.05349833,-70.04397167,,TG-6,MBON_P2P,,no,25x25cm,,AP14-15-16-18
AP140484.jpg,2024-10-05,CHILE,MAGALLANES,KARUKINKA,PUERTO ARTURO NORTE,HIGHTIDE,42,-54.05351333,-70.043995,,TG-6,MBON_P2P,,no,25x25cm,,AP14-15-16-18
AP140485.jpg,2024-10-05,CHILE,MAGALLANES,KARUKINKA,PUERTO ARTURO NORTE,HIGHTIDE,42,-54.05351,-70.044005,,TG-6,MBON_P2P,,no,25x25cm,,AP14-15-16-18
AP140486.jpg,2024-10-05,CHILE,MAGALLANES,KARUKINKA,PUERTO ARTURO NORTE,HIGHTIDE,42,-54.05351,-70.044005,,TG-6,MBON_P2P,,no,25x25cm,,AP14-15-16-18
AP140487.jpg,2024-10-05,CHILE,MAGALLANES,KARUKINKA,PUERTO ARTURO NORTE,HIGHTIDE,42,-54.05351,-70.044005,,TG-6,MBON_P2P,,no,25x25cm,,AP14-15-16-18
AP140488.jpg,2024-10-05,CHILE,MAGALLANES,KARUKINKA,PUERTO ARTURO NORTE,HIGHTIDE,42,-54.05351167,-70.04400667,,TG-6,MBON_P2P,,no,25x25cm,,AP14-15-16-18
AP140489.jpg,2024-10-05,CHILE,MAGALLANES,KARUKINKA,PUERTO ARTURO NORTE,HIGHTIDE,42,-54.05350667,-70.043965,,TG-6,MBON_P2P,,no,25x25cm,,AP14-15-16-18
AP140490.jpg,2024-10-05,CHILE,MAGALLANES,KARUKINKA,PUERTO ARTURO NORTE,HIGHTIDE,42,-54.05350667,-70.043965,,TG-6,MBON_P2P,,no,25x25cm,,AP14-15-16-18
AP140491.jpg,2024-10-05,CHILE,MAGALLANES,KARUKINKA,PUERTO ARTURO NORTE,HIGHTIDE,42,-54.05350667,-70.04396667,,TG-6,MBON_P2P,,no,25x25cm,,AP14-15-16-18
AP140492.jpg,2024-10-05,CHILE,MAGALLANES,KARUKINKA,PUERTO ARTURO NORTE,HIGHTIDE,42,-54.053505,-70.043945,,TG-6,MBON_P2P,,no,25x25cm,,AP14-15-16-18
AP140493.jpg,2024-10-05,CHILE,MAGALLANES,KARUKINKA,PUERTO ARTURO NORTE,HIGHTIDE,42,-54.053505,-70.04394667,,TG-6,MBON_P2P,,no,25x25cm,,AP14-15-16-18
AP140494.jpg,2024-10-05,CHILE,MAGALLANES,KARUKINKA,PUERTO ARTURO NORTE,HIGHTIDE,42,-54.05350667,-70.04394833,,TG-6,MBON_P2P,,no,25x25cm,,AP14-15-16-18
AP140495.jpg,2024-10-05,CHILE,MAGALLANES,KARUKINKA,PUERTO ARTURO NORTE,HIGHTIDE,42,-54.05350667,-70.04394833,,TG-6,MBON_P2P,,no,25x25cm,,AP14-15-16-18
AP140496.jpg,2024-10-05,CHILE,MAGALLANES,KARUKINKA,PUERTO ARTURO NORTE,HIGHTIDE,42,-54.05351,-70.04395667,,TG-6,MBON_P2P,,no,25x25cm,,AP14-15-16-18
AP140497.jpg,2024-10-05,CHILE,MAGALLANES,KARUKINKA,PUERTO ARTURO NORTE,HIGHTIDE,42,-54.05351,-70.04395667,,TG-6,MBON_P2P,,no,25x25cm,,AP14-15-16-18
AP140498.jpg,2024-10-05,CHILE,MAGALLANES,KARUKINKA,PUERTO ARTURO NORTE,HIGHTIDE,42,-54.05351167,-70.043955,,TG-6,MBON_P2P,,no,25x25cm,,AP14-15-16-18
AP140502.jpg,2024-10-06,CHILE,MAGALLANES,KARUKINKA,PUERTO YARTAU NORTE,LOWTIDE,42,-53.80357167,-70.174815,,TG-6,MBON_P2P,,no,25x25cm,,AP14-15-16-18
AP140503.jpg,2024-10-06,CHILE,MAGALLANES,KARUKINKA,PUERTO YARTAU NORTE,LOWTIDE,42,-53.80357167,-70.174815,,TG-6,MBON_P2P,,no,25x25cm,,AP14-15-16-18
AP140504.jpg,2024-10-06,CHILE,MAGALLANES,KARUKINKA,PUERTO YARTAU NORTE,LOWTIDE,42,-53.80357167,-70.17481667,,TG-6,MBON_P2P,,no,25x25cm,,AP14-15-16-18
AP140505.jpg,2024-10-06,CHILE,MAGALLANES,KARUKINKA,PUERTO YARTAU NORTE,LOWTIDE,42,-53.80320333,-70.17529167,,TG-6,MBON_P2P,,no,25x25cm,,AP14-15-16-18
AP140506.jpg,2024-10-06,CHILE,MAGALLANES,KARUKINKA,PUERTO YARTAU NORTE,LOWTIDE,42,-53.803195,-70.17529167,,TG-6,MBON_P2P,,no,25x25cm,,AP14-15-16-18
AP140507.jpg,2024-10-06,CHILE,MAGALLANES,KARUKINKA,PUERTO YARTAU NORTE,LOWTIDE,42,-53.80308833,-70.17550167,,TG-6,MBON_P2P,,no,25x25cm,,AP14-15-16-18
AP140508.jpg,2024-10-06,CHILE,MAGALLANES,KARUKINKA,PUERTO YARTAU NORTE,LOWTIDE,42,-53.80308167,-70.17554333,,TG-6,MBON_P2P,,no,25x25cm,,AP14-15-16-18
AP140509.jpg,2024-10-06,CHILE,MAGALLANES,KARUKINKA,PUERTO YARTAU NORTE,LOWTIDE,42,-53.80307833,-70.17558833,,TG-6,MBON_P2P,,no,25x25cm,,AP14-15-16-18
AP140510.jpg,2024-10-06,CHILE,MAGALLANES,KARUKINKA,PUERTO YARTAU NORTE,LOWTIDE,42,-53.80307333,-70.17559167,,TG-6,MBON_P2P,,no,25x25cm,,AP14-15-16-18
AP140511.jpg,2024-10-06,CHILE,MAGALLANES,KARUKINKA,PUERTO YARTAU NORTE,LOWTIDE,42,-53.80307667,-70.17560833,,TG-6,MBON_P2P,,no,25x25cm,,AP14-15-16-18
AP140512.jpg,2024-10-06,CHILE,MAGALLANES,KARUKINKA,PUERTO YARTAU NORTE,LOWTIDE,42,-53.80308333,-70.17560167,,TG-6,MBON_P2P,,no,25x25cm,,AP14-15-16-18
AP140513.jpg,2024-10-06,CHILE,MAGALLANES,KARUKINKA,PUERTO YARTAU NORTE,LOWTIDE,42,-53.80307,-70.175595,,TG-6,MBON_P2P,,no,25x25cm,,AP14-15-16-18
AP140514.jpg,2024-10-06,CHILE,MAGALLANES,KARUKINKA,PUERTO YARTAU NORTE,LOWTIDE,42,-53.80397,-70.17488667,,TG-6,MBON_P2P,,no,25x25cm,,AP14-15-16-18
AP140515.jpg,2024-10-06,CHILE,MAGALLANES,KARUKINKA,PUERTO YARTAU NORTE,LOWTIDE,42,-53.80397,-70.17488667,,TG-6,MBON_P2P,,no,25x25cm,,AP14-15-16-18
AP140516.jpg,2024-10-06,CHILE,MAGALLANES,KARUKINKA,PUERTO YARTAU NORTE,LOWTIDE,42,-53.80397,-70.17488667,,TG-6,MBON_P2P,,no,25x25cm,,AP14-15-16-18
AP140517.jpg,2024-10-06,CHILE,MAGALLANES,KARUKINKA,PUERTO YARTAU NORTE,LOWTIDE,42,-53.80397,-70.17488667,,TG-6,MBON_P2P,,no,25x25cm,,AP14-15-16-18
AP140518.jpg,2024-10-06,CHILE,MAGALLANES,KARUKINKA,PUERTO YARTAU NORTE,LOWTIDE,42,-53.80397,-70.174865,,TG-6,MBON_P2P,,no,25x25cm,,AP14-15-16-18
AP140519.jpg,2024-10-06,CHILE,MAGALLANES,KARUKINKA,PUERTO YARTAU NORTE,LOWTIDE,42,-53.80399333,-70.17487333,,TG-6,MBON_P2P,,no,25x25cm,,AP14-15-16-18
AP140520.jpg,2024-10-06,CHILE,MAGALLANES,KARUKINKA,PUERTO YARTAU NORTE,LOWTIDE,42,-53.80399333,-70.17487333,,TG-6,MBON_P2P,,no,25x25cm,,AP14-15-16-18
AP140521.jpg,2024-10-06,CHILE,MAGALLANES,KARUKINKA,PUERTO YARTAU NORTE,LOWTIDE,42,-53.803995,-70.17487333,,TG-6,MBON_P2P,,no,25x25cm,,AP14-15-16-18
AP140522.jpg,2024-10-06,CHILE,MAGALLANES,KARUKINKA,PUERTO YARTAU NORTE,LOWTIDE,42,-53.80398,-70.17486333,,TG-6,MBON_P2P,,no,25x25cm,,AP14-15-16-18
AP140523.jpg,2024-10-06,CHILE,MAGALLANES,KARUKINKA,PUERTO YARTAU NORTE,LOWTIDE,42,-53.80399333,-70.17482333,,TG-6,MBON_P2P,,no,25x25cm,,AP14-15-16-18
AP140524.jpg,2024-10-06,CHILE,MAGALLANES,KARUKINKA,PUERTO YARTAU NORTE,LOWTIDE,42,-53.80399333,-70.17482333,,TG-6,MBON_P2P,,no,25x25cm,,AP14-15-16-18
AP140525.jpg,2024-10-06,CHILE,MAGALLANES,KARUKINKA,PUERTO YARTAU NORTE,LOWTIDE,42,-53.803995,-70.17482667,,TG-6,MBON_P2P,,no,25x25cm,,AP14-15-16-18
AP140526.jpg,2024-10-06,CHILE,MAGALLANES,KARUKINKA,PUERTO YARTAU NORTE,LOWTIDE,42,-53.803995,-70.17483,,TG-6,MBON_P2P,,no,25x25cm,,AP14-15-16-18
AP140527.jpg,2024-10-06,CHILE,MAGALLANES,KARUKINKA,PUERTO YARTAU NORTE,LOWTIDE,42,-53.80399833,-70.17482833,,TG-6,MBON_P2P,,no,25x25cm,,AP14-15-16-18
AP140528.jpg,2024-10-06,CHILE,MAGALLANES,KARUKINKA,PUERTO YARTAU NORTE,LOWTIDE,42,-53.804035,-70.17483167,,TG-6,MBON_P2P,,no,25x25cm,,AP14-15-16-18
AP140529.jpg,2024-10-06,CHILE,MAGALLANES,KARUKINKA,PUERTO YARTAU NORTE,LOWTIDE,42,-53.804035,-70.17483167,,TG-6,MBON_P2P,,no,25x25cm,,AP14-15-16-18
AP140530.jpg,2024-10-06,CHILE,MAGALLANES,KARUKINKA,PUERTO YARTAU NORTE,LOWTIDE,42,-53.80406667,-70.17485167,,TG-6,MBON_P2P,,no,25x25cm,,AP14-15-16-18
AP140531.jpg,2024-10-06,CHILE,MAGALLANES,KARUKINKA,PUERTO YARTAU NORTE,LOWTIDE,42,-53.80411167,-70.174905,,TG-6,MBON_P2P,,no,25x25cm,,AP14-15-16-18
AP140532.jpg,2024-10-06,CHILE,MAGALLANES,KARUKINKA,PUERTO YARTAU NORTE,LOWTIDE,42,-53.804105,-70.174895,,TG-6,MBON_P2P,,no,25x25cm,,AP14-15-16-18
AP140533.jpg,2024-10-06,CHILE,MAGALLANES,KARUKINKA,PUERTO YARTAU NORTE,LOWTIDE,42,-53.804105,-70.174895,,TG-6,MBON_P2P,,no,25x25cm,,AP14-15-16-18
AP140534.jpg,2024-10-06,CHILE,MAGALLANES,KARUKINKA,PUERTO YARTAU NORTE,LOWTIDE,42,-53.80410667,-70.17485167,,TG-6,MBON_P2P,,no,25x25cm,,AP14-15-16-18
AP140535.jpg,2024-10-06,CHILE,MAGALLANES,KARUKINKA,PUERTO YARTAU NORTE,LOWTIDE,42,-53.80410667,-70.17485167,,TG-6,MBON_P2P,,no,25x25cm,,AP14-15-16-18
AP140536.jpg,2024-10-06,CHILE,MAGALLANES,KARUKINKA,PUERTO YARTAU NORTE,LOWTIDE,42,-53.8041,-70.174875,,TG-6,MBON_P2P,,no,25x25cm,,AP14-15-16-18
AP140537.jpg,2024-10-06,CHILE,MAGALLANES,KARUKINKA,PUERTO YARTAU NORTE,LOWTIDE,42,-53.80413167,-70.17486333,,TG-6,MBON_P2P,,no,25x25cm,,AP14-15-16-18
AP140538.jpg,2024-10-06,CHILE,MAGALLANES,KARUKINKA,PUERTO YARTAU NORTE,LOWTIDE,42,-53.80414333,-70.17489333,,TG-6,MBON_P2P,,no,25x25cm,,AP14-15-16-18
AP140539.jpg,2024-10-06,CHILE,MAGALLANES,KARUKINKA,PUERTO YARTAU NORTE,LOWTIDE,42,-53.804145,-70.174895,,TG-6,MBON_P2P,,no,25x25cm,,AP14-15-16-18
AP140540.jpg,2024-10-06,CHILE,MAGALLANES,KARUKINKA,PUERTO YARTAU NORTE,LOWTIDE,42,-53.804145,-70.17490167,,TG-6,MBON_P2P,,no,25x25cm,,AP14-15-16-18
AP140541.jpg,2024-10-06,CHILE,MAGALLANES,KARUKINKA,PUERTO YARTAU NORTE,LOWTIDE,42,-53.80415,-70.17489333,,TG-6,MBON_P2P,,no,25x25cm,,AP14-15-16-18
AP140542.jpg,2024-10-06,CHILE,MAGALLANES,KARUKINKA,PUERTO YARTAU NORTE,LOWTIDE,42,-53.80415167,-70.17489167,,TG-6,MBON_P2P,,no,25x25cm,,AP14-15-16-18
AP140543.jpg,2024-10-06,CHILE,MAGALLANES,KARUKINKA,PUERTO YARTAU NORTE,LOWTIDE,42,-53.80415167,-70.17489167,,TG-6,MBON_P2P,,no,25x25cm,,AP14-15-16-18
AP140544.jpg,2024-10-06,CHILE,MAGALLANES,KARUKINKA,PUERTO YARTAU NORTE,LOWTIDE,42,-53.80417,-70.17489333,,TG-6,MBON_P2P,,no,25x25cm,,AP14-15-16-18
AP140545.jpg,2024-10-06,CHILE,MAGALLANES,KARUKINKA,PUERTO YARTAU NORTE,LOWTIDE,42,-53.80418833,-70.17488667,,TG-6,MBON_P2P,,no,25x25cm,,AP14-15-16-18
AP140546.jpg,2024-10-06,CHILE,MAGALLANES,KARUKINKA,PUERTO YARTAU NORTE,LOWTIDE,42,-53.80419,-70.174885,,TG-6,MBON_P2P,,no,25x25cm,,AP14-15-16-18
AP140547.jpg,2024-10-06,CHILE,MAGALLANES,KARUKINKA,PUERTO YARTAU NORTE,LOWTIDE,42,-53.80419,-70.174885,,TG-6,MBON_P2P,,no,25x25cm,,AP14-15-16-18
AP140548.jpg,2024-10-06,CHILE,MAGALLANES,KARUKINKA,PUERTO YARTAU NORTE,LOWTIDE,42,-53.80419167,-70.17488333,,TG-6,MBON_P2P,,no,25x25cm,,AP14-15-16-18
AP140549.jpg,2024-10-06,CHILE,MAGALLANES,KARUKINKA,PUERTO YARTAU NORTE,LOWTIDE,42,-53.80424167,-70.17489,,TG-6,MBON_P2P,,no,25x25cm,,AP14-15-16-18
AP140550.jpg,2024-10-06,CHILE,MAGALLANES,KARUKINKA,PUERTO YARTAU NORTE,LOWTIDE,42,-53.80424167,-70.17489,,TG-6,MBON_P2P,,no,25x25cm,,AP14-15-16-18
AP140551.jpg,2024-10-06,CHILE,MAGALLANES,KARUKINKA,PUERTO YARTAU NORTE,LOWTIDE,42,-53.80429333,-70.17480833,,TG-6,MBON_P2P,,no,25x25cm,,AP14-15-16-18
AP140552.jpg,2024-10-06,CHILE,MAGALLANES,KARUKINKA,PUERTO YARTAU NORTE,LOWTIDE,42,-53.80429333,-70.17480833,,TG-6,MBON_P2P,,no,25x25cm,,AP14-15-16-18
AP140553.jpg,2024-10-06,CHILE,MAGALLANES,KARUKINKA,PUERTO YARTAU NORTE,MIDTIDE,42,-53.80425833,-70.17471333,,TG-6,MBON_P2P,,no,25x25cm,,AP14-15-16-18
AP140554.jpg,2024-10-06,CHILE,MAGALLANES,KARUKINKA,PUERTO YARTAU NORTE,MIDTIDE,42,-53.80425833,-70.17471333,,TG-6,MBON_P2P,,no,25x25cm,,AP14-15-16-18
AP140555.jpg,2024-10-06,CHILE,MAGALLANES,KARUKINKA,PUERTO YARTAU NORTE,MIDTIDE,42,-53.80425833,-70.17471333,,TG-6,MBON_P2P,,no,25x25cm,,AP14-15-16-18
AP140556.jpg,2024-10-06,CHILE,MAGALLANES,KARUKINKA,PUERTO YARTAU NORTE,MIDTIDE,42,-53.80425833,-70.17471333,,TG-6,MBON_P2P,,no,25x25cm,,AP14-15-16-18
AP140557.jpg,2024-10-06,CHILE,MAGALLANES,KARUKINKA,PUERTO YARTAU NORTE,MIDTIDE,42,-53.80425833,-70.17471333,,TG-6,MBON_P2P,,no,25x25cm,,AP14-15-16-18
AP140558.jpg,2024-10-06,CHILE,MAGALLANES,KARUKINKA,PUERTO YARTAU NORTE,MIDTIDE,42,-53.80425833,-70.17471333,,TG-6,MBON_P2P,,no,25x25cm,,AP14-15-16-18
AP140559.jpg,2024-10-06,CHILE,MAGALLANES,KARUKINKA,PUERTO YARTAU NORTE,MIDTIDE,42,-53.80425667,-70.17471167,,TG-6,MBON_P2P,,no,25x25cm,,AP14-15-16-18
AP140560.jpg,2024-10-06,CHILE,MAGALLANES,KARUKINKA,PUERTO YARTAU NORTE,MIDTIDE,42,-53.80424333,-70.17470833,,TG-6,MBON_P2P,,no,25x25cm,,AP14-15-16-18
AP140561.jpg,2024-10-06,CHILE,MAGALLANES,KARUKINKA,PUERTO YARTAU NORTE,MIDTIDE,42,-53.80424333,-70.17470833,,TG-6,MBON_P2P,,no,25x25cm,,AP14-15-16-18
AP140562.jpg,2024-10-06,CHILE,MAGALLANES,KARUKINKA,PUERTO YARTAU NORTE,MIDTIDE,42,-53.80424333,-70.17470833,,TG-6,MBON_P2P,,no,25x25cm,,AP14-15-16-18
AP140563.jpg,2024-10-06,CHILE,MAGALLANES,KARUKINKA,PUERTO YARTAU NORTE,MIDTIDE,42,-53.80424333,-70.17470833,,TG-6,MBON_P2P,,no,25x25cm,,AP14-15-16-18
AP140564.jpg,2024-10-06,CHILE,MAGALLANES,KARUKINKA,PUERTO YARTAU NORTE,MIDTIDE,42,-53.80423833,-70.17471167,,TG-6,MBON_P2P,,no,25x25cm,,AP14-15-16-18
AP140565.jpg,2024-10-06,CHILE,MAGALLANES,KARUKINKA,PUERTO YARTAU NORTE,MIDTIDE,42,-53.80423,-70.17466,,TG-6,MBON_P2P,,no,25x25cm,,AP14-15-16-18
AP140566.jpg,2024-10-06,CHILE,MAGALLANES,KARUKINKA,PUERTO YARTAU NORTE,MIDTIDE,42,-53.80422667,-70.17465833,,TG-6,MBON_P2P,,no,25x25cm,,AP14-15-16-18
AP140567.jpg,2024-10-06,CHILE,MAGALLANES,KARUKINKA,PUERTO YARTAU NORTE,MIDTIDE,42,-53.80421667,-70.17465833,,TG-6,MBON_P2P,,no,25x25cm,,AP14-15-16-18
AP140568.jpg,2024-10-06,CHILE,MAGALLANES,KARUKINKA,PUERTO YARTAU NORTE,MIDTIDE,42,-53.804205,-70.17467833,,TG-6,MBON_P2P,,no,25x25cm,,AP14-15-16-18
AP140569.jpg,2024-10-06,CHILE,MAGALLANES,KARUKINKA,PUERTO YARTAU NORTE,MIDTIDE,42,-53.804205,-70.17467833,,TG-6,MBON_P2P,,no,25x25cm,,AP14-15-16-18
AP140570.jpg,2024-10-06,CHILE,MAGALLANES,KARUKINKA,PUERTO YARTAU NORTE,MIDTIDE,42,-53.80420833,-70.174705,,TG-6,MBON_P2P,,no,25x25cm,,AP14-15-16-18
AP140571.jpg,2024-10-06,CHILE,MAGALLANES,KARUKINKA,PUERTO YARTAU NORTE,MIDTIDE,42,-53.80420833,-70.174705,,TG-6,MBON_P2P,,no,25x25cm,,AP14-15-16-18
AP140572.jpg,2024-10-06,CHILE,MAGALLANES,KARUKINKA,PUERTO YARTAU NORTE,MIDTIDE,42,-53.80420667,-70.174715,,TG-6,MBON_P2P,,no,25x25cm,,AP14-15-16-18
AP140573.jpg,2024-10-06,CHILE,MAGALLANES,KARUKINKA,PUERTO YARTAU NORTE,MIDTIDE,42,-53.804205,-70.174715,,TG-6,MBON_P2P,,no,25x25cm,,AP14-15-16-18
AP140574.jpg,2024-10-06,CHILE,MAGALLANES,KARUKINKA,PUERTO YARTAU NORTE,MIDTIDE,42,-53.804205,-70.174715,,TG-6,MBON_P2P,,no,25x25cm,,AP14-15-16-18
AP140575.jpg,2024-10-06,CHILE,MAGALLANES,KARUKINKA,PUERTO YARTAU NORTE,MIDTIDE,42,-53.8042,-70.17471667,,TG-6,MBON_P2P,,no,25x25cm,,AP14-15-16-18
AP140576.jpg,2024-10-06,CHILE,MAGALLANES,KARUKINKA,PUERTO YARTAU NORTE,MIDTIDE,42,-53.80419667,-70.17471667,,TG-6,MBON_P2P,,no,25x25cm,,AP14-15-16-18
AP140577.jpg,2024-10-06,CHILE,MAGALLANES,KARUKINKA,PUERTO YARTAU NORTE,MIDTIDE,42,-53.804195,-70.17471833,,TG-6,MBON_P2P,,no,25x25cm,,AP14-15-16-18
AP140578.jpg,2024-10-06,CHILE,MAGALLANES,KARUKINKA,PUERTO YARTAU NORTE,MIDTIDE,42,-53.80418,-70.17472333,,TG-6,MBON_P2P,,no,25x25cm,,AP14-15-16-18
AP140579.jpg,2024-10-06,CHILE,MAGALLANES,KARUKINKA,PUERTO YARTAU NORTE,MIDTIDE,42,-53.804175,-70.174725,,TG-6,MBON_P2P,,no,25x25cm,,AP14-15-16-18
AP140580.jpg,2024-10-06,CHILE,MAGALLANES,KARUKINKA,PUERTO YARTAU NORTE,MIDTIDE,42,-53.80417167,-70.17471,,TG-6,MBON_P2P,,no,25x25cm,,AP14-15-16-18
AP140581.jpg,2024-10-06,CHILE,MAGALLANES,KARUKINKA,PUERTO YARTAU NORTE,MIDTIDE,42,-53.80416833,-70.17470833,,TG-6,MBON_P2P,,no,25x25cm,,AP14-15-16-18
AP140582.jpg,2024-10-06,CHILE,MAGALLANES,KARUKINKA,PUERTO YARTAU NORTE,MIDTIDE,42,-53.804165,-70.17471,,TG-6,MBON_P2P,,no,25x25cm,,AP14-15-16-18
AP140583.jpg,2024-10-06,CHILE,MAGALLANES,KARUKINKA,PUERTO YARTAU NORTE,MIDTIDE,42,-53.80414667,-70.17473667,,TG-6,MBON_P2P,,no,25x25cm,,AP14-15-16-18
AP140584.jpg,2024-10-06,CHILE,MAGALLANES,KARUKINKA,PUERTO YARTAU NORTE,MIDTIDE,42,-53.80414667,-70.17473667,,TG-6,MBON_P2P,,no,25x25cm,,AP14-15-16-18
AP140585.jpg,2024-10-06,CHILE,MAGALLANES,KARUKINKA,PUERTO YARTAU NORTE,MIDTIDE,42,-53.80414667,-70.17474333,,TG-6,MBON_P2P,,no,25x25cm,,AP14-15-16-18
AP140586.jpg,2024-10-06,CHILE,MAGALLANES,KARUKINKA,PUERTO YARTAU NORTE,MIDTIDE,42,-53.80414333,-70.17474667,,TG-6,MBON_P2P,,no,25x25cm,,AP14-15-16-18
AP140587.jpg,2024-10-06,CHILE,MAGALLANES,KARUKINKA,PUERTO YARTAU NORTE,MIDTIDE,42,-53.80413833,-70.17474833,,TG-6,MBON_P2P,,no,25x25cm,,AP14-15-16-18
AP140588.jpg,2024-10-06,CHILE,MAGALLANES,KARUKINKA,PUERTO YARTAU NORTE,MIDTIDE,42,-53.80413833,-70.17474833,,TG-6,MBON_P2P,,no,25x25cm,,AP14-15-16-18
AP140589.jpg,2024-10-06,CHILE,MAGALLANES,KARUKINKA,PUERTO YARTAU NORTE,MIDTIDE,42,-53.80413333,-70.17474833,,TG-6,MBON_P2P,,no,25x25cm,,AP14-15-16-18
AP140590.jpg,2024-10-06,CHILE,MAGALLANES,KARUKINKA,PUERTO YARTAU NORTE,MIDTIDE,42,-53.80413,-70.17475,,TG-6,MBON_P2P,,no,25x25cm,,AP14-15-16-18
AP140591.jpg,2024-10-06,CHILE,MAGALLANES,KARUKINKA,PUERTO YARTAU NORTE,MIDTIDE,42,-53.804125,-70.17475167,,TG-6,MBON_P2P,,no,25x25cm,,AP14-15-16-18
AP140592.jpg,2024-10-06,CHILE,MAGALLANES,KARUKINKA,PUERTO YARTAU NORTE,MIDTIDE,42,-53.80411167,-70.17475167,,TG-6,MBON_P2P,,no,25x25cm,,AP14-15-16-18
AP140593.jpg,2024-10-06,CHILE,MAGALLANES,KARUKINKA,PUERTO YARTAU NORTE,MIDTIDE,42,-53.80411167,-70.17475167,,TG-6,MBON_P2P,,no,25x25cm,,AP14-15-16-18
AP140594.jpg,2024-10-06,CHILE,MAGALLANES,KARUKINKA,PUERTO YARTAU NORTE,MIDTIDE,42,-53.80410167,-70.17475167,,TG-6,MBON_P2P,,no,25x25cm,,AP14-15-16-18
AP140595.jpg,2024-10-06,CHILE,MAGALLANES,KARUKINKA,PUERTO YARTAU NORTE,MIDTIDE,42,-53.804095,-70.17475,,TG-6,MBON_P2P,,no,25x25cm,,AP14-15-16-18
AP140596.jpg,2024-10-06,CHILE,MAGALLANES,KARUKINKA,PUERTO YARTAU NORTE,MIDTIDE,42,-53.80408,-70.17473333,,TG-6,MBON_P2P,,no,25x25cm,,AP14-15-16-18
AP140597.jpg,2024-10-06,CHILE,MAGALLANES,KARUKINKA,PUERTO YARTAU NORTE,MIDTIDE,42,-53.80407333,-70.17473167,,TG-6,MBON_P2P,,no,25x25cm,,AP14-15-16-18
AP140598.jpg,2024-10-06,CHILE,MAGALLANES,KARUKINKA,PUERTO YARTAU NORTE,MIDTIDE,42,-53.80407333,-70.17473167,,TG-6,MBON_P2P,,no,25x25cm,,AP14-15-16-18
AP140599.jpg,2024-10-06,CHILE,MAGALLANES,KARUKINKA,PUERTO YARTAU NORTE,MIDTIDE,42,-53.80407167,-70.17473167,,TG-6,MBON_P2P,,no,25x25cm,,AP14-15-16-18
AP140600.jpg,2024-10-06,CHILE,MAGALLANES,KARUKINKA,PUERTO YARTAU NORTE,MIDTIDE,42,-53.80405167,-70.17476333,,TG-6,MBON_P2P,,no,25x25cm,,AP14-15-16-18
AP140601.jpg,2024-10-06,CHILE,MAGALLANES,KARUKINKA,PUERTO YARTAU NORTE,MIDTIDE,42,-53.804045,-70.17476333,,TG-6,MBON_P2P,,no,25x25cm,,AP14-15-16-18
AP140602.jpg,2024-10-06,CHILE,MAGALLANES,KARUKINKA,PUERTO YARTAU NORTE,MIDTIDE,42,-53.80404,-70.17476167,,TG-6,MBON_P2P,,no,25x25cm,,AP14-15-16-18
AP140603.jpg,2024-10-06,CHILE,MAGALLANES,KARUKINKA,PUERTO YARTAU NORTE,MIDTIDE,42,-53.80403667,-70.17476167,,TG-6,MBON_P2P,,no,25x25cm,,AP14-15-16-18
AP140604.jpg,2024-10-06,CHILE,MAGALLANES,KARUKINKA,PUERTO YARTAU NORTE,HIGHTIDE,42,-53.80399167,-70.17465167,,TG-6,MBON_P2P,,no,25x25cm,,AP14-15-16-18
AP140605.jpg,2024-10-06,CHILE,MAGALLANES,KARUKINKA,PUERTO YARTAU NORTE,HIGHTIDE,42,-53.80399,-70.17464667,,TG-6,MBON_P2P,,no,25x25cm,,AP14-15-16-18
AP140606.jpg,2024-10-06,CHILE,MAGALLANES,KARUKINKA,PUERTO YARTAU NORTE,HIGHTIDE,42,-53.80398667,-70.17464333,,TG-6,MBON_P2P,,no,25x25cm,,AP14-15-16-18
AP140607.jpg,2024-10-06,CHILE,MAGALLANES,KARUKINKA,PUERTO YARTAU NORTE,HIGHTIDE,42,-53.80397833,-70.17469833,,TG-6,MBON_P2P,,no,25x25cm,,AP14-15-16-18
AP140608.jpg,2024-10-06,CHILE,MAGALLANES,KARUKINKA,PUERTO YARTAU NORTE,HIGHTIDE,42,-53.80397667,-70.17469667,,TG-6,MBON_P2P,,no,25x25cm,,AP14-15-16-18
AP140609.jpg,2024-10-06,CHILE,MAGALLANES,KARUKINKA,PUERTO YARTAU NORTE,HIGHTIDE,42,-53.803975,-70.17469167,,TG-6,MBON_P2P,,no,25x25cm,,AP14-15-16-18
AP140610.jpg,2024-10-06,CHILE,MAGALLANES,KARUKINKA,PUERTO YARTAU NORTE,HIGHTIDE,42,-53.80396667,-70.174675,,TG-6,MBON_P2P,,no,25x25cm,,AP14-15-16-18
AP140611.jpg,2024-10-06,CHILE,MAGALLANES,KARUKINKA,PUERTO YARTAU NORTE,HIGHTIDE,42,-53.80397833,-70.17467333,,TG-6,MBON_P2P,,no,25x25cm,,AP14-15-16-18
AP140612.jpg,2024-10-06,CHILE,MAGALLANES,KARUKINKA,PUERTO YARTAU NORTE,HIGHTIDE,42,-53.80397833,-70.17467,,TG-6,MBON_P2P,,no,25x25cm,,AP14-15-16-18
AP140613.jpg,2024-10-06,CHILE,MAGALLANES,KARUKINKA,PUERTO YARTAU NORTE,HIGHTIDE,42,-53.80400333,-70.17466833,,TG-6,MBON_P2P,,no,25x25cm,,AP14-15-16-18
AP140614.jpg,2024-10-06,CHILE,MAGALLANES,KARUKINKA,PUERTO YARTAU NORTE,HIGHTIDE,42,-53.804005,-70.17465333,,TG-6,MBON_P2P,,no,25x25cm,,AP14-15-16-18
AP140615.jpg,2024-10-06,CHILE,MAGALLANES,KARUKINKA,PUERTO YARTAU NORTE,HIGHTIDE,42,-53.80400667,-70.17464667,,TG-6,MBON_P2P,,no,25x25cm,,AP14-15-16-18
AP140616.jpg,2024-10-06,CHILE,MAGALLANES,KARUKINKA,PUERTO YARTAU NORTE,HIGHTIDE,42,-53.80401167,-70.17465833,,TG-6,MBON_P2P,,no,25x25cm,,AP14-15-16-18
AP140617.jpg,2024-10-06,CHILE,MAGALLANES,KARUKINKA,PUERTO YARTAU NORTE,HIGHTIDE,42,-53.80403833,-70.17468167,,TG-6,MBON_P2P,,no,25x25cm,,AP14-15-16-18
AP140618.jpg,2024-10-06,CHILE,MAGALLANES,KARUKINKA,PUERTO YARTAU NORTE,HIGHTIDE,42,-53.80403833,-70.17468167,,TG-6,MBON_P2P,,no,25x25cm,,AP14-15-16-18
AP140619.jpg,2024-10-06,CHILE,MAGALLANES,KARUKINKA,PUERTO YARTAU NORTE,HIGHTIDE,42,-53.80403333,-70.17465833,,TG-6,MBON_P2P,,no,25x25cm,,AP14-15-16-18
AP140620.jpg,2024-10-06,CHILE,MAGALLANES,KARUKINKA,PUERTO YARTAU NORTE,HIGHTIDE,42,-53.80403333,-70.17465833,,TG-6,MBON_P2P,,no,25x25cm,,AP14-15-16-18
AP140621.jpg,2024-10-06,CHILE,MAGALLANES,KARUKINKA,PUERTO YARTAU NORTE,HIGHTIDE,42,-53.80403833,-70.17467167,,TG-6,MBON_P2P,,no,25x25cm,,AP14-15-16-18
AP140622.jpg,2024-10-06,CHILE,MAGALLANES,KARUKINKA,PUERTO YARTAU NORTE,HIGHTIDE,42,-53.80404167,-70.17467,,TG-6,MBON_P2P,,no,25x25cm,,AP14-15-16-18
AP140623.jpg,2024-10-06,CHILE,MAGALLANES,KARUKINKA,PUERTO YARTAU NORTE,HIGHTIDE,42,-53.804065,-70.17466167,,TG-6,MBON_P2P,,no,25x25cm,,AP14-15-16-18
AP140624.jpg,2024-10-06,CHILE,MAGALLANES,KARUKINKA,PUERTO YARTAU NORTE,HIGHTIDE,42,-53.80407167,-70.17466,,TG-6,MBON_P2P,,no,25x25cm,,AP14-15-16-18
AP140625.jpg,2024-10-06,CHILE,MAGALLANES,KARUKINKA,PUERTO YARTAU NORTE,HIGHTIDE,42,-53.80407333,-70.17466,,TG-6,MBON_P2P,,no,25x25cm,,AP14-15-16-18
AP140626.jpg,2024-10-06,CHILE,MAGALLANES,KARUKINKA,PUERTO YARTAU NORTE,HIGHTIDE,42,-53.80407,-70.17466667,,TG-6,MBON_P2P,,no,25x25cm,,AP14-15-16-18
AP140627.jpg,2024-10-06,CHILE,MAGALLANES,KARUKINKA,PUERTO YARTAU NORTE,HIGHTIDE,42,-53.804045,-70.17464833,,TG-6,MBON_P2P,,no,25x25cm,,AP14-15-16-18
AP140628.jpg,2024-10-06,CHILE,MAGALLANES,KARUKINKA,PUERTO YARTAU NORTE,HIGHTIDE,42,-53.804045,-70.17464833,,TG-6,MBON_P2P,,no,25x25cm,,AP14-15-16-18
AP140629.jpg,2024-10-06,CHILE,MAGALLANES,KARUKINKA,PUERTO YARTAU NORTE,HIGHTIDE,42,-53.80404833,-70.17464667,,TG-6,MBON_P2P,,no,25x25cm,,AP14-15-16-18
AP140630.jpg,2024-10-06,CHILE,MAGALLANES,KARUKINKA,PUERTO YARTAU NORTE,HIGHTIDE,42,-53.80406333,-70.17463833,,TG-6,MBON_P2P,,no,25x25cm,,AP14-15-16-18
AP140631.jpg,2024-10-06,CHILE,MAGALLANES,KARUKINKA,PUERTO YARTAU NORTE,HIGHTIDE,42,-53.80405333,-70.17465833,,TG-6,MBON_P2P,,no,25x25cm,,AP14-15-16-18
AP140632.jpg,2024-10-06,CHILE,MAGALLANES,KARUKINKA,PUERTO YARTAU NORTE,HIGHTIDE,42,-53.80405667,-70.17466167,,TG-6,MBON_P2P,,no,25x25cm,,AP14-15-16-18
AP140633.jpg,2024-10-06,CHILE,MAGALLANES,KARUKINKA,PUERTO YARTAU NORTE,HIGHTIDE,42,-53.80405833,-70.17466,,TG-6,MBON_P2P,,no,25x25cm,,AP14-15-16-18
AP140634.jpg,2024-10-06,CHILE,MAGALLANES,KARUKINKA,PUERTO YARTAU NORTE,HIGHTIDE,42,-53.80407167,-70.17464833,,TG-6,MBON_P2P,,no,25x25cm,,AP14-15-16-18
AP140635.jpg,2024-10-06,CHILE,MAGALLANES,KARUKINKA,PUERTO YARTAU NORTE,HIGHTIDE,42,-53.80407667,-70.17464833,,TG-6,MBON_P2P,,no,25x25cm,,AP14-15-16-18
AP140636.jpg,2024-10-06,CHILE,MAGALLANES,KARUKINKA,PUERTO YARTAU NORTE,HIGHTIDE,42,-53.80408167,-70.17464333,,TG-6,MBON_P2P,,no,25x25cm,,AP14-15-16-18
AP140637.jpg,2024-10-06,CHILE,MAGALLANES,KARUKINKA,PUERTO YARTAU NORTE,HIGHTIDE,42,-53.80410333,-70.17462,,TG-6,MBON_P2P,,no,25x25cm,,AP14-15-16-18
AP140638.jpg,2024-10-06,CHILE,MAGALLANES,KARUKINKA,PUERTO YARTAU NORTE,HIGHTIDE,42,-53.80414333,-70.17453167,,TG-6,MBON_P2P,,no,25x25cm,,AP14-15-16-18
AP140639.jpg,2024-10-06,CHILE,MAGALLANES,KARUKINKA,PUERTO YARTAU NORTE,HIGHTIDE,42,-53.804145,-70.17452833,,TG-6,MBON_P2P,,no,25x25cm,,AP14-15-16-18
AP140640.jpg,2024-10-06,CHILE,MAGALLANES,KARUKINKA,PUERTO YARTAU NORTE,HIGHTIDE,42,-53.80415333,-70.174525,,TG-6,MBON_P2P,,no,25x25cm,,AP14-15-16-18
AP140641.jpg,2024-10-06,CHILE,MAGALLANES,KARUKINKA,PUERTO YARTAU NORTE,HIGHTIDE,42,-53.80416167,-70.174525,,TG-6,MBON_P2P,,no,25x25cm,,AP14-15-16-18
AP140642.jpg,2024-10-06,CHILE,MAGALLANES,KARUKINKA,PUERTO YARTAU NORTE,HIGHTIDE,42,-53.80416667,-70.174545,,TG-6,MBON_P2P,,no,25x25cm,,AP14-15-16-18
AP140643.jpg,2024-10-06,CHILE,MAGALLANES,KARUKINKA,PUERTO YARTAU NORTE,HIGHTIDE,42,-53.80433833,-70.174585,,TG-6,MBON_P2P,,no,25x25cm,,AP14-15-16-18
AP140644.jpg,2024-10-06,CHILE,MAGALLANES,KARUKINKA,PUERTO YARTAU NORTE,HIGHTIDE,42,-53.80434167,-70.174585,,TG-6,MBON_P2P,,no,25x25cm,,AP14-15-16-18
AP140645.jpg,2024-10-06,CHILE,MAGALLANES,KARUKINKA,PUERTO YARTAU NORTE,HIGHTIDE,42,-53.804355,-70.174595,,TG-6,MBON_P2P,,no,25x25cm,,AP14-15-16-18
AP140646.jpg,2024-10-06,CHILE,MAGALLANES,KARUKINKA,PUERTO YARTAU NORTE,HIGHTIDE,42,-53.80434333,-70.17460333,,TG-6,MBON_P2P,,no,25x25cm,,AP14-15-16-18
AP140647.jpg,2024-10-06,CHILE,MAGALLANES,KARUKINKA,PUERTO YARTAU NORTE,HIGHTIDE,42,-53.80434333,-70.17460333,,TG-6,MBON_P2P,,no,25x25cm,,AP14-15-16-18
AP140648.jpg,2024-10-06,CHILE,MAGALLANES,KARUKINKA,PUERTO YARTAU NORTE,HIGHTIDE,42,-53.80434167,-70.17460333,,TG-6,MBON_P2P,,no,25x25cm,,AP14-15-16-18
AP140649.jpg,2024-10-06,CHILE,MAGALLANES,KARUKINKA,PUERTO YARTAU NORTE,HIGHTIDE,42,-53.80434167,-70.17460333,,TG-6,MBON_P2P,,no,25x25cm,,AP14-15-16-18
AP140650.jpg,2024-10-06,CHILE,MAGALLANES,KARUKINKA,PUERTO YARTAU NORTE,HIGHTIDE,42,-53.80434167,-70.17460333,,TG-6,MBON_P2P,,no,25x25cm,,AP14-15-16-18
AP140651.jpg,2024-10-06,CHILE,MAGALLANES,KARUKINKA,PUERTO YARTAU NORTE,HIGHTIDE,42,-53.80434333,-70.17460167,,TG-6,MBON_P2P,,no,25x25cm,,AP14-15-16-18
AP140652.jpg,2024-10-06,CHILE,MAGALLANES,KARUKINKA,PUERTO YARTAU NORTE,HIGHTIDE,42,-53.80436,-70.17459833,,TG-6,MBON_P2P,,no,25x25cm,,AP14-15-16-18
AP140653.jpg,2024-10-06,CHILE,MAGALLANES,KARUKINKA,PUERTO YARTAU NORTE,HIGHTIDE,42,-53.80436,-70.17459833,,TG-6,MBON_P2P,,no,25x25cm,,AP14-15-16-18
AP140654.jpg,2024-10-06,CHILE,MAGALLANES,KARUKINKA,PUERTO YARTAU NORTE,HIGHTIDE,42,-53.80436,-70.17459833,,TG-6,MBON_P2P,,no,25x25cm,,AP14-15-16-18
AP150200.jpg,2024-04-11,CHILE,LOS RIOS,VALDIVIA,PLAYA ROSADA,HIGHTIDE,42,-39.82731167,-73.40494,,TG-6,MBON_P2P,,no,25x25cm,,AP14-15-16-18
AP150201.jpg,2024-04-11,CHILE,LOS RIOS,VALDIVIA,PLAYA ROSADA,HIGHTIDE,42,-39.82741,-73.40477833,,TG-6,MBON_P2P,,no,25x25cm,,AP14-15-16-18
AP150202.jpg,2024-04-11,CHILE,LOS RIOS,VALDIVIA,PLAYA ROSADA,HIGHTIDE,42,-39.82741,-73.40478667,,TG-6,MBON_P2P,,no,25x25cm,,AP14-15-16-18
AP150203.jpg,2024-04-11,CHILE,LOS RIOS,VALDIVIA,PLAYA ROSADA,HIGHTIDE,42,-39.82740167,-73.40478333,,TG-6,MBON_P2P,,no,25x25cm,,AP14-15-16-18
AP150204.jpg,2024-04-11,CHILE,LOS RIOS,VALDIVIA,PLAYA ROSADA,HIGHTIDE,42,-39.82740167,-73.40478333,,TG-6,MBON_P2P,,no,25x25cm,,AP14-15-16-18
AP150205.jpg,2024-04-11,CHILE,LOS RIOS,VALDIVIA,PLAYA ROSADA,HIGHTIDE,42,-39.82740167,-73.40478333,,TG-6,MBON_P2P,,no,25x25cm,,AP14-15-16-18
AP150206.jpg,2024-04-11,CHILE,LOS RIOS,VALDIVIA,PLAYA ROSADA,HIGHTIDE,42,-39.82739,-73.40478167,,TG-6,MBON_P2P,,no,25x25cm,,AP14-15-16-18
AP150207.jpg,2024-04-11,CHILE,LOS RIOS,VALDIVIA,PLAYA ROSADA,HIGHTIDE,42,-39.82739,-73.40478167,,TG-6,MBON_P2P,,no,25x25cm,,AP14-15-16-18
AP150208.jpg,2024-04-11,CHILE,LOS RIOS,VALDIVIA,PLAYA ROSADA,HIGHTIDE,42,-39.82739,-73.40478667,,TG-6,MBON_P2P,,no,25x25cm,,AP14-15-16-18
AP150209.jpg,2024-04-11,CHILE,LOS RIOS,VALDIVIA,PLAYA ROSADA,HIGHTIDE,42,-39.82739,-73.40480333,,TG-6,MBON_P2P,,no,25x25cm,,AP14-15-16-18
AP150210.jpg,2024-04-11,CHILE,LOS RIOS,VALDIVIA,PLAYA ROSADA,HIGHTIDE,42,-39.82739,-73.40480333,,TG-6,MBON_P2P,,no,25x25cm,,AP14-15-16-18
AP150211.jpg,2024-04-11,CHILE,LOS RIOS,VALDIVIA,PLAYA ROSADA,HIGHTIDE,42,-39.82738833,-73.40481,,TG-6,MBON_P2P,,no,25x25cm,,AP14-15-16-18
AP150212.jpg,2024-04-11,CHILE,LOS RIOS,VALDIVIA,PLAYA ROSADA,HIGHTIDE,42,-39.827385,-73.40489667,,TG-6,MBON_P2P,,no,25x25cm,,AP14-15-16-18
AP150213.jpg,2024-04-11,CHILE,LOS RIOS,VALDIVIA,PLAYA ROSADA,HIGHTIDE,42,-39.82739667,-73.404915,,TG-6,MBON_P2P,,no,25x25cm,,AP14-15-16-18
AP150214.jpg,2024-04-11,CHILE,LOS RIOS,VALDIVIA,PLAYA ROSADA,HIGHTIDE,42,-39.82737333,-73.404915,,TG-6,MBON_P2P,,no,25x25cm,,AP14-15-16-18
AP150215.jpg,2024-04-11,CHILE,LOS RIOS,VALDIVIA,PLAYA ROSADA,HIGHTIDE,42,-39.82737833,-73.40493833,,TG-6,MBON_P2P,,no,25x25cm,,AP14-15-16-18
AP150216.jpg,2024-04-11,CHILE,LOS RIOS,VALDIVIA,PLAYA ROSADA,HIGHTIDE,42,-39.82736,-73.40493833,,TG-6,MBON_P2P,,no,25x25cm,,AP14-15-16-18
AP150217.jpg,2024-04-11,CHILE,LOS RIOS,VALDIVIA,PLAYA ROSADA,HIGHTIDE,42,-39.82736667,-73.40494167,,TG-6,MBON_P2P,,no,25x25cm,,AP14-15-16-18
AP150218.jpg,2024-04-11,CHILE,LOS RIOS,VALDIVIA,PLAYA ROSADA,HIGHTIDE,42,-39.82736667,-73.40494167,,TG-6,MBON_P2P,,no,25x25cm,,AP14-15-16-18
AP150219.jpg,2024-04-11,CHILE,LOS RIOS,VALDIVIA,PLAYA ROSADA,HIGHTIDE,42,-39.82736167,-73.40495667,,TG-6,MBON_P2P,,no,25x25cm,,AP14-15-16-18
AP150220.jpg,2024-04-11,CHILE,LOS RIOS,VALDIVIA,PLAYA ROSADA,HIGHTIDE,42,-39.82736167,-73.40496167,,TG-6,MBON_P2P,,no,25x25cm,,AP14-15-16-18
AP150221.jpg,2024-04-11,CHILE,LOS RIOS,VALDIVIA,PLAYA ROSADA,HIGHTIDE,42,-39.82736333,-73.40497667,,TG-6,MBON_P2P,,no,25x25cm,,AP14-15-16-18
AP150222.jpg,2024-04-11,CHILE,LOS RIOS,VALDIVIA,PLAYA ROSADA,HIGHTIDE,42,-39.82736167,-73.40497667,,TG-6,MBON_P2P,,no,25x25cm,,AP14-15-16-18
AP150223.jpg,2024-04-11,CHILE,LOS RIOS,VALDIVIA,PLAYA ROSADA,HIGHTIDE,42,-39.82736167,-73.40497667,,TG-6,MBON_P2P,,no,25x25cm,,AP14-15-16-18
AP150224.jpg,2024-04-11,CHILE,LOS RIOS,VALDIVIA,PLAYA ROSADA,HIGHTIDE,42,-39.82736,-73.40500833,,TG-6,MBON_P2P,,no,25x25cm,,AP14-15-16-18
AP150225.jpg,2024-04-11,CHILE,LOS RIOS,VALDIVIA,PLAYA ROSADA,HIGHTIDE,42,-39.82737667,-73.40499667,,TG-6,MBON_P2P,,no,25x25cm,,AP14-15-16-18
AP150226.jpg,2024-04-11,CHILE,LOS RIOS,VALDIVIA,PLAYA ROSADA,HIGHTIDE,42,-39.82737,-73.404995,,TG-6,MBON_P2P,,no,25x25cm,,AP14-15-16-18
AP150227.jpg,2024-04-11,CHILE,LOS RIOS,VALDIVIA,PLAYA ROSADA,HIGHTIDE,42,-39.82737,-73.404995,,TG-6,MBON_P2P,,no,25x25cm,,AP14-15-16-18
AP150228.jpg,2024-04-11,CHILE,LOS RIOS,VALDIVIA,PLAYA ROSADA,HIGHTIDE,42,-39.82736833,-73.404995,,TG-6,MBON_P2P,,no,25x25cm,,AP14-15-16-18
AP150229.jpg,2024-04-11,CHILE,LOS RIOS,VALDIVIA,PLAYA ROSADA,HIGHTIDE,42,-39.82736,-73.40502,,TG-6,MBON_P2P,,no,25x25cm,,AP14-15-16-18
AP150230.jpg,2024-04-11,CHILE,LOS RIOS,VALDIVIA,PLAYA ROSADA,HIGHTIDE,42,-39.82733167,-73.4051,,TG-6,MBON_P2P,,no,25x25cm,,AP14-15-16-18
AP150231.jpg,2024-04-11,CHILE,LOS RIOS,VALDIVIA,PLAYA ROSADA,HIGHTIDE,42,-39.82733167,-73.4051,,TG-6,MBON_P2P,,no,25x25cm,,AP14-15-16-18
AP150232.jpg,2024-04-11,CHILE,LOS RIOS,VALDIVIA,PLAYA ROSADA,HIGHTIDE,42,-39.82732833,-73.405105,,TG-6,MBON_P2P,,no,25x25cm,,AP14-15-16-18
AP150233.jpg,2024-04-11,CHILE,LOS RIOS,VALDIVIA,PLAYA ROSADA,HIGHTIDE,42,-39.82732167,-73.40511333,,TG-6,MBON_P2P,,no,25x25cm,,AP14-15-16-18
AP150234.jpg,2024-04-11,CHILE,LOS RIOS,VALDIVIA,PLAYA ROSADA,HIGHTIDE,42,-39.82732167,-73.40511333,,TG-6,MBON_P2P,,no,25x25cm,,AP14-15-16-18
AP150235.jpg,2024-04-11,CHILE,LOS RIOS,VALDIVIA,PLAYA ROSADA,HIGHTIDE,42,-39.82732,-73.40511333,,TG-6,MBON_P2P,,no,25x25cm,,AP14-15-16-18
AP150236.jpg,2024-04-11,CHILE,LOS RIOS,VALDIVIA,PLAYA ROSADA,HIGHTIDE,42,-39.82732,-73.40511333,,TG-6,MBON_P2P,,no,25x25cm,,AP14-15-16-18
AP150237.jpg,2024-04-11,CHILE,LOS RIOS,VALDIVIA,PLAYA ROSADA,HIGHTIDE,42,-39.82730667,-73.40511167,,TG-6,MBON_P2P,,no,25x25cm,,AP14-15-16-18
AP150238.jpg,2024-04-11,CHILE,LOS RIOS,VALDIVIA,PLAYA ROSADA,HIGHTIDE,42,-39.827305,-73.40511167,,TG-6,MBON_P2P,,no,25x25cm,,AP14-15-16-18
AP150239.jpg,2024-04-11,CHILE,LOS RIOS,VALDIVIA,PLAYA ROSADA,HIGHTIDE,42,-39.827305,-73.40511167,,TG-6,MBON_P2P,,no,25x25cm,,AP14-15-16-18
AP150240.jpg,2024-04-11,CHILE,LOS RIOS,VALDIVIA,PLAYA ROSADA,HIGHTIDE,42,-39.82730333,-73.40511333,,TG-6,MBON_P2P,,no,25x25cm,,AP14-15-16-18
AP150241.jpg,2024-04-11,CHILE,LOS RIOS,VALDIVIA,PLAYA ROSADA,HIGHTIDE,42,-39.82730167,-73.40511333,,TG-6,MBON_P2P,,no,25x25cm,,AP14-15-16-18
AP150242.jpg,2024-04-11,CHILE,LOS RIOS,VALDIVIA,PLAYA ROSADA,HIGHTIDE,42,-39.82730167,-73.40511333,,TG-6,MBON_P2P,,no,25x25cm,,AP14-15-16-18
AP150243.jpg,2024-04-11,CHILE,LOS RIOS,VALDIVIA,PLAYA ROSADA,HIGHTIDE,42,-39.8273,-73.40511333,,TG-6,MBON_P2P,,no,25x25cm,,AP14-15-16-18
AP150244.jpg,2024-04-11,CHILE,LOS RIOS,VALDIVIA,PLAYA ROSADA,HIGHTIDE,42,-39.8273,-73.40511333,,TG-6,MBON_P2P,,no,25x25cm,,AP14-15-16-18
AP150245.jpg,2024-04-11,CHILE,LOS RIOS,VALDIVIA,PLAYA ROSADA,HIGHTIDE,42,-39.82728,-73.405135,,TG-6,MBON_P2P,,no,25x25cm,,AP14-15-16-18
AP150247.jpg,2024-04-11,CHILE,LOS RIOS,VALDIVIA,PLAYA ROSADA,MIDTIDE,42,-39.82727333,-73.405135,,TG-6,MBON_P2P,,no,25x25cm,,AP14-15-16-18
AP150248.jpg,2024-04-11,CHILE,LOS RIOS,VALDIVIA,PLAYA ROSADA,MIDTIDE,42,-39.82727167,-73.405135,,TG-6,MBON_P2P,,no,25x25cm,,AP14-15-16-18
AP150249.jpg,2024-04-11,CHILE,LOS RIOS,VALDIVIA,PLAYA ROSADA,MIDTIDE,42,-39.82727167,-73.405135,,TG-6,MBON_P2P,,no,25x25cm,,AP14-15-16-18
AP150250.jpg,2024-04-11,CHILE,LOS RIOS,VALDIVIA,PLAYA ROSADA,MIDTIDE,42,-39.82727,-73.405135,,TG-6,MBON_P2P,,no,25x25cm,,AP14-15-16-18
AP150251.jpg,2024-04-11,CHILE,LOS RIOS,VALDIVIA,PLAYA ROSADA,MIDTIDE,42,-39.82727,-73.405135,,TG-6,MBON_P2P,,no,25x25cm,,AP14-15-16-18
AP150252.jpg,2024-04-11,CHILE,LOS RIOS,VALDIVIA,PLAYA ROSADA,MIDTIDE,42,-39.82726833,-73.405135,,TG-6,MBON_P2P,,no,25x25cm,,AP14-15-16-18
AP150253.jpg,2024-04-11,CHILE,LOS RIOS,VALDIVIA,PLAYA ROSADA,MIDTIDE,42,-39.827265,-73.40513667,,TG-6,MBON_P2P,,no,25x25cm,,AP14-15-16-18
AP150254.jpg,2024-04-11,CHILE,LOS RIOS,VALDIVIA,PLAYA ROSADA,MIDTIDE,42,-39.82726333,-73.40513667,,TG-6,MBON_P2P,,no,25x25cm,,AP14-15-16-18
AP150255.jpg,2024-04-11,CHILE,LOS RIOS,VALDIVIA,PLAYA ROSADA,MIDTIDE,42,-39.82726333,-73.40513667,,TG-6,MBON_P2P,,no,25x25cm,,AP14-15-16-18
AP150256.jpg,2024-04-11,CHILE,LOS RIOS,VALDIVIA,PLAYA ROSADA,MIDTIDE,42,-39.82726333,-73.40513667,,TG-6,MBON_P2P,,no,25x25cm,,AP14-15-16-18
AP150257.jpg,2024-04-11,CHILE,LOS RIOS,VALDIVIA,PLAYA ROSADA,MIDTIDE,42,-39.82726167,-73.40513667,,TG-6,MBON_P2P,,no,25x25cm,,AP14-15-16-18
AP150258.jpg,2024-04-11,CHILE,LOS RIOS,VALDIVIA,PLAYA ROSADA,MIDTIDE,42,-39.82726167,-73.40513667,,TG-6,MBON_P2P,,no,25x25cm,,AP14-15-16-18
AP150259.jpg,2024-04-11,CHILE,LOS RIOS,VALDIVIA,PLAYA ROSADA,MIDTIDE,42,-39.82726333,-73.40513,,TG-6,MBON_P2P,,no,25x25cm,,AP14-15-16-18
AP150260.jpg,2024-04-11,CHILE,LOS RIOS,VALDIVIA,PLAYA ROSADA,MIDTIDE,42,-39.82726333,-73.40513,,TG-6,MBON_P2P,,no,25x25cm,,AP14-15-16-18
AP150261.jpg,2024-04-11,CHILE,LOS RIOS,VALDIVIA,PLAYA ROSADA,MIDTIDE,42,-39.82727333,-73.40512833,,TG-6,MBON_P2P,,no,25x25cm,,AP14-15-16-18
AP150262.jpg,2024-04-11,CHILE,LOS RIOS,VALDIVIA,PLAYA ROSADA,MIDTIDE,42,-39.82726833,-73.40513333,,TG-6,MBON_P2P,,no,25x25cm,,AP14-15-16-18
AP150263.jpg,2024-04-11,CHILE,LOS RIOS,VALDIVIA,PLAYA ROSADA,MIDTIDE,42,-39.82725667,-73.40510667,,TG-6,MBON_P2P,,no,25x25cm,,AP14-15-16-18
AP150264.jpg,2024-04-11,CHILE,LOS RIOS,VALDIVIA,PLAYA ROSADA,MIDTIDE,42,-39.827255,-73.40510667,,TG-6,MBON_P2P,,no,25x25cm,,AP14-15-16-18
AP150265.jpg,2024-04-11,CHILE,LOS RIOS,VALDIVIA,PLAYA ROSADA,MIDTIDE,42,-39.827255,-73.40510667,,TG-6,MBON_P2P,,no,25x25cm,,AP14-15-16-18
AP150266.jpg,2024-04-11,CHILE,LOS RIOS,VALDIVIA,PLAYA ROSADA,MIDTIDE,42,-39.82724,-73.40509,,TG-6,MBON_P2P,,no,25x25cm,,AP14-15-16-18
AP150267.jpg,2024-04-11,CHILE,LOS RIOS,VALDIVIA,PLAYA ROSADA,MIDTIDE,42,-39.82724,-73.40509,,TG-6,MBON_P2P,,no,25x25cm,,AP14-15-16-18
AP150268.jpg,2024-04-11,CHILE,LOS RIOS,VALDIVIA,PLAYA ROSADA,MIDTIDE,42,-39.82724,-73.40509,,TG-6,MBON_P2P,,no,25x25cm,,AP14-15-16-18
AP150269.jpg,2024-04-11,CHILE,LOS RIOS,VALDIVIA,PLAYA ROSADA,MIDTIDE,42,-39.82724,-73.405105,,TG-6,MBON_P2P,,no,25x25cm,,AP14-15-16-18
AP150270.jpg,2024-04-11,CHILE,LOS RIOS,VALDIVIA,PLAYA ROSADA,MIDTIDE,42,-39.82724,-73.40509,,TG-6,MBON_P2P,,no,25x25cm,,AP14-15-16-18
AP150271.jpg,2024-04-11,CHILE,LOS RIOS,VALDIVIA,PLAYA ROSADA,MIDTIDE,42,-39.82724,-73.40509,,TG-6,MBON_P2P,,no,25x25cm,,AP14-15-16-18
AP150272.jpg,2024-04-11,CHILE,LOS RIOS,VALDIVIA,PLAYA ROSADA,MIDTIDE,42,-39.82723667,-73.405065,,TG-6,MBON_P2P,,no,25x25cm,,AP14-15-16-18
AP150273.jpg,2024-04-11,CHILE,LOS RIOS,VALDIVIA,PLAYA ROSADA,MIDTIDE,42,-39.82724333,-73.40507833,,TG-6,MBON_P2P,,no,25x25cm,,AP14-15-16-18
AP150274.jpg,2024-04-11,CHILE,LOS RIOS,VALDIVIA,PLAYA ROSADA,MIDTIDE,42,-39.82724167,-73.40507833,,TG-6,MBON_P2P,,no,25x25cm,,AP14-15-16-18
AP150275.jpg,2024-04-11,CHILE,LOS RIOS,VALDIVIA,PLAYA ROSADA,MIDTIDE,42,-39.82724167,-73.40507833,,TG-6,MBON_P2P,,no,25x25cm,,AP14-15-16-18
AP150276.jpg,2024-04-11,CHILE,LOS RIOS,VALDIVIA,PLAYA ROSADA,MIDTIDE,42,-39.827255,-73.40510167,,TG-6,MBON_P2P,,no,25x25cm,,AP14-15-16-18
AP150277.jpg,2024-04-11,CHILE,LOS RIOS,VALDIVIA,PLAYA ROSADA,MIDTIDE,42,-39.827245,-73.40510333,,TG-6,MBON_P2P,,no,25x25cm,,AP14-15-16-18
AP150278.jpg,2024-04-11,CHILE,LOS RIOS,VALDIVIA,PLAYA ROSADA,MIDTIDE,42,-39.82723667,-73.40511,,TG-6,MBON_P2P,,no,25x25cm,,AP14-15-16-18
AP150279.jpg,2024-04-11,CHILE,LOS RIOS,VALDIVIA,PLAYA ROSADA,MIDTIDE,42,-39.82723667,-73.40511,,TG-6,MBON_P2P,,no,25x25cm,,AP14-15-16-18
AP150280.jpg,2024-04-11,CHILE,LOS RIOS,VALDIVIA,PLAYA ROSADA,MIDTIDE,42,-39.82723667,-73.40510833,,TG-6,MBON_P2P,,no,25x25cm,,AP14-15-16-18
AP150281.jpg,2024-04-11,CHILE,LOS RIOS,VALDIVIA,PLAYA ROSADA,MIDTIDE,42,-39.82723667,-73.40510667,,TG-6,MBON_P2P,,no,25x25cm,,AP14-15-16-18
AP150282.jpg,2024-04-11,CHILE,LOS RIOS,VALDIVIA,PLAYA ROSADA,MIDTIDE,42,-39.82723667,-73.40510667,,TG-6,MBON_P2P,,no,25x25cm,,AP14-15-16-18
AP150283.jpg,2024-04-11,CHILE,LOS RIOS,VALDIVIA,PLAYA ROSADA,MIDTIDE,42,-39.82723667,-73.40510667,,TG-6,MBON_P2P,,no,25x25cm,,AP14-15-16-18
AP150284.jpg,2024-04-11,CHILE,LOS RIOS,VALDIVIA,PLAYA ROSADA,MIDTIDE,42,-39.82723667,-73.40510667,,TG-6,MBON_P2P,,no,25x25cm,,AP14-15-16-18
AP150285.jpg,2024-04-11,CHILE,LOS RIOS,VALDIVIA,PLAYA ROSADA,MIDTIDE,42,-39.82723667,-73.40510667,,TG-6,MBON_P2P,,no,25x25cm,,AP14-15-16-18
AP150286.jpg,2024-04-11,CHILE,LOS RIOS,VALDIVIA,PLAYA ROSADA,MIDTIDE,42,-39.82723667,-73.40510667,,TG-6,MBON_P2P,,no,25x25cm,,AP14-15-16-18
AP150287.jpg,2024-04-11,CHILE,LOS RIOS,VALDIVIA,PLAYA ROSADA,MIDTIDE,42,-39.82723667,-73.405105,,TG-6,MBON_P2P,,no,25x25cm,,AP14-15-16-18
AP150288.jpg,2024-04-11,CHILE,LOS RIOS,VALDIVIA,PLAYA ROSADA,MIDTIDE,42,-39.82723667,-73.405105,,TG-6,MBON_P2P,,no,25x25cm,,AP14-15-16-18
AP150289.jpg,2024-04-11,CHILE,LOS RIOS,VALDIVIA,PLAYA ROSADA,MIDTIDE,42,-39.82723667,-73.405105,,TG-6,MBON_P2P,,no,25x25cm,,AP14-15-16-18
AP150290.jpg,2024-04-11,CHILE,LOS RIOS,VALDIVIA,PLAYA ROSADA,MIDTIDE,42,-39.82723833,-73.405105,,TG-6,MBON_P2P,,no,25x25cm,,AP14-15-16-18
AP150291.jpg,2024-04-11,CHILE,LOS RIOS,VALDIVIA,PLAYA ROSADA,MIDTIDE,42,-39.82723833,-73.405105,,TG-6,MBON_P2P,,no,25x25cm,,AP14-15-16-18
AP150292.jpg,2024-04-11,CHILE,LOS RIOS,VALDIVIA,PLAYA ROSADA,MIDTIDE,42,-39.82723833,-73.40510333,,TG-6,MBON_P2P,,no,25x25cm,,AP14-15-16-18
AP150293.jpg,2024-04-11,CHILE,LOS RIOS,VALDIVIA,PLAYA ROSADA,MIDTIDE,42,-39.82726667,-73.40504833,,TG-6,MBON_P2P,,no,25x25cm,,AP14-15-16-18
AP150294.jpg,2024-04-11,CHILE,LOS RIOS,VALDIVIA,PLAYA ROSADA,MIDTIDE,42,-39.82727167,-73.40504,,TG-6,MBON_P2P,,no,25x25cm,,AP14-15-16-18
AP150295.jpg,2024-04-11,CHILE,LOS RIOS,VALDIVIA,PLAYA ROSADA,MIDTIDE,42,-39.82727167,-73.40504,,TG-6,MBON_P2P,,no,25x25cm,,AP14-15-16-18
AP150296.jpg,2024-04-11,CHILE,LOS RIOS,VALDIVIA,PLAYA ROSADA,MIDTIDE,42,-39.82728167,-73.40503,,TG-6,MBON_P2P,,no,25x25cm,,AP14-15-16-18
AP150297.jpg,2024-04-11,CHILE,LOS RIOS,VALDIVIA,PLAYA ROSADA,MIDTIDE,42,-39.82729167,-73.40503167,,TG-6,MBON_P2P,,no,25x25cm,,AP14-15-16-18
AP150298.jpg,2024-04-11,CHILE,LOS RIOS,VALDIVIA,PLAYA ROSADA,MIDTIDE,42,-39.82729167,-73.40503167,,TG-6,MBON_P2P,,no,25x25cm,,AP14-15-16-18
AP150299.jpg,2024-04-11,CHILE,LOS RIOS,VALDIVIA,PLAYA ROSADA,MIDTIDE,42,-39.82729167,-73.40503,,TG-6,MBON_P2P,,no,25x25cm,,AP14-15-16-18
AP150301.jpg,2024-04-11,CHILE,LOS RIOS,VALDIVIA,PLAYA ROSADA,LOWTIDE,42,-39.82728167,-73.40503667,,TG-6,MBON_P2P,,no,25x25cm,,AP14-15-16-18
AP150302.jpg,2024-04-11,CHILE,LOS RIOS,VALDIVIA,PLAYA ROSADA,LOWTIDE,42,-39.827115,-73.4052,,TG-6,MBON_P2P,,no,25x25cm,,AP14-15-16-18
AP150303.jpg,2024-04-11,CHILE,LOS RIOS,VALDIVIA,PLAYA ROSADA,LOWTIDE,42,-39.827115,-73.4052,,TG-6,MBON_P2P,,no,25x25cm,,AP14-15-16-18
AP150304.jpg,2024-04-11,CHILE,LOS RIOS,VALDIVIA,PLAYA ROSADA,LOWTIDE,42,-39.827115,-73.4052,,TG-6,MBON_P2P,,no,25x25cm,,AP14-15-16-18
AP150305.jpg,2024-04-11,CHILE,LOS RIOS,VALDIVIA,PLAYA ROSADA,LOWTIDE,42,-39.827115,-73.4052,,TG-6,MBON_P2P,,no,25x25cm,,AP14-15-16-18
AP150306.jpg,2024-04-11,CHILE,LOS RIOS,VALDIVIA,PLAYA ROSADA,LOWTIDE,42,-39.827115,-73.4052,,TG-6,MBON_P2P,,no,25x25cm,,AP14-15-16-18
AP150307.jpg,2024-04-11,CHILE,LOS RIOS,VALDIVIA,PLAYA ROSADA,LOWTIDE,42,-39.827115,-73.4052,,TG-6,MBON_P2P,,no,25x25cm,,AP14-15-16-18
AP150308.jpg,2024-04-11,CHILE,LOS RIOS,VALDIVIA,PLAYA ROSADA,LOWTIDE,42,-39.82711667,-73.40518833,,TG-6,MBON_P2P,,no,25x25cm,,AP14-15-16-18
AP150309.jpg,2024-04-11,CHILE,LOS RIOS,VALDIVIA,PLAYA ROSADA,LOWTIDE,42,-39.82711667,-73.40518833,,TG-6,MBON_P2P,,no,25x25cm,,AP14-15-16-18
AP150310.jpg,2024-04-11,CHILE,LOS RIOS,VALDIVIA,PLAYA ROSADA,LOWTIDE,42,-39.82711833,-73.405185,,TG-6,MBON_P2P,,no,25x25cm,,AP14-15-16-18
AP150311.jpg,2024-04-11,CHILE,LOS RIOS,VALDIVIA,PLAYA ROSADA,LOWTIDE,42,-39.82713833,-73.40519,,TG-6,MBON_P2P,,no,25x25cm,,AP14-15-16-18
AP150312.jpg,2024-04-11,CHILE,LOS RIOS,VALDIVIA,PLAYA ROSADA,LOWTIDE,42,-39.82715,-73.40519667,,TG-6,MBON_P2P,,no,25x25cm,,AP14-15-16-18
AP150313.jpg,2024-04-11,CHILE,LOS RIOS,VALDIVIA,PLAYA ROSADA,LOWTIDE,42,-39.82715,-73.40519667,,TG-6,MBON_P2P,,no,25x25cm,,AP14-15-16-18
AP150314.jpg,2024-04-11,CHILE,LOS RIOS,VALDIVIA,PLAYA ROSADA,LOWTIDE,42,-39.827155,-73.40519167,,TG-6,MBON_P2P,,no,25x25cm,,AP14-15-16-18
AP150315.jpg,2024-04-11,CHILE,LOS RIOS,VALDIVIA,PLAYA ROSADA,LOWTIDE,42,-39.827155,-73.40518667,,TG-6,MBON_P2P,,no,25x25cm,,AP14-15-16-18
AP150316.jpg,2024-04-11,CHILE,LOS RIOS,VALDIVIA,PLAYA ROSADA,LOWTIDE,42,-39.827155,-73.40518667,,TG-6,MBON_P2P,,no,25x25cm,,AP14-15-16-18
AP150317.jpg,2024-04-11,CHILE,LOS RIOS,VALDIVIA,PLAYA ROSADA,LOWTIDE,42,-39.827155,-73.40518667,,TG-6,MBON_P2P,,no,25x25cm,,AP14-15-16-18
AP150318.jpg,2024-04-11,CHILE,LOS RIOS,VALDIVIA,PLAYA ROSADA,LOWTIDE,42,-39.827155,-73.405185,,TG-6,MBON_P2P,,no,25x25cm,,AP14-15-16-18
AP150319.jpg,2024-04-11,CHILE,LOS RIOS,VALDIVIA,PLAYA ROSADA,LOWTIDE,42,-39.82715833,-73.40519167,,TG-6,MBON_P2P,,no,25x25cm,,AP14-15-16-18
AP150320.jpg,2024-04-11,CHILE,LOS RIOS,VALDIVIA,PLAYA ROSADA,LOWTIDE,42,-39.82716333,-73.405175,,TG-6,MBON_P2P,,no,25x25cm,,AP14-15-16-18
AP150321.jpg,2024-04-11,CHILE,LOS RIOS,VALDIVIA,PLAYA ROSADA,LOWTIDE,42,-39.82716667,-73.40516833,,TG-6,MBON_P2P,,no,25x25cm,,AP14-15-16-18
AP150322.jpg,2024-04-11,CHILE,LOS RIOS,VALDIVIA,PLAYA ROSADA,LOWTIDE,42,-39.82716667,-73.40516833,,TG-6,MBON_P2P,,no,25x25cm,,AP14-15-16-18
AP150323.jpg,2024-04-11,CHILE,LOS RIOS,VALDIVIA,PLAYA ROSADA,LOWTIDE,42,-39.82716667,-73.40516833,,TG-6,MBON_P2P,,no,25x25cm,,AP14-15-16-18
AP150324.jpg,2024-04-11,CHILE,LOS RIOS,VALDIVIA,PLAYA ROSADA,LOWTIDE,42,-39.82716,-73.40517833,,TG-6,MBON_P2P,,no,25x25cm,,AP14-15-16-18
AP150325.jpg,2024-04-11,CHILE,LOS RIOS,VALDIVIA,PLAYA ROSADA,LOWTIDE,42,-39.82718333,-73.40515667,,TG-6,MBON_P2P,,no,25x25cm,,AP14-15-16-18
AP150326.jpg,2024-04-11,CHILE,LOS RIOS,VALDIVIA,PLAYA ROSADA,LOWTIDE,42,-39.82719167,-73.40516,,TG-6,MBON_P2P,,no,25x25cm,,AP14-15-16-18
AP150327.jpg,2024-04-11,CHILE,LOS RIOS,VALDIVIA,PLAYA ROSADA,LOWTIDE,42,-39.82719167,-73.40516,,TG-6,MBON_P2P,,no,25x25cm,,AP14-15-16-18
AP150328.jpg,2024-04-11,CHILE,LOS RIOS,VALDIVIA,PLAYA ROSADA,LOWTIDE,42,-39.82719167,-73.40516,,TG-6,MBON_P2P,,no,25x25cm,,AP14-15-16-18
AP150329.jpg,2024-04-11,CHILE,LOS RIOS,VALDIVIA,PLAYA ROSADA,LOWTIDE,42,-39.82717,-73.40512667,,TG-6,MBON_P2P,,no,25x25cm,,AP14-15-16-18
AP150330.jpg,2024-04-11,CHILE,LOS RIOS,VALDIVIA,PLAYA ROSADA,LOWTIDE,42,-39.82717833,-73.40512667,,TG-6,MBON_P2P,,no,25x25cm,,AP14-15-16-18
AP150331.jpg,2024-04-11,CHILE,LOS RIOS,VALDIVIA,PLAYA ROSADA,LOWTIDE,42,-39.82717833,-73.40512667,,TG-6,MBON_P2P,,no,25x25cm,,AP14-15-16-18
AP150332.jpg,2024-04-11,CHILE,LOS RIOS,VALDIVIA,PLAYA ROSADA,LOWTIDE,42,-39.82718,-73.40512667,,TG-6,MBON_P2P,,no,25x25cm,,AP14-15-16-18
AP150333.jpg,2024-04-11,CHILE,LOS RIOS,VALDIVIA,PLAYA ROSADA,LOWTIDE,42,-39.82717833,-73.405125,,TG-6,MBON_P2P,,no,25x25cm,,AP14-15-16-18
AP150334.jpg,2024-04-11,CHILE,LOS RIOS,VALDIVIA,PLAYA ROSADA,LOWTIDE,42,-39.82730667,-73.40507833,,TG-6,MBON_P2P,,no,25x25cm,,AP14-15-16-18
AP150335.jpg,2024-04-11,CHILE,LOS RIOS,VALDIVIA,PLAYA ROSADA,LOWTIDE,42,-39.82730667,-73.40507833,,TG-6,MBON_P2P,,no,25x25cm,,AP14-15-16-18
AP150336.jpg,2024-04-11,CHILE,LOS RIOS,VALDIVIA,PLAYA ROSADA,LOWTIDE,42,-39.82730667,-73.40507833,,TG-6,MBON_P2P,,no,25x25cm,,AP14-15-16-18
AP150337.jpg,2024-04-11,CHILE,LOS RIOS,VALDIVIA,PLAYA ROSADA,LOWTIDE,42,-39.82730667,-73.40507833,,TG-6,MBON_P2P,,no,25x25cm,,AP14-15-16-18
AP150338.jpg,2024-04-11,CHILE,LOS RIOS,VALDIVIA,PLAYA ROSADA,LOWTIDE,42,-39.82730333,-73.40505833,,TG-6,MBON_P2P,,no,25x25cm,,AP14-15-16-18
AP150339.jpg,2024-04-11,CHILE,LOS RIOS,VALDIVIA,PLAYA ROSADA,LOWTIDE,42,-39.82729833,-73.40505667,,TG-6,MBON_P2P,,no,25x25cm,,AP14-15-16-18
AP150340.jpg,2024-04-11,CHILE,LOS RIOS,VALDIVIA,PLAYA ROSADA,LOWTIDE,42,-39.82729833,-73.40505667,,TG-6,MBON_P2P,,no,25x25cm,,AP14-15-16-18
AP150341.jpg,2024-04-11,CHILE,LOS RIOS,VALDIVIA,PLAYA ROSADA,LOWTIDE,42,-39.82729833,-73.40505667,,TG-6,MBON_P2P,,no,25x25cm,,AP14-15-16-18
AP150342.jpg,2024-04-11,CHILE,LOS RIOS,VALDIVIA,PLAYA ROSADA,LOWTIDE,42,-39.82729833,-73.40505667,,TG-6,MBON_P2P,,no,25x25cm,,AP14-15-16-18
AP150343.jpg,2024-04-11,CHILE,LOS RIOS,VALDIVIA,PLAYA ROSADA,LOWTIDE,42,-39.82729833,-73.405055,,TG-6,MBON_P2P,,no,25x25cm,,AP14-15-16-18
AP150344.jpg,2024-04-11,CHILE,LOS RIOS,VALDIVIA,PLAYA ROSADA,LOWTIDE,42,-39.82729833,-73.405055,,TG-6,MBON_P2P,,no,25x25cm,,AP14-15-16-18
AP150345.jpg,2024-04-11,CHILE,LOS RIOS,VALDIVIA,PLAYA ROSADA,LOWTIDE,42,-39.82729833,-73.405055,,TG-6,MBON_P2P,,no,25x25cm,,AP14-15-16-18
AP150346.jpg,2024-04-11,CHILE,LOS RIOS,VALDIVIA,PLAYA ROSADA,LOWTIDE,42,-39.82735333,-73.40500667,,TG-6,MBON_P2P,,no,25x25cm,,AP14-15-16-18
AP150347.jpg,2024-04-11,CHILE,LOS RIOS,VALDIVIA,PLAYA ROSADA,LOWTIDE,42,-39.82735333,-73.40500667,,TG-6,MBON_P2P,,no,25x25cm,,AP14-15-16-18
AP150348.jpg,2024-04-11,CHILE,LOS RIOS,VALDIVIA,PLAYA ROSADA,LOWTIDE,42,-39.82735333,-73.40500667,,TG-6,MBON_P2P,,no,25x25cm,,AP14-15-16-18
AP150349.jpg,2024-04-11,CHILE,LOS RIOS,VALDIVIA,PLAYA ROSADA,LOWTIDE,42,-39.82735667,-73.40500333,,TG-6,MBON_P2P,,no,25x25cm,,AP14-15-16-18
AP150350.jpg,2024-04-11,CHILE,LOS RIOS,VALDIVIA,PLAYA ROSADA,LOWTIDE,42,-39.82736167,-73.40497833,,TG-6,MBON_P2P,,no,25x25cm,,AP14-15-16-18
AP150351.jpg,2024-04-11,CHILE,LOS RIOS,VALDIVIA,PLAYA ROSADA,LOWTIDE,42,-39.82736167,-73.40497833,,TG-6,MBON_P2P,,no,25x25cm,,AP14-15-16-18
AP150356.jpg,2024-04-11,CHILE,LOS RIOS,VALDIVIA,LONCOYEN,HIGHTIDE,42,-39.818145,-73.402675,,TG-6,MBON_P2P,,no,25x25cm,,AP14-15-16-18
AP150357.jpg,2024-04-11,CHILE,LOS RIOS,VALDIVIA,LONCOYEN,HIGHTIDE,42,-39.81815333,-73.40268167,,TG-6,MBON_P2P,,no,25x25cm,,AP14-15-16-18
AP150358.jpg,2024-04-11,CHILE,LOS RIOS,VALDIVIA,LONCOYEN,HIGHTIDE,42,-39.81815333,-73.40268167,,TG-6,MBON_P2P,,no,25x25cm,,AP14-15-16-18
AP150359.jpg,2024-04-11,CHILE,LOS RIOS,VALDIVIA,LONCOYEN,HIGHTIDE,42,-39.81816667,-73.40269333,,TG-6,MBON_P2P,,no,25x25cm,,AP14-15-16-18
AP150360.jpg,2024-04-11,CHILE,LOS RIOS,VALDIVIA,LONCOYEN,HIGHTIDE,42,-39.818165,-73.40269667,,TG-6,MBON_P2P,,no,25x25cm,,AP14-15-16-18
AP150361.jpg,2024-04-11,CHILE,LOS RIOS,VALDIVIA,LONCOYEN,HIGHTIDE,42,-39.81816667,-73.40269667,,TG-6,MBON_P2P,,no,25x25cm,,AP14-15-16-18
AP150362.jpg,2024-04-11,CHILE,LOS RIOS,VALDIVIA,LONCOYEN,HIGHTIDE,42,-39.81816667,-73.40269833,,TG-6,MBON_P2P,,no,25x25cm,,AP14-15-16-18
AP150363.jpg,2024-04-11,CHILE,LOS RIOS,VALDIVIA,LONCOYEN,HIGHTIDE,42,-39.81816667,-73.40269833,,TG-6,MBON_P2P,,no,25x25cm,,AP14-15-16-18
AP150364.jpg,2024-04-11,CHILE,LOS RIOS,VALDIVIA,LONCOYEN,HIGHTIDE,42,-39.81816167,-73.40270667,,TG-6,MBON_P2P,,no,25x25cm,,AP14-15-16-18
AP150365.jpg,2024-04-11,CHILE,LOS RIOS,VALDIVIA,LONCOYEN,HIGHTIDE,42,-39.81816,-73.402705,,TG-6,MBON_P2P,,no,25x25cm,,AP14-15-16-18
AP150366.jpg,2024-04-11,CHILE,LOS RIOS,VALDIVIA,LONCOYEN,HIGHTIDE,42,-39.81816,-73.40270667,,TG-6,MBON_P2P,,no,25x25cm,,AP14-15-16-18
AP150367.jpg,2024-04-11,CHILE,LOS RIOS,VALDIVIA,LONCOYEN,HIGHTIDE,42,-39.81819,-73.40284667,,TG-6,MBON_P2P,,no,25x25cm,,AP14-15-16-18
AP150368.jpg,2024-04-11,CHILE,LOS RIOS,VALDIVIA,LONCOYEN,HIGHTIDE,42,-39.81818833,-73.40284833,,TG-6,MBON_P2P,,no,25x25cm,,AP14-15-16-18
AP150369.jpg,2024-04-11,CHILE,LOS RIOS,VALDIVIA,LONCOYEN,HIGHTIDE,42,-39.81816333,-73.40284667,,TG-6,MBON_P2P,,no,25x25cm,,AP14-15-16-18
AP150370.jpg,2024-04-11,CHILE,LOS RIOS,VALDIVIA,LONCOYEN,HIGHTIDE,42,-39.81816333,-73.40284667,,TG-6,MBON_P2P,,no,25x25cm,,AP14-15-16-18
AP150371.jpg,2024-04-11,CHILE,LOS RIOS,VALDIVIA,LONCOYEN,HIGHTIDE,42,-39.81817167,-73.40285667,,TG-6,MBON_P2P,,no,25x25cm,,AP14-15-16-18
AP150372.jpg,2024-04-11,CHILE,LOS RIOS,VALDIVIA,LONCOYEN,HIGHTIDE,42,-39.81817,-73.40285667,,TG-6,MBON_P2P,,no,25x25cm,,AP14-15-16-18
AP150373.jpg,2024-04-11,CHILE,LOS RIOS,VALDIVIA,LONCOYEN,HIGHTIDE,42,-39.81817333,-73.40287333,,TG-6,MBON_P2P,,no,25x25cm,,AP14-15-16-18
AP150374.jpg,2024-04-11,CHILE,LOS RIOS,VALDIVIA,LONCOYEN,HIGHTIDE,42,-39.81817333,-73.40287333,,TG-6,MBON_P2P,,no,25x25cm,,AP14-15-16-18
AP150375.jpg,2024-04-11,CHILE,LOS RIOS,VALDIVIA,LONCOYEN,HIGHTIDE,42,-39.81817333,-73.40287333,,TG-6,MBON_P2P,,no,25x25cm,,AP14-15-16-18
AP150376.jpg,2024-04-11,CHILE,LOS RIOS,VALDIVIA,LONCOYEN,HIGHTIDE,42,-39.81817167,-73.40287333,,TG-6,MBON_P2P,,no,25x25cm,,AP14-15-16-18
AP150377.jpg,2024-04-11,CHILE,LOS RIOS,VALDIVIA,LONCOYEN,HIGHTIDE,42,-39.81817167,-73.40287167,,TG-6,MBON_P2P,,no,25x25cm,,AP14-15-16-18
AP150378.jpg,2024-04-11,CHILE,LOS RIOS,VALDIVIA,LONCOYEN,HIGHTIDE,42,-39.81817,-73.40287167,,TG-6,MBON_P2P,,no,25x25cm,,AP14-15-16-18
AP150379.jpg,2024-04-11,CHILE,LOS RIOS,VALDIVIA,LONCOYEN,HIGHTIDE,42,-39.81817,-73.40287167,,TG-6,MBON_P2P,,no,25x25cm,,AP14-15-16-18
AP150380.jpg,2024-04-11,CHILE,LOS RIOS,VALDIVIA,LONCOYEN,HIGHTIDE,42,-39.81816833,-73.40287167,,TG-6,MBON_P2P,,no,25x25cm,,AP14-15-16-18
AP150381.jpg,2024-04-11,CHILE,LOS RIOS,VALDIVIA,LONCOYEN,HIGHTIDE,42,-39.81816667,-73.40287167,,TG-6,MBON_P2P,,no,25x25cm,,AP14-15-16-18
AP150382.jpg,2024-04-11,CHILE,LOS RIOS,VALDIVIA,LONCOYEN,HIGHTIDE,42,-39.81816667,-73.40287167,,TG-6,MBON_P2P,,no,25x25cm,,AP14-15-16-18
AP150383.jpg,2024-04-11,CHILE,LOS RIOS,VALDIVIA,LONCOYEN,HIGHTIDE,42,-39.81816667,-73.40287167,,TG-6,MBON_P2P,,no,25x25cm,,AP14-15-16-18
AP150384.jpg,2024-04-11,CHILE,LOS RIOS,VALDIVIA,LONCOYEN,HIGHTIDE,42,-39.81816667,-73.40287167,,TG-6,MBON_P2P,,no,25x25cm,,AP14-15-16-18
AP150385.jpg,2024-04-11,CHILE,LOS RIOS,VALDIVIA,LONCOYEN,HIGHTIDE,42,-39.81816667,-73.40287167,,TG-6,MBON_P2P,,no,25x25cm,,AP14-15-16-18
AP150386.jpg,2024-04-11,CHILE,LOS RIOS,VALDIVIA,LONCOYEN,HIGHTIDE,42,-39.81818833,-73.402885,,TG-6,MBON_P2P,,no,25x25cm,,AP14-15-16-18
AP150387.jpg,2024-04-11,CHILE,LOS RIOS,VALDIVIA,LONCOYEN,HIGHTIDE,42,-39.81809167,-73.40279833,,TG-6,MBON_P2P,,no,25x25cm,,AP14-15-16-18
AP150388.jpg,2024-04-11,CHILE,LOS RIOS,VALDIVIA,LONCOYEN,HIGHTIDE,42,-39.81809333,-73.402805,,TG-6,MBON_P2P,,no,25x25cm,,AP14-15-16-18
AP150389.jpg,2024-04-11,CHILE,LOS RIOS,VALDIVIA,LONCOYEN,HIGHTIDE,42,-39.81809667,-73.40281333,,TG-6,MBON_P2P,,no,25x25cm,,AP14-15-16-18
AP150390.jpg,2024-04-11,CHILE,LOS RIOS,VALDIVIA,LONCOYEN,HIGHTIDE,42,-39.81809667,-73.40281333,,TG-6,MBON_P2P,,no,25x25cm,,AP14-15-16-18
AP150391.jpg,2024-04-11,CHILE,LOS RIOS,VALDIVIA,LONCOYEN,HIGHTIDE,42,-39.81810167,-73.40283,,TG-6,MBON_P2P,,no,25x25cm,,AP14-15-16-18
AP150392.jpg,2024-04-11,CHILE,LOS RIOS,VALDIVIA,LONCOYEN,HIGHTIDE,42,-39.81810667,-73.40283667,,TG-6,MBON_P2P,,no,25x25cm,,AP14-15-16-18
AP150393.jpg,2024-04-11,CHILE,LOS RIOS,VALDIVIA,LONCOYEN,HIGHTIDE,42,-39.81811167,-73.40284333,,TG-6,MBON_P2P,,no,25x25cm,,AP14-15-16-18
AP150394.jpg,2024-04-11,CHILE,LOS RIOS,VALDIVIA,LONCOYEN,HIGHTIDE,42,-39.81814667,-73.40283667,,TG-6,MBON_P2P,,no,25x25cm,,AP14-15-16-18
AP150395.jpg,2024-04-11,CHILE,LOS RIOS,VALDIVIA,LONCOYEN,HIGHTIDE,42,-39.81811333,-73.403055,,TG-6,MBON_P2P,,no,25x25cm,,AP14-15-16-18
AP150396.jpg,2024-04-11,CHILE,LOS RIOS,VALDIVIA,LONCOYEN,HIGHTIDE,42,-39.81813333,-73.40307833,,TG-6,MBON_P2P,,no,25x25cm,,AP14-15-16-18
AP150397.jpg,2024-04-11,CHILE,LOS RIOS,VALDIVIA,LONCOYEN,HIGHTIDE,42,-39.81814,-73.403075,,TG-6,MBON_P2P,,no,25x25cm,,AP14-15-16-18
AP150398.jpg,2024-04-11,CHILE,LOS RIOS,VALDIVIA,LONCOYEN,HIGHTIDE,42,-39.81814,-73.403075,,TG-6,MBON_P2P,,no,25x25cm,,AP14-15-16-18
AP150399.jpg,2024-04-11,CHILE,LOS RIOS,VALDIVIA,LONCOYEN,HIGHTIDE,42,-39.81814,-73.403075,,TG-6,MBON_P2P,,no,25x25cm,,AP14-15-16-18
AP150400.jpg,2024-04-11,CHILE,LOS RIOS,VALDIVIA,LONCOYEN,HIGHTIDE,42,-39.81814,-73.403075,,TG-6,MBON_P2P,,no,25x25cm,,AP14-15-16-18
AP150401.jpg,2024-04-11,CHILE,LOS RIOS,VALDIVIA,LONCOYEN,HIGHTIDE,42,-39.81814,-73.403075,,TG-6,MBON_P2P,,no,25x25cm,,AP14-15-16-18
AP150402.jpg,2024-04-11,CHILE,LOS RIOS,VALDIVIA,LONCOYEN,HIGHTIDE,42,-39.81814,-73.403075,,TG-6,MBON_P2P,,no,25x25cm,,AP14-15-16-18
AP150403.jpg,2024-04-11,CHILE,LOS RIOS,VALDIVIA,LONCOYEN,HIGHTIDE,42,-39.81814167,-73.403075,,TG-6,MBON_P2P,,no,25x25cm,,AP14-15-16-18
AP150404.jpg,2024-04-11,CHILE,LOS RIOS,VALDIVIA,LONCOYEN,HIGHTIDE,42,-39.81814167,-73.403075,,TG-6,MBON_P2P,,no,25x25cm,,AP14-15-16-18
AP150405.jpg,2024-04-11,CHILE,LOS RIOS,VALDIVIA,LONCOYEN,HIGHTIDE,42,-39.81814167,-73.403075,,TG-6,MBON_P2P,,no,25x25cm,,AP14-15-16-18
AP150406.jpg,2024-04-11,CHILE,LOS RIOS,VALDIVIA,LONCOYEN,HIGHTIDE,42,-39.81814167,-73.40307333,,TG-6,MBON_P2P,,no,25x25cm,,AP14-15-16-18
AP150408.jpg,2024-04-11,CHILE,LOS RIOS,VALDIVIA,LONCOYEN,MIDTIDE,42,-39.81814333,-73.40307667,,TG-6,MBON_P2P,,no,25x25cm,,AP14-15-16-18
AP150409.jpg,2024-04-11,CHILE,LOS RIOS,VALDIVIA,LONCOYEN,MIDTIDE,42,-39.81814,-73.40308,,TG-6,MBON_P2P,,no,25x25cm,,AP14-15-16-18
AP150410.jpg,2024-04-11,CHILE,LOS RIOS,VALDIVIA,LONCOYEN,MIDTIDE,42,-39.81814167,-73.40307833,,TG-6,MBON_P2P,,no,25x25cm,,AP14-15-16-18
AP150411.jpg,2024-04-11,CHILE,LOS RIOS,VALDIVIA,LONCOYEN,MIDTIDE,42,-39.81814167,-73.40307833,,TG-6,MBON_P2P,,no,25x25cm,,AP14-15-16-18
AP150412.jpg,2024-04-11,CHILE,LOS RIOS,VALDIVIA,LONCOYEN,MIDTIDE,42,-39.81814167,-73.40307833,,TG-6,MBON_P2P,,no,25x25cm,,AP14-15-16-18
AP150413.jpg,2024-04-11,CHILE,LOS RIOS,VALDIVIA,LONCOYEN,MIDTIDE,42,-39.81814167,-73.40307833,,TG-6,MBON_P2P,,no,25x25cm,,AP14-15-16-18
AP150414.jpg,2024-04-11,CHILE,LOS RIOS,VALDIVIA,LONCOYEN,MIDTIDE,42,-39.81815,-73.40306667,,TG-6,MBON_P2P,,no,25x25cm,,AP14-15-16-18
AP150415.jpg,2024-04-11,CHILE,LOS RIOS,VALDIVIA,LONCOYEN,MIDTIDE,42,-39.81815,-73.40306667,,TG-6,MBON_P2P,,no,25x25cm,,AP14-15-16-18
AP150416.jpg,2024-04-11,CHILE,LOS RIOS,VALDIVIA,LONCOYEN,MIDTIDE,42,-39.81815,-73.40306667,,TG-6,MBON_P2P,,no,25x25cm,,AP14-15-16-18
AP150417.jpg,2024-04-11,CHILE,LOS RIOS,VALDIVIA,LONCOYEN,MIDTIDE,42,-39.81815,-73.40306833,,TG-6,MBON_P2P,,no,25x25cm,,AP14-15-16-18
AP150418.jpg,2024-04-11,CHILE,LOS RIOS,VALDIVIA,LONCOYEN,MIDTIDE,42,-39.81815,-73.40306833,,TG-6,MBON_P2P,,no,25x25cm,,AP14-15-16-18
AP150419.jpg,2024-04-11,CHILE,LOS RIOS,VALDIVIA,LONCOYEN,MIDTIDE,42,-39.81815,-73.40306833,,TG-6,MBON_P2P,,no,25x25cm,,AP14-15-16-18
AP150420.jpg,2024-04-11,CHILE,LOS RIOS,VALDIVIA,LONCOYEN,MIDTIDE,42,-39.81815,-73.40306833,,TG-6,MBON_P2P,,no,25x25cm,,AP14-15-16-18
AP150421.jpg,2024-04-11,CHILE,LOS RIOS,VALDIVIA,LONCOYEN,MIDTIDE,42,-39.81815,-73.40306833,,TG-6,MBON_P2P,,no,25x25cm,,AP14-15-16-18
AP150422.jpg,2024-04-11,CHILE,LOS RIOS,VALDIVIA,LONCOYEN,MIDTIDE,42,-39.81816167,-73.40307,,TG-6,MBON_P2P,,no,25x25cm,,AP14-15-16-18
AP150423.jpg,2024-04-11,CHILE,LOS RIOS,VALDIVIA,LONCOYEN,MIDTIDE,42,-39.81816167,-73.40307,,TG-6,MBON_P2P,,no,25x25cm,,AP14-15-16-18
AP150424.jpg,2024-04-11,CHILE,LOS RIOS,VALDIVIA,LONCOYEN,MIDTIDE,42,-39.81816333,-73.40307,,TG-6,MBON_P2P,,no,25x25cm,,AP14-15-16-18
AP150425.jpg,2024-04-11,CHILE,LOS RIOS,VALDIVIA,LONCOYEN,MIDTIDE,42,-39.81816333,-73.40307,,TG-6,MBON_P2P,,no,25x25cm,,AP14-15-16-18
AP150426.jpg,2024-04-11,CHILE,LOS RIOS,VALDIVIA,LONCOYEN,MIDTIDE,42,-39.81816333,-73.40307,,TG-6,MBON_P2P,,no,25x25cm,,AP14-15-16-18
AP150427.jpg,2024-04-11,CHILE,LOS RIOS,VALDIVIA,LONCOYEN,MIDTIDE,42,-39.81816167,-73.403055,,TG-6,MBON_P2P,,no,25x25cm,,AP14-15-16-18
AP150428.jpg,2024-04-11,CHILE,LOS RIOS,VALDIVIA,LONCOYEN,MIDTIDE,42,-39.81816167,-73.403055,,TG-6,MBON_P2P,,no,25x25cm,,AP14-15-16-18
AP150429.jpg,2024-04-11,CHILE,LOS RIOS,VALDIVIA,LONCOYEN,MIDTIDE,42,-39.81816167,-73.403055,,TG-6,MBON_P2P,,no,25x25cm,,AP14-15-16-18
AP150430.jpg,2024-04-11,CHILE,LOS RIOS,VALDIVIA,LONCOYEN,MIDTIDE,42,-39.81816167,-73.403055,,TG-6,MBON_P2P,,no,25x25cm,,AP14-15-16-18
AP150431.jpg,2024-04-11,CHILE,LOS RIOS,VALDIVIA,LONCOYEN,MIDTIDE,42,-39.81816167,-73.403055,,TG-6,MBON_P2P,,no,25x25cm,,AP14-15-16-18
AP150432.jpg,2024-04-11,CHILE,LOS RIOS,VALDIVIA,LONCOYEN,MIDTIDE,42,-39.81811,-73.40298333,,TG-6,MBON_P2P,,no,25x25cm,,AP14-15-16-18
AP150433.jpg,2024-04-11,CHILE,LOS RIOS,VALDIVIA,LONCOYEN,MIDTIDE,42,-39.81808333,-73.40301833,,TG-6,MBON_P2P,,no,25x25cm,,AP14-15-16-18
AP150434.jpg,2024-04-11,CHILE,LOS RIOS,VALDIVIA,LONCOYEN,MIDTIDE,42,-39.81807667,-73.40301333,,TG-6,MBON_P2P,,no,25x25cm,,AP14-15-16-18
AP150435.jpg,2024-04-11,CHILE,LOS RIOS,VALDIVIA,LONCOYEN,MIDTIDE,42,-39.81807667,-73.40301333,,TG-6,MBON_P2P,,no,25x25cm,,AP14-15-16-18
AP150436.jpg,2024-04-11,CHILE,LOS RIOS,VALDIVIA,LONCOYEN,MIDTIDE,42,-39.81807667,-73.40301333,,TG-6,MBON_P2P,,no,25x25cm,,AP14-15-16-18
AP150437.jpg,2024-04-11,CHILE,LOS RIOS,VALDIVIA,LONCOYEN,MIDTIDE,42,-39.81807667,-73.40301333,,TG-6,MBON_P2P,,no,25x25cm,,AP14-15-16-18
AP150438.jpg,2024-04-11,CHILE,LOS RIOS,VALDIVIA,LONCOYEN,MIDTIDE,42,-39.81807667,-73.40301333,,TG-6,MBON_P2P,,no,25x25cm,,AP14-15-16-18
AP150439.jpg,2024-04-11,CHILE,LOS RIOS,VALDIVIA,LONCOYEN,MIDTIDE,42,-39.81807667,-73.40301333,,TG-6,MBON_P2P,,no,25x25cm,,AP14-15-16-18
AP150440.jpg,2024-04-11,CHILE,LOS RIOS,VALDIVIA,LONCOYEN,MIDTIDE,42,-39.81807667,-73.40301333,,TG-6,MBON_P2P,,no,25x25cm,,AP14-15-16-18
AP150441.jpg,2024-04-11,CHILE,LOS RIOS,VALDIVIA,LONCOYEN,MIDTIDE,42,-39.81807833,-73.40298667,,TG-6,MBON_P2P,,no,25x25cm,,AP14-15-16-18
AP150442.jpg,2024-04-11,CHILE,LOS RIOS,VALDIVIA,LONCOYEN,MIDTIDE,42,-39.81807833,-73.40298667,,TG-6,MBON_P2P,,no,25x25cm,,AP14-15-16-18
AP150443.jpg,2024-04-11,CHILE,LOS RIOS,VALDIVIA,LONCOYEN,MIDTIDE,42,-39.81808,-73.40297167,,TG-6,MBON_P2P,,no,25x25cm,,AP14-15-16-18
AP150444.jpg,2024-04-11,CHILE,LOS RIOS,VALDIVIA,LONCOYEN,MIDTIDE,42,-39.81808,-73.40297167,,TG-6,MBON_P2P,,no,25x25cm,,AP14-15-16-18
AP150445.jpg,2024-04-11,CHILE,LOS RIOS,VALDIVIA,LONCOYEN,MIDTIDE,42,-39.81808,-73.40297167,,TG-6,MBON_P2P,,no,25x25cm,,AP14-15-16-18
AP150446.jpg,2024-04-11,CHILE,LOS RIOS,VALDIVIA,LONCOYEN,MIDTIDE,42,-39.81808,-73.40297167,,TG-6,MBON_P2P,,no,25x25cm,,AP14-15-16-18
AP150447.jpg,2024-04-11,CHILE,LOS RIOS,VALDIVIA,LONCOYEN,MIDTIDE,42,-39.81808,-73.40297167,,TG-6,MBON_P2P,,no,25x25cm,,AP14-15-16-18
AP150448.jpg,2024-04-11,CHILE,LOS RIOS,VALDIVIA,LONCOYEN,MIDTIDE,42,-39.81808,-73.40297167,,TG-6,MBON_P2P,,no,25x25cm,,AP14-15-16-18
AP150449.jpg,2024-04-11,CHILE,LOS RIOS,VALDIVIA,LONCOYEN,MIDTIDE,42,-39.81810167,-73.40298833,,TG-6,MBON_P2P,,no,25x25cm,,AP14-15-16-18
AP150450.jpg,2024-04-11,CHILE,LOS RIOS,VALDIVIA,LONCOYEN,MIDTIDE,42,-39.818105,-73.40297333,,TG-6,MBON_P2P,,no,25x25cm,,AP14-15-16-18
AP150451.jpg,2024-04-11,CHILE,LOS RIOS,VALDIVIA,LONCOYEN,MIDTIDE,42,-39.81810333,-73.40297333,,TG-6,MBON_P2P,,no,25x25cm,,AP14-15-16-18
AP150452.jpg,2024-04-11,CHILE,LOS RIOS,VALDIVIA,LONCOYEN,MIDTIDE,42,-39.81810333,-73.40297333,,TG-6,MBON_P2P,,no,25x25cm,,AP14-15-16-18
AP150453.jpg,2024-04-11,CHILE,LOS RIOS,VALDIVIA,LONCOYEN,MIDTIDE,42,-39.81810333,-73.40297333,,TG-6,MBON_P2P,,no,25x25cm,,AP14-15-16-18
AP150454.jpg,2024-04-11,CHILE,LOS RIOS,VALDIVIA,LONCOYEN,MIDTIDE,42,-39.81810333,-73.40297333,,TG-6,MBON_P2P,,no,25x25cm,,AP14-15-16-18
AP150455.jpg,2024-04-11,CHILE,LOS RIOS,VALDIVIA,LONCOYEN,MIDTIDE,42,-39.81810333,-73.40297333,,TG-6,MBON_P2P,,no,25x25cm,,AP14-15-16-18
AP150456.jpg,2024-04-11,CHILE,LOS RIOS,VALDIVIA,LONCOYEN,MIDTIDE,42,-39.81810333,-73.40297333,,TG-6,MBON_P2P,,no,25x25cm,,AP14-15-16-18
AP150457.jpg,2024-04-11,CHILE,LOS RIOS,VALDIVIA,LONCOYEN,MIDTIDE,42,-39.81810333,-73.40297333,,TG-6,MBON_P2P,,no,25x25cm,,AP14-15-16-18
AP150458.jpg,2024-04-11,CHILE,LOS RIOS,VALDIVIA,LONCOYEN,MIDTIDE,42,-39.81810333,-73.40297333,,TG-6,MBON_P2P,,no,25x25cm,,AP14-15-16-18
AP150459.jpg,2024-04-11,CHILE,LOS RIOS,VALDIVIA,LONCOYEN,MIDTIDE,42,-39.81810333,-73.40297333,,TG-6,MBON_P2P,,no,25x25cm,,AP14-15-16-18
AP150460.jpg,2024-04-11,CHILE,LOS RIOS,VALDIVIA,LONCOYEN,MIDTIDE,42,-39.81810333,-73.40297333,,TG-6,MBON_P2P,,no,25x25cm,,AP14-15-16-18
AP150461.jpg,2024-04-11,CHILE,LOS RIOS,VALDIVIA,LONCOYEN,MIDTIDE,42,-39.81810333,-73.40297167,,TG-6,MBON_P2P,,no,25x25cm,,AP14-15-16-18
AP150462.jpg,2024-04-11,CHILE,LOS RIOS,VALDIVIA,LONCOYEN,MIDTIDE,42,-39.81810333,-73.40297167,,TG-6,MBON_P2P,,no,25x25cm,,AP14-15-16-18
AP150466.jpg,2024-04-11,CHILE,LOS RIOS,VALDIVIA,LONCOYEN,LOWTIDE,42,-39.81801833,-73.40284667,,TG-6,MBON_P2P,,no,25x25cm,,AP14-15-16-18
AP150467.jpg,2024-04-11,CHILE,LOS RIOS,VALDIVIA,LONCOYEN,LOWTIDE,42,-39.81801833,-73.40284667,,TG-6,MBON_P2P,,no,25x25cm,,AP14-15-16-18
AP150468.jpg,2024-04-11,CHILE,LOS RIOS,VALDIVIA,LONCOYEN,LOWTIDE,42,-39.81801833,-73.40284667,,TG-6,MBON_P2P,,no,25x25cm,,AP14-15-16-18
AP150469.jpg,2024-04-11,CHILE,LOS RIOS,VALDIVIA,LONCOYEN,LOWTIDE,42,-39.81801833,-73.40284667,,TG-6,MBON_P2P,,no,25x25cm,,AP14-15-16-18
AP150470.jpg,2024-04-11,CHILE,LOS RIOS,VALDIVIA,LONCOYEN,LOWTIDE,42,-39.81801833,-73.40284667,,TG-6,MBON_P2P,,no,25x25cm,,AP14-15-16-18
AP150471.jpg,2024-04-11,CHILE,LOS RIOS,VALDIVIA,LONCOYEN,LOWTIDE,42,-39.81801833,-73.40284667,,TG-6,MBON_P2P,,no,25x25cm,,AP14-15-16-18
AP150472.jpg,2024-04-11,CHILE,LOS RIOS,VALDIVIA,LONCOYEN,LOWTIDE,42,-39.81804167,-73.40283667,,TG-6,MBON_P2P,,no,25x25cm,,AP14-15-16-18
AP150473.jpg,2024-04-11,CHILE,LOS RIOS,VALDIVIA,LONCOYEN,LOWTIDE,42,-39.81804333,-73.40282833,,TG-6,MBON_P2P,,no,25x25cm,,AP14-15-16-18
AP150474.jpg,2024-04-11,CHILE,LOS RIOS,VALDIVIA,LONCOYEN,LOWTIDE,42,-39.81804833,-73.40274167,,TG-6,MBON_P2P,,no,25x25cm,,AP14-15-16-18
AP150475.jpg,2024-04-11,CHILE,LOS RIOS,VALDIVIA,LONCOYEN,LOWTIDE,42,-39.81806,-73.40274833,,TG-6,MBON_P2P,,no,25x25cm,,AP14-15-16-18
AP150476.jpg,2024-04-11,CHILE,LOS RIOS,VALDIVIA,LONCOYEN,LOWTIDE,42,-39.81806,-73.40274833,,TG-6,MBON_P2P,,no,25x25cm,,AP14-15-16-18
AP150477.jpg,2024-04-11,CHILE,LOS RIOS,VALDIVIA,LONCOYEN,LOWTIDE,42,-39.81806,-73.40274833,,TG-6,MBON_P2P,,no,25x25cm,,AP14-15-16-18
AP150478.jpg,2024-04-11,CHILE,LOS RIOS,VALDIVIA,LONCOYEN,LOWTIDE,42,-39.81806333,-73.40277833,,TG-6,MBON_P2P,,no,25x25cm,,AP14-15-16-18
AP150479.jpg,2024-04-11,CHILE,LOS RIOS,VALDIVIA,LONCOYEN,LOWTIDE,42,-39.81806333,-73.40277833,,TG-6,MBON_P2P,,no,25x25cm,,AP14-15-16-18
AP150480.jpg,2024-04-11,CHILE,LOS RIOS,VALDIVIA,LONCOYEN,LOWTIDE,42,-39.81806167,-73.40277833,,TG-6,MBON_P2P,,no,25x25cm,,AP14-15-16-18
AP150481.jpg,2024-04-11,CHILE,LOS RIOS,VALDIVIA,LONCOYEN,LOWTIDE,42,-39.81806167,-73.40277833,,TG-6,MBON_P2P,,no,25x25cm,,AP14-15-16-18
AP150482.jpg,2024-04-11,CHILE,LOS RIOS,VALDIVIA,LONCOYEN,LOWTIDE,42,-39.81806167,-73.40277833,,TG-6,MBON_P2P,,no,25x25cm,,AP14-15-16-18
AP150483.jpg,2024-04-11,CHILE,LOS RIOS,VALDIVIA,LONCOYEN,LOWTIDE,42,-39.81806167,-73.40277833,,TG-6,MBON_P2P,,no,25x25cm,,AP14-15-16-18
AP150485.jpg,2024-04-11,CHILE,LOS RIOS,VALDIVIA,LONCOYEN,LOWTIDE,42,-39.81806333,-73.40276667,,TG-6,MBON_P2P,,no,25x25cm,,AP14-15-16-18
AP150486.jpg,2024-04-11,CHILE,LOS RIOS,VALDIVIA,LONCOYEN,LOWTIDE,42,-39.81806333,-73.40276833,,TG-6,MBON_P2P,,no,25x25cm,,AP14-15-16-18
AP150487.jpg,2024-04-11,CHILE,LOS RIOS,VALDIVIA,LONCOYEN,LOWTIDE,42,-39.81806333,-73.40276833,,TG-6,MBON_P2P,,no,25x25cm,,AP14-15-16-18
AP150488.jpg,2024-04-11,CHILE,LOS RIOS,VALDIVIA,LONCOYEN,LOWTIDE,42,-39.81810167,-73.40278833,,TG-6,MBON_P2P,,no,25x25cm,,AP14-15-16-18
AP150489.jpg,2024-04-11,CHILE,LOS RIOS,VALDIVIA,LONCOYEN,LOWTIDE,42,-39.81810167,-73.40278833,,TG-6,MBON_P2P,,no,25x25cm,,AP14-15-16-18
AP150490.jpg,2024-04-11,CHILE,LOS RIOS,VALDIVIA,LONCOYEN,LOWTIDE,42,-39.81810167,-73.40278833,,TG-6,MBON_P2P,,no,25x25cm,,AP14-15-16-18
AP150491.jpg,2024-04-11,CHILE,LOS RIOS,VALDIVIA,LONCOYEN,LOWTIDE,42,-39.8181,-73.40278833,,TG-6,MBON_P2P,,no,25x25cm,,AP14-15-16-18
AP150492.jpg,2024-04-11,CHILE,LOS RIOS,VALDIVIA,LONCOYEN,LOWTIDE,42,-39.8181,-73.40278833,,TG-6,MBON_P2P,,no,25x25cm,,AP14-15-16-18
AP150493.jpg,2024-04-11,CHILE,LOS RIOS,VALDIVIA,LONCOYEN,LOWTIDE,42,-39.81810667,-73.402775,,TG-6,MBON_P2P,,no,25x25cm,,AP14-15-16-18
AP150494.jpg,2024-04-11,CHILE,LOS RIOS,VALDIVIA,LONCOYEN,LOWTIDE,42,-39.81810667,-73.402775,,TG-6,MBON_P2P,,no,25x25cm,,AP14-15-16-18
AP150495.jpg,2024-04-11,CHILE,LOS RIOS,VALDIVIA,LONCOYEN,LOWTIDE,42,-39.81810667,-73.402775,,TG-6,MBON_P2P,,no,25x25cm,,AP14-15-16-18
AP150496.jpg,2024-04-11,CHILE,LOS RIOS,VALDIVIA,LONCOYEN,LOWTIDE,42,-39.81811167,-73.40279333,,TG-6,MBON_P2P,,no,25x25cm,,AP14-15-16-18
AP150497.jpg,2024-04-11,CHILE,LOS RIOS,VALDIVIA,LONCOYEN,LOWTIDE,42,-39.81811,-73.40279333,,TG-6,MBON_P2P,,no,25x25cm,,AP14-15-16-18
AP150498.jpg,2024-04-11,CHILE,LOS RIOS,VALDIVIA,LONCOYEN,LOWTIDE,42,-39.81811,-73.40279333,,TG-6,MBON_P2P,,no,25x25cm,,AP14-15-16-18
AP150499.jpg,2024-04-11,CHILE,LOS RIOS,VALDIVIA,LONCOYEN,LOWTIDE,42,-39.81811,-73.40279333,,TG-6,MBON_P2P,,no,25x25cm,,AP14-15-16-18
AP150500.jpg,2024-04-11,CHILE,LOS RIOS,VALDIVIA,LONCOYEN,LOWTIDE,42,-39.818105,-73.40280833,,TG-6,MBON_P2P,,no,25x25cm,,AP14-15-16-18
AP150501.jpg,2024-04-11,CHILE,LOS RIOS,VALDIVIA,LONCOYEN,LOWTIDE,42,-39.81812167,-73.402805,,TG-6,MBON_P2P,,no,25x25cm,,AP14-15-16-18
AP150502.jpg,2024-04-11,CHILE,LOS RIOS,VALDIVIA,LONCOYEN,LOWTIDE,42,-39.81812167,-73.402805,,TG-6,MBON_P2P,,no,25x25cm,,AP14-15-16-18
AP150503.jpg,2024-04-11,CHILE,LOS RIOS,VALDIVIA,LONCOYEN,LOWTIDE,42,-39.81812167,-73.402805,,TG-6,MBON_P2P,,no,25x25cm,,AP14-15-16-18
AP150504.jpg,2024-04-11,CHILE,LOS RIOS,VALDIVIA,LONCOYEN,LOWTIDE,42,-39.81811833,-73.40279333,,TG-6,MBON_P2P,,no,25x25cm,,AP14-15-16-18
AP150505.jpg,2024-04-11,CHILE,LOS RIOS,VALDIVIA,LONCOYEN,LOWTIDE,42,-39.81811833,-73.40279333,,TG-6,MBON_P2P,,no,25x25cm,,AP14-15-16-18
AP150506.jpg,2024-04-11,CHILE,LOS RIOS,VALDIVIA,LONCOYEN,LOWTIDE,42,-39.81811833,-73.40279333,,TG-6,MBON_P2P,,no,25x25cm,,AP14-15-16-18
AP150507.jpg,2024-04-11,CHILE,LOS RIOS,VALDIVIA,LONCOYEN,LOWTIDE,42,-39.81811833,-73.40279333,,TG-6,MBON_P2P,,no,25x25cm,,AP14-15-16-18
AP150508.jpg,2024-04-11,CHILE,LOS RIOS,VALDIVIA,LONCOYEN,LOWTIDE,42,-39.81811833,-73.40279333,,TG-6,MBON_P2P,,no,25x25cm,,AP14-15-16-18
AP150509.jpg,2024-04-11,CHILE,LOS RIOS,VALDIVIA,LONCOYEN,LOWTIDE,42,-39.81811833,-73.40279333,,TG-6,MBON_P2P,,no,25x25cm,,AP14-15-16-18
AP150510.jpg,2024-04-11,CHILE,LOS RIOS,VALDIVIA,LONCOYEN,LOWTIDE,42,-39.81811833,-73.40279333,,TG-6,MBON_P2P,,no,25x25cm,,AP14-15-16-18
AP150511.jpg,2024-04-11,CHILE,LOS RIOS,VALDIVIA,LONCOYEN,LOWTIDE,42,-39.81811833,-73.40279333,,TG-6,MBON_P2P,,no,25x25cm,,AP14-15-16-18
AP150512.jpg,2024-04-11,CHILE,LOS RIOS,VALDIVIA,LONCOYEN,LOWTIDE,42,-39.8181,-73.40279333,,TG-6,MBON_P2P,,no,25x25cm,,AP14-15-16-18
AP150513.jpg,2024-04-11,CHILE,LOS RIOS,VALDIVIA,LONCOYEN,LOWTIDE,42,-39.8181,-73.40279333,,TG-6,MBON_P2P,,no,25x25cm,,AP14-15-16-18
AP150514.jpg,2024-04-11,CHILE,LOS RIOS,VALDIVIA,LONCOYEN,LOWTIDE,42,-39.8181,-73.40279333,,TG-6,MBON_P2P,,no,25x25cm,,AP14-15-16-18
AP150515.jpg,2024-04-11,CHILE,LOS RIOS,VALDIVIA,LONCOYEN,LOWTIDE,42,-39.8181,-73.40279333,,TG-6,MBON_P2P,,no,25x25cm,,AP14-15-16-18
AP150516.jpg,2024-04-11,CHILE,LOS RIOS,VALDIVIA,LONCOYEN,LOWTIDE,42,-39.8181,-73.40279333,,TG-6,MBON_P2P,,no,25x25cm,,AP14-15-16-18
AP150517.jpg,2024-04-11,CHILE,LOS RIOS,VALDIVIA,LONCOYEN,LOWTIDE,42,-39.8181,-73.40279333,,TG-6,MBON_P2P,,no,25x25cm,,AP14-15-16-18
AP150518.jpg,2024-04-11,CHILE,LOS RIOS,VALDIVIA,LONCOYEN,LOWTIDE,42,-39.8181,-73.40279333,,TG-6,MBON_P2P,,no,25x25cm,,AP14-15-16-18
AP150528.jpg,2024-10-29,CHILE,LOS RIOS,VALDIVIA,PLAYA ROSADA,HIGHTIDE,42,-39.826475,-73.40473333,,TG-6,MBON_P2P,,no,25x25cm,,AP14-15-16-18
AP150529.jpg,2024-10-29,CHILE,LOS RIOS,VALDIVIA,PLAYA ROSADA,HIGHTIDE,42,-39.82649,-73.40474667,,TG-6,MBON_P2P,,no,25x25cm,,AP14-15-16-18
AP150530.jpg,2024-10-29,CHILE,LOS RIOS,VALDIVIA,PLAYA ROSADA,HIGHTIDE,42,-39.82649167,-73.40474667,,TG-6,MBON_P2P,,no,25x25cm,,AP14-15-16-18
AP150531.jpg,2024-10-29,CHILE,LOS RIOS,VALDIVIA,PLAYA ROSADA,HIGHTIDE,42,-39.82649333,-73.40474833,,TG-6,MBON_P2P,,no,25x25cm,,AP14-15-16-18
AP150532.jpg,2024-10-29,CHILE,LOS RIOS,VALDIVIA,PLAYA ROSADA,HIGHTIDE,42,-39.82649833,-73.40473833,,TG-6,MBON_P2P,,no,25x25cm,,AP14-15-16-18
AP150533.jpg,2024-10-29,CHILE,LOS RIOS,VALDIVIA,PLAYA ROSADA,HIGHTIDE,42,-39.82649833,-73.40473833,,TG-6,MBON_P2P,,no,25x25cm,,AP14-15-16-18
AP150534.jpg,2024-10-29,CHILE,LOS RIOS,VALDIVIA,PLAYA ROSADA,HIGHTIDE,42,-39.82650167,-73.40475667,,TG-6,MBON_P2P,,no,25x25cm,,AP14-15-16-18
AP150535.jpg,2024-10-29,CHILE,LOS RIOS,VALDIVIA,PLAYA ROSADA,HIGHTIDE,42,-39.82650167,-73.40475667,,TG-6,MBON_P2P,,no,25x25cm,,AP14-15-16-18
AP150536.jpg,2024-10-29,CHILE,LOS RIOS,VALDIVIA,PLAYA ROSADA,HIGHTIDE,42,-39.82650167,-73.40475667,,TG-6,MBON_P2P,,no,25x25cm,,AP14-15-16-18
AP150537.jpg,2024-10-29,CHILE,LOS RIOS,VALDIVIA,PLAYA ROSADA,HIGHTIDE,42,-39.82650833,-73.40474333,,TG-6,MBON_P2P,,no,25x25cm,,AP14-15-16-18
AP150538.jpg,2024-10-29,CHILE,LOS RIOS,VALDIVIA,PLAYA ROSADA,HIGHTIDE,42,-39.82651,-73.40474167,,TG-6,MBON_P2P,,no,25x25cm,,AP14-15-16-18
AP150539.jpg,2024-10-29,CHILE,LOS RIOS,VALDIVIA,PLAYA ROSADA,HIGHTIDE,42,-39.82651,-73.40474167,,TG-6,MBON_P2P,,no,25x25cm,,AP14-15-16-18
AP150540.jpg,2024-10-29,CHILE,LOS RIOS,VALDIVIA,PLAYA ROSADA,HIGHTIDE,42,-39.82651167,-73.40474167,,TG-6,MBON_P2P,,no,25x25cm,,AP14-15-16-18
AP150541.jpg,2024-10-29,CHILE,LOS RIOS,VALDIVIA,PLAYA ROSADA,HIGHTIDE,42,-39.82651167,-73.40474167,,TG-6,MBON_P2P,,no,25x25cm,,AP14-15-16-18
AP150542.jpg,2024-10-29,CHILE,LOS RIOS,VALDIVIA,PLAYA ROSADA,HIGHTIDE,42,-39.82655333,-73.40475833,,TG-6,MBON_P2P,,no,25x25cm,,AP14-15-16-18
AP150543.jpg,2024-10-29,CHILE,LOS RIOS,VALDIVIA,PLAYA ROSADA,HIGHTIDE,42,-39.82657167,-73.40476333,,TG-6,MBON_P2P,,no,25x25cm,,AP14-15-16-18
AP150544.jpg,2024-10-29,CHILE,LOS RIOS,VALDIVIA,PLAYA ROSADA,HIGHTIDE,42,-39.82657167,-73.40476333,,TG-6,MBON_P2P,,no,25x25cm,,AP14-15-16-18
AP150545.jpg,2024-10-29,CHILE,LOS RIOS,VALDIVIA,PLAYA ROSADA,HIGHTIDE,42,-39.82657333,-73.40476167,,TG-6,MBON_P2P,,no,25x25cm,,AP14-15-16-18
AP150546.jpg,2024-10-29,CHILE,LOS RIOS,VALDIVIA,PLAYA ROSADA,HIGHTIDE,42,-39.82662833,-73.40473667,,TG-6,MBON_P2P,,no,25x25cm,,AP14-15-16-18
AP150547.jpg,2024-10-29,CHILE,LOS RIOS,VALDIVIA,PLAYA ROSADA,HIGHTIDE,42,-39.82664,-73.40474667,,TG-6,MBON_P2P,,no,25x25cm,,AP14-15-16-18
AP150548.jpg,2024-10-29,CHILE,LOS RIOS,VALDIVIA,PLAYA ROSADA,HIGHTIDE,42,-39.82664333,-73.40474833,,TG-6,MBON_P2P,,no,25x25cm,,AP14-15-16-18
AP150549.jpg,2024-10-29,CHILE,LOS RIOS,VALDIVIA,PLAYA ROSADA,HIGHTIDE,42,-39.826645,-73.404755,,TG-6,MBON_P2P,,no,25x25cm,,AP14-15-16-18
AP150550.jpg,2024-10-29,CHILE,LOS RIOS,VALDIVIA,PLAYA ROSADA,HIGHTIDE,42,-39.82666,-73.40474333,,TG-6,MBON_P2P,,no,25x25cm,,AP14-15-16-18
AP150551.jpg,2024-10-29,CHILE,LOS RIOS,VALDIVIA,PLAYA ROSADA,HIGHTIDE,42,-39.82666167,-73.40474333,,TG-6,MBON_P2P,,no,25x25cm,,AP14-15-16-18
AP150552.jpg,2024-10-29,CHILE,LOS RIOS,VALDIVIA,PLAYA ROSADA,HIGHTIDE,42,-39.82666167,-73.40474333,,TG-6,MBON_P2P,,no,25x25cm,,AP14-15-16-18
AP150553.jpg,2024-10-29,CHILE,LOS RIOS,VALDIVIA,PLAYA ROSADA,HIGHTIDE,42,-39.82666333,-73.40474333,,TG-6,MBON_P2P,,no,25x25cm,,AP14-15-16-18
AP150554.jpg,2024-10-29,CHILE,LOS RIOS,VALDIVIA,PLAYA ROSADA,HIGHTIDE,42,-39.82667833,-73.40471833,,TG-6,MBON_P2P,,no,25x25cm,,AP14-15-16-18
AP150555.jpg,2024-10-29,CHILE,LOS RIOS,VALDIVIA,PLAYA ROSADA,HIGHTIDE,42,-39.82667833,-73.40471833,,TG-6,MBON_P2P,,no,25x25cm,,AP14-15-16-18
AP150556.jpg,2024-10-29,CHILE,LOS RIOS,VALDIVIA,PLAYA ROSADA,HIGHTIDE,42,-39.82667667,-73.40473833,,TG-6,MBON_P2P,,no,25x25cm,,AP14-15-16-18
AP150557.jpg,2024-10-29,CHILE,LOS RIOS,VALDIVIA,PLAYA ROSADA,HIGHTIDE,42,-39.82667667,-73.40473833,,TG-6,MBON_P2P,,no,25x25cm,,AP14-15-16-18
AP150558.jpg,2024-10-29,CHILE,LOS RIOS,VALDIVIA,PLAYA ROSADA,HIGHTIDE,42,-39.82668167,-73.40477,,TG-6,MBON_P2P,,no,25x25cm,,AP14-15-16-18
AP150559.jpg,2024-10-29,CHILE,LOS RIOS,VALDIVIA,PLAYA ROSADA,HIGHTIDE,42,-39.82668167,-73.40477,,TG-6,MBON_P2P,,no,25x25cm,,AP14-15-16-18
AP150560.jpg,2024-10-29,CHILE,LOS RIOS,VALDIVIA,PLAYA ROSADA,HIGHTIDE,42,-39.82669333,-73.40479833,,TG-6,MBON_P2P,,no,25x25cm,,AP14-15-16-18
AP150561.jpg,2024-10-29,CHILE,LOS RIOS,VALDIVIA,PLAYA ROSADA,HIGHTIDE,42,-39.82671333,-73.40485833,,TG-6,MBON_P2P,,no,25x25cm,,AP14-15-16-18
AP150562.jpg,2024-10-29,CHILE,LOS RIOS,VALDIVIA,PLAYA ROSADA,HIGHTIDE,42,-39.82676667,-73.40488667,,TG-6,MBON_P2P,,no,25x25cm,,AP14-15-16-18
AP150563.jpg,2024-10-29,CHILE,LOS RIOS,VALDIVIA,PLAYA ROSADA,HIGHTIDE,42,-39.826815,-73.40490333,,TG-6,MBON_P2P,,no,25x25cm,,AP14-15-16-18
AP150564.jpg,2024-10-29,CHILE,LOS RIOS,VALDIVIA,PLAYA ROSADA,HIGHTIDE,42,-39.82685833,-73.40494167,,TG-6,MBON_P2P,,no,25x25cm,,AP14-15-16-18
AP150565.jpg,2024-10-29,CHILE,LOS RIOS,VALDIVIA,PLAYA ROSADA,HIGHTIDE,42,-39.82687,-73.40493667,,TG-6,MBON_P2P,,no,25x25cm,,AP14-15-16-18
AP150566.jpg,2024-10-29,CHILE,LOS RIOS,VALDIVIA,PLAYA ROSADA,HIGHTIDE,42,-39.82687,-73.40493333,,TG-6,MBON_P2P,,no,25x25cm,,AP14-15-16-18
AP150567.jpg,2024-10-29,CHILE,LOS RIOS,VALDIVIA,PLAYA ROSADA,HIGHTIDE,42,-39.82687333,-73.40495,,TG-6,MBON_P2P,,no,25x25cm,,AP14-15-16-18
AP150568.jpg,2024-10-29,CHILE,LOS RIOS,VALDIVIA,PLAYA ROSADA,HIGHTIDE,42,-39.82686167,-73.40494833,,TG-6,MBON_P2P,,no,25x25cm,,AP14-15-16-18
AP150569.jpg,2024-10-29,CHILE,LOS RIOS,VALDIVIA,PLAYA ROSADA,HIGHTIDE,42,-39.82687667,-73.40494833,,TG-6,MBON_P2P,,no,25x25cm,,AP14-15-16-18
AP150570.jpg,2024-10-29,CHILE,LOS RIOS,VALDIVIA,PLAYA ROSADA,HIGHTIDE,42,-39.82687667,-73.40494833,,TG-6,MBON_P2P,,no,25x25cm,,AP14-15-16-18
AP150571.jpg,2024-10-29,CHILE,LOS RIOS,VALDIVIA,PLAYA ROSADA,HIGHTIDE,42,-39.826875,-73.40496,,TG-6,MBON_P2P,,no,25x25cm,,AP14-15-16-18
AP150572.jpg,2024-10-29,CHILE,LOS RIOS,VALDIVIA,PLAYA ROSADA,HIGHTIDE,42,-39.82687,-73.40497167,,TG-6,MBON_P2P,,no,25x25cm,,AP14-15-16-18
AP150573.jpg,2024-10-29,CHILE,LOS RIOS,VALDIVIA,PLAYA ROSADA,HIGHTIDE,42,-39.826875,-73.40496333,,TG-6,MBON_P2P,,no,25x25cm,,AP14-15-16-18
AP150574.jpg,2024-10-29,CHILE,LOS RIOS,VALDIVIA,PLAYA ROSADA,HIGHTIDE,42,-39.826875,-73.404965,,TG-6,MBON_P2P,,no,25x25cm,,AP14-15-16-18
AP150575.jpg,2024-10-29,CHILE,LOS RIOS,VALDIVIA,PLAYA ROSADA,HIGHTIDE,42,-39.826885,-73.40494333,,TG-6,MBON_P2P,,no,25x25cm,,AP14-15-16-18
AP150576.jpg,2024-10-29,CHILE,LOS RIOS,VALDIVIA,PLAYA ROSADA,HIGHTIDE,42,-39.826885,-73.40494333,,TG-6,MBON_P2P,,no,25x25cm,,AP14-15-16-18
AP150577.jpg,2024-10-29,CHILE,LOS RIOS,VALDIVIA,PLAYA ROSADA,HIGHTIDE,42,-39.8269,-73.40494833,,TG-6,MBON_P2P,,no,25x25cm,,AP14-15-16-18
AP150578.jpg,2024-10-29,CHILE,LOS RIOS,VALDIVIA,PLAYA ROSADA,HIGHTIDE,42,-39.82692333,-73.404945,,TG-6,MBON_P2P,,no,25x25cm,,AP14-15-16-18
AP150579.jpg,2024-10-29,CHILE,LOS RIOS,VALDIVIA,PLAYA ROSADA,MIDTIDE,42,-39.826935,-73.40503,,TG-6,MBON_P2P,,no,25x25cm,,AP14-15-16-18
AP150580.jpg,2024-10-29,CHILE,LOS RIOS,VALDIVIA,PLAYA ROSADA,MIDTIDE,42,-39.826925,-73.40503,,TG-6,MBON_P2P,,no,25x25cm,,AP14-15-16-18
AP150581.jpg,2024-10-29,CHILE,LOS RIOS,VALDIVIA,PLAYA ROSADA,MIDTIDE,42,-39.82692167,-73.405055,,TG-6,MBON_P2P,,no,25x25cm,,AP14-15-16-18
AP150582.jpg,2024-10-29,CHILE,LOS RIOS,VALDIVIA,PLAYA ROSADA,MIDTIDE,42,-39.82691333,-73.40505333,,TG-6,MBON_P2P,,no,25x25cm,,AP14-15-16-18
AP150583.jpg,2024-10-29,CHILE,LOS RIOS,VALDIVIA,PLAYA ROSADA,MIDTIDE,42,-39.82690667,-73.40506333,,TG-6,MBON_P2P,,no,25x25cm,,AP14-15-16-18
AP150584.jpg,2024-10-29,CHILE,LOS RIOS,VALDIVIA,PLAYA ROSADA,MIDTIDE,42,-39.82690333,-73.40506667,,TG-6,MBON_P2P,,no,25x25cm,,AP14-15-16-18
AP150585.jpg,2024-10-29,CHILE,LOS RIOS,VALDIVIA,PLAYA ROSADA,MIDTIDE,42,-39.82689333,-73.405065,,TG-6,MBON_P2P,,no,25x25cm,,AP14-15-16-18
AP150586.jpg,2024-10-29,CHILE,LOS RIOS,VALDIVIA,PLAYA ROSADA,MIDTIDE,42,-39.826905,-73.40512333,,TG-6,MBON_P2P,,no,25x25cm,,AP14-15-16-18
AP150587.jpg,2024-10-29,CHILE,LOS RIOS,VALDIVIA,PLAYA ROSADA,MIDTIDE,42,-39.82689833,-73.40511167,,TG-6,MBON_P2P,,no,25x25cm,,AP14-15-16-18
AP150588.jpg,2024-10-29,CHILE,LOS RIOS,VALDIVIA,PLAYA ROSADA,MIDTIDE,42,-39.82689167,-73.40511833,,TG-6,MBON_P2P,,no,25x25cm,,AP14-15-16-18
AP150589.jpg,2024-10-29,CHILE,LOS RIOS,VALDIVIA,PLAYA ROSADA,MIDTIDE,42,-39.82688667,-73.40511667,,TG-6,MBON_P2P,,no,25x25cm,,AP14-15-16-18
AP150590.jpg,2024-10-29,CHILE,LOS RIOS,VALDIVIA,PLAYA ROSADA,MIDTIDE,42,-39.82687333,-73.40511667,,TG-6,MBON_P2P,,no,25x25cm,,AP14-15-16-18
AP150591.jpg,2024-10-29,CHILE,LOS RIOS,VALDIVIA,PLAYA ROSADA,MIDTIDE,42,-39.82687,-73.40512,,TG-6,MBON_P2P,,no,25x25cm,,AP14-15-16-18
AP150592.jpg,2024-10-29,CHILE,LOS RIOS,VALDIVIA,PLAYA ROSADA,MIDTIDE,42,-39.826865,-73.405125,,TG-6,MBON_P2P,,no,25x25cm,,AP14-15-16-18
AP150593.jpg,2024-10-29,CHILE,LOS RIOS,VALDIVIA,PLAYA ROSADA,MIDTIDE,42,-39.826865,-73.405125,,TG-6,MBON_P2P,,no,25x25cm,,AP14-15-16-18
AP150594.jpg,2024-10-29,CHILE,LOS RIOS,VALDIVIA,PLAYA ROSADA,MIDTIDE,42,-39.82683833,-73.40508,,TG-6,MBON_P2P,,no,25x25cm,,AP14-15-16-18
AP150595.jpg,2024-10-29,CHILE,LOS RIOS,VALDIVIA,PLAYA ROSADA,MIDTIDE,42,-39.82683833,-73.40508167,,TG-6,MBON_P2P,,no,25x25cm,,AP14-15-16-18
AP150596.jpg,2024-10-29,CHILE,LOS RIOS,VALDIVIA,PLAYA ROSADA,MIDTIDE,42,-39.82683333,-73.405075,,TG-6,MBON_P2P,,no,25x25cm,,AP14-15-16-18
AP150597.jpg,2024-10-29,CHILE,LOS RIOS,VALDIVIA,PLAYA ROSADA,MIDTIDE,42,-39.826825,-73.40507,,TG-6,MBON_P2P,,no,25x25cm,,AP14-15-16-18
AP150598.jpg,2024-10-29,CHILE,LOS RIOS,VALDIVIA,PLAYA ROSADA,MIDTIDE,42,-39.82682333,-73.40507167,,TG-6,MBON_P2P,,no,25x25cm,,AP14-15-16-18
AP150599.jpg,2024-10-29,CHILE,LOS RIOS,VALDIVIA,PLAYA ROSADA,MIDTIDE,42,-39.82682167,-73.405075,,TG-6,MBON_P2P,,no,25x25cm,,AP14-15-16-18
AP150600.jpg,2024-10-29,CHILE,LOS RIOS,VALDIVIA,PLAYA ROSADA,MIDTIDE,42,-39.82681667,-73.40507833,,TG-6,MBON_P2P,,no,25x25cm,,AP14-15-16-18
AP150601.jpg,2024-10-29,CHILE,LOS RIOS,VALDIVIA,PLAYA ROSADA,MIDTIDE,42,-39.82682333,-73.40507667,,TG-6,MBON_P2P,,no,25x25cm,,AP14-15-16-18
AP150602.jpg,2024-10-29,CHILE,LOS RIOS,VALDIVIA,PLAYA ROSADA,MIDTIDE,42,-39.82681667,-73.40508333,,TG-6,MBON_P2P,,no,25x25cm,,AP14-15-16-18
AP150603.jpg,2024-10-29,CHILE,LOS RIOS,VALDIVIA,PLAYA ROSADA,MIDTIDE,42,-39.82681167,-73.40508,,TG-6,MBON_P2P,,no,25x25cm,,AP14-15-16-18
AP150604.jpg,2024-10-29,CHILE,LOS RIOS,VALDIVIA,PLAYA ROSADA,MIDTIDE,42,-39.82680833,-73.405085,,TG-6,MBON_P2P,,no,25x25cm,,AP14-15-16-18
AP150605.jpg,2024-10-29,CHILE,LOS RIOS,VALDIVIA,PLAYA ROSADA,MIDTIDE,42,-39.82681333,-73.40507667,,TG-6,MBON_P2P,,no,25x25cm,,AP14-15-16-18
AP150606.jpg,2024-10-29,CHILE,LOS RIOS,VALDIVIA,PLAYA ROSADA,MIDTIDE,42,-39.82681333,-73.40507667,,TG-6,MBON_P2P,,no,25x25cm,,AP14-15-16-18
AP150607.jpg,2024-10-29,CHILE,LOS RIOS,VALDIVIA,PLAYA ROSADA,MIDTIDE,42,-39.82681167,-73.40506167,,TG-6,MBON_P2P,,no,25x25cm,,AP14-15-16-18
AP150608.jpg,2024-10-29,CHILE,LOS RIOS,VALDIVIA,PLAYA ROSADA,MIDTIDE,42,-39.82680333,-73.40506667,,TG-6,MBON_P2P,,no,25x25cm,,AP14-15-16-18
AP150609.jpg,2024-10-29,CHILE,LOS RIOS,VALDIVIA,PLAYA ROSADA,MIDTIDE,42,-39.82676,-73.405005,,TG-6,MBON_P2P,,no,25x25cm,,AP14-15-16-18
AP150610.jpg,2024-10-29,CHILE,LOS RIOS,VALDIVIA,PLAYA ROSADA,MIDTIDE,42,-39.82676,-73.405005,,TG-6,MBON_P2P,,no,25x25cm,,AP14-15-16-18
AP150611.jpg,2024-10-29,CHILE,LOS RIOS,VALDIVIA,PLAYA ROSADA,MIDTIDE,42,-39.82676667,-73.40501167,,TG-6,MBON_P2P,,no,25x25cm,,AP14-15-16-18
AP150612.jpg,2024-10-29,CHILE,LOS RIOS,VALDIVIA,PLAYA ROSADA,MIDTIDE,42,-39.82674,-73.404995,,TG-6,MBON_P2P,,no,25x25cm,,AP14-15-16-18
AP150613.jpg,2024-10-29,CHILE,LOS RIOS,VALDIVIA,PLAYA ROSADA,MIDTIDE,42,-39.82673167,-73.404995,,TG-6,MBON_P2P,,no,25x25cm,,AP14-15-16-18
AP150614.jpg,2024-10-29,CHILE,LOS RIOS,VALDIVIA,PLAYA ROSADA,MIDTIDE,42,-39.82670833,-73.40496333,,TG-6,MBON_P2P,,no,25x25cm,,AP14-15-16-18
AP150615.jpg,2024-10-29,CHILE,LOS RIOS,VALDIVIA,PLAYA ROSADA,MIDTIDE,42,-39.82671,-73.404955,,TG-6,MBON_P2P,,no,25x25cm,,AP14-15-16-18
AP150616.jpg,2024-10-29,CHILE,LOS RIOS,VALDIVIA,PLAYA ROSADA,MIDTIDE,42,-39.82671,-73.40495667,,TG-6,MBON_P2P,,no,25x25cm,,AP14-15-16-18
AP150617.jpg,2024-10-29,CHILE,LOS RIOS,VALDIVIA,PLAYA ROSADA,MIDTIDE,42,-39.82671167,-73.40495667,,TG-6,MBON_P2P,,no,25x25cm,,AP14-15-16-18
AP150618.jpg,2024-10-29,CHILE,LOS RIOS,VALDIVIA,PLAYA ROSADA,MIDTIDE,42,-39.82670833,-73.40495333,,TG-6,MBON_P2P,,no,25x25cm,,AP14-15-16-18
AP150619.jpg,2024-10-29,CHILE,LOS RIOS,VALDIVIA,PLAYA ROSADA,MIDTIDE,42,-39.82662667,-73.40484667,,TG-6,MBON_P2P,,no,25x25cm,,AP14-15-16-18
AP150620.jpg,2024-10-29,CHILE,LOS RIOS,VALDIVIA,PLAYA ROSADA,MIDTIDE,42,-39.82662667,-73.40484667,,TG-6,MBON_P2P,,no,25x25cm,,AP14-15-16-18
AP150621.jpg,2024-10-29,CHILE,LOS RIOS,VALDIVIA,PLAYA ROSADA,MIDTIDE,42,-39.82662167,-73.40484333,,TG-6,MBON_P2P,,no,25x25cm,,AP14-15-16-18
AP150622.jpg,2024-10-29,CHILE,LOS RIOS,VALDIVIA,PLAYA ROSADA,MIDTIDE,42,-39.82662,-73.40484333,,TG-6,MBON_P2P,,no,25x25cm,,AP14-15-16-18
AP150623.jpg,2024-10-29,CHILE,LOS RIOS,VALDIVIA,PLAYA ROSADA,MIDTIDE,42,-39.82662167,-73.40484333,,TG-6,MBON_P2P,,no,25x25cm,,AP14-15-16-18
AP150624.jpg,2024-10-29,CHILE,LOS RIOS,VALDIVIA,PLAYA ROSADA,MIDTIDE,42,-39.82661333,-73.40483833,,TG-6,MBON_P2P,,no,25x25cm,,AP14-15-16-18
AP150625.jpg,2024-10-29,CHILE,LOS RIOS,VALDIVIA,PLAYA ROSADA,MIDTIDE,42,-39.82661333,-73.40483833,,TG-6,MBON_P2P,,no,25x25cm,,AP14-15-16-18
AP150626.jpg,2024-10-29,CHILE,LOS RIOS,VALDIVIA,PLAYA ROSADA,MIDTIDE,42,-39.82661333,-73.40483833,,TG-6,MBON_P2P,,no,25x25cm,,AP14-15-16-18
AP150627.jpg,2024-10-29,CHILE,LOS RIOS,VALDIVIA,PLAYA ROSADA,MIDTIDE,42,-39.82661333,-73.40483833,,TG-6,MBON_P2P,,no,25x25cm,,AP14-15-16-18
AP150628.jpg,2024-10-29,CHILE,LOS RIOS,VALDIVIA,PLAYA ROSADA,MIDTIDE,42,-39.826615,-73.40483333,,TG-6,MBON_P2P,,no,25x25cm,,AP14-15-16-18
AP150629.jpg,2024-10-29,CHILE,LOS RIOS,VALDIVIA,PLAYA ROSADA,MIDTIDE,42,-39.82660667,-73.40482833,,TG-6,MBON_P2P,,no,25x25cm,,AP14-15-16-18
AP150630.jpg,2024-10-29,CHILE,LOS RIOS,VALDIVIA,PLAYA ROSADA,MIDTIDE,42,-39.82660667,-73.40482667,,TG-6,MBON_P2P,,no,25x25cm,,AP14-15-16-18
AP150631.jpg,2024-10-29,CHILE,LOS RIOS,VALDIVIA,PLAYA ROSADA,LOWTIDE,42,-39.826555,-73.40488333,,TG-6,MBON_P2P,,no,25x25cm,,AP14-15-16-18
AP150632.jpg,2024-10-29,CHILE,LOS RIOS,VALDIVIA,PLAYA ROSADA,LOWTIDE,42,-39.82655333,-73.40488167,,TG-6,MBON_P2P,,no,25x25cm,,AP14-15-16-18
AP150633.jpg,2024-10-29,CHILE,LOS RIOS,VALDIVIA,PLAYA ROSADA,LOWTIDE,42,-39.82656,-73.40486833,,TG-6,MBON_P2P,,no,25x25cm,,AP14-15-16-18
AP150634.jpg,2024-10-29,CHILE,LOS RIOS,VALDIVIA,PLAYA ROSADA,LOWTIDE,42,-39.82656,-73.40486833,,TG-6,MBON_P2P,,no,25x25cm,,AP14-15-16-18
AP150635.jpg,2024-10-29,CHILE,LOS RIOS,VALDIVIA,PLAYA ROSADA,LOWTIDE,42,-39.82655833,-73.404915,,TG-6,MBON_P2P,,no,25x25cm,,AP14-15-16-18
AP150636.jpg,2024-10-29,CHILE,LOS RIOS,VALDIVIA,PLAYA ROSADA,LOWTIDE,42,-39.82655333,-73.40491333,,TG-6,MBON_P2P,,no,25x25cm,,AP14-15-16-18
AP150637.jpg,2024-10-29,CHILE,LOS RIOS,VALDIVIA,PLAYA ROSADA,LOWTIDE,42,-39.826545,-73.404915,,TG-6,MBON_P2P,,no,25x25cm,,AP14-15-16-18
AP150638.jpg,2024-10-29,CHILE,LOS RIOS,VALDIVIA,PLAYA ROSADA,LOWTIDE,42,-39.826545,-73.404915,,TG-6,MBON_P2P,,no,25x25cm,,AP14-15-16-18
AP150639.jpg,2024-10-29,CHILE,LOS RIOS,VALDIVIA,PLAYA ROSADA,LOWTIDE,42,-39.826545,-73.404915,,TG-6,MBON_P2P,,no,25x25cm,,AP14-15-16-18
AP150640.jpg,2024-10-29,CHILE,LOS RIOS,VALDIVIA,PLAYA ROSADA,LOWTIDE,42,-39.82654667,-73.40492167,,TG-6,MBON_P2P,,no,25x25cm,,AP14-15-16-18
AP150641.jpg,2024-10-29,CHILE,LOS RIOS,VALDIVIA,PLAYA ROSADA,LOWTIDE,42,-39.82654667,-73.40492333,,TG-6,MBON_P2P,,no,25x25cm,,AP14-15-16-18
AP150642.jpg,2024-10-29,CHILE,LOS RIOS,VALDIVIA,PLAYA ROSADA,LOWTIDE,42,-39.82654667,-73.40492333,,TG-6,MBON_P2P,,no,25x25cm,,AP14-15-16-18
AP150643.jpg,2024-10-29,CHILE,LOS RIOS,VALDIVIA,PLAYA ROSADA,LOWTIDE,42,-39.82654833,-73.40492333,,TG-6,MBON_P2P,,no,25x25cm,,AP14-15-16-18
AP150644.jpg,2024-10-29,CHILE,LOS RIOS,VALDIVIA,PLAYA ROSADA,LOWTIDE,42,-39.82654833,-73.40492333,,TG-6,MBON_P2P,,no,25x25cm,,AP14-15-16-18
AP150645.jpg,2024-10-29,CHILE,LOS RIOS,VALDIVIA,PLAYA ROSADA,LOWTIDE,42,-39.82654833,-73.40492333,,TG-6,MBON_P2P,,no,25x25cm,,AP14-15-16-18
AP150646.jpg,2024-10-29,CHILE,LOS RIOS,VALDIVIA,PLAYA ROSADA,LOWTIDE,42,-39.82654833,-73.40492333,,TG-6,MBON_P2P,,no,25x25cm,,AP14-15-16-18
AP150647.jpg,2024-10-29,CHILE,LOS RIOS,VALDIVIA,PLAYA ROSADA,LOWTIDE,42,-39.82654833,-73.40492333,,TG-6,MBON_P2P,,no,25x25cm,,AP14-15-16-18
AP150648.jpg,2024-10-29,CHILE,LOS RIOS,VALDIVIA,PLAYA ROSADA,LOWTIDE,42,-39.82654833,-73.40492333,,TG-6,MBON_P2P,,no,25x25cm,,AP14-15-16-18
AP150649.jpg,2024-10-29,CHILE,LOS RIOS,VALDIVIA,PLAYA ROSADA,LOWTIDE,42,-39.82654833,-73.404925,,TG-6,MBON_P2P,,no,25x25cm,,AP14-15-16-18
AP150650.jpg,2024-10-29,CHILE,LOS RIOS,VALDIVIA,PLAYA ROSADA,LOWTIDE,42,-39.82654833,-73.404925,,TG-6,MBON_P2P,,no,25x25cm,,AP14-15-16-18
AP150651.jpg,2024-10-29,CHILE,LOS RIOS,VALDIVIA,PLAYA ROSADA,LOWTIDE,42,-39.82654833,-73.404925,,TG-6,MBON_P2P,,no,25x25cm,,AP14-15-16-18
AP150652.jpg,2024-10-29,CHILE,LOS RIOS,VALDIVIA,PLAYA ROSADA,LOWTIDE,42,-39.826555,-73.40494,,TG-6,MBON_P2P,,no,25x25cm,,AP14-15-16-18
AP150653.jpg,2024-10-29,CHILE,LOS RIOS,VALDIVIA,PLAYA ROSADA,LOWTIDE,42,-39.826555,-73.40494,,TG-6,MBON_P2P,,no,25x25cm,,AP14-15-16-18
AP150654.jpg,2024-10-29,CHILE,LOS RIOS,VALDIVIA,PLAYA ROSADA,LOWTIDE,42,-39.826555,-73.40494,,TG-6,MBON_P2P,,no,25x25cm,,AP14-15-16-18
AP150655.jpg,2024-10-29,CHILE,LOS RIOS,VALDIVIA,PLAYA ROSADA,LOWTIDE,42,-39.826555,-73.40494,,TG-6,MBON_P2P,,no,25x25cm,,AP14-15-16-18
AP150656.jpg,2024-10-29,CHILE,LOS RIOS,VALDIVIA,PLAYA ROSADA,LOWTIDE,42,-39.826555,-73.40494167,,TG-6,MBON_P2P,,no,25x25cm,,AP14-15-16-18
AP150657.jpg,2024-10-29,CHILE,LOS RIOS,VALDIVIA,PLAYA ROSADA,LOWTIDE,42,-39.826555,-73.40494,,TG-6,MBON_P2P,,no,25x25cm,,AP14-15-16-18
AP150658.jpg,2024-10-29,CHILE,LOS RIOS,VALDIVIA,PLAYA ROSADA,LOWTIDE,42,-39.826635,-73.40496833,,TG-6,MBON_P2P,,no,25x25cm,,AP14-15-16-18
AP150659.jpg,2024-10-29,CHILE,LOS RIOS,VALDIVIA,PLAYA ROSADA,LOWTIDE,42,-39.82663667,-73.40496833,,TG-6,MBON_P2P,,no,25x25cm,,AP14-15-16-18
AP150660.jpg,2024-10-29,CHILE,LOS RIOS,VALDIVIA,PLAYA ROSADA,LOWTIDE,42,-39.826615,-73.40499,,TG-6,MBON_P2P,,no,25x25cm,,AP14-15-16-18
AP150661.jpg,2024-10-29,CHILE,LOS RIOS,VALDIVIA,PLAYA ROSADA,LOWTIDE,42,-39.826645,-73.40503667,,TG-6,MBON_P2P,,no,25x25cm,,AP14-15-16-18
AP150662.jpg,2024-10-29,CHILE,LOS RIOS,VALDIVIA,PLAYA ROSADA,LOWTIDE,42,-39.82665833,-73.40499167,,TG-6,MBON_P2P,,no,25x25cm,,AP14-15-16-18
AP150664.jpg,2024-10-29,CHILE,LOS RIOS,VALDIVIA,PLAYA ROSADA,LOWTIDE,42,-39.82666667,-73.40498833,,TG-6,MBON_P2P,,no,25x25cm,,AP14-15-16-18
AP150665.jpg,2024-10-29,CHILE,LOS RIOS,VALDIVIA,PLAYA ROSADA,LOWTIDE,42,-39.82666667,-73.40499,,TG-6,MBON_P2P,,no,25x25cm,,AP14-15-16-18
AP150666.jpg,2024-10-29,CHILE,LOS RIOS,VALDIVIA,PLAYA ROSADA,LOWTIDE,42,-39.826665,-73.40497167,,TG-6,MBON_P2P,,no,25x25cm,,AP14-15-16-18
AP150667.jpg,2024-10-29,CHILE,LOS RIOS,VALDIVIA,PLAYA ROSADA,LOWTIDE,42,-39.82663167,-73.40501333,,TG-6,MBON_P2P,,no,25x25cm,,AP14-15-16-18
AP150668.jpg,2024-10-29,CHILE,LOS RIOS,VALDIVIA,PLAYA ROSADA,LOWTIDE,42,-39.82662,-73.40501167,,TG-6,MBON_P2P,,no,25x25cm,,AP14-15-16-18
AP150669.jpg,2024-10-29,CHILE,LOS RIOS,VALDIVIA,PLAYA ROSADA,LOWTIDE,42,-39.82661833,-73.40501667,,TG-6,MBON_P2P,,no,25x25cm,,AP14-15-16-18
AP150670.jpg,2024-10-29,CHILE,LOS RIOS,VALDIVIA,PLAYA ROSADA,LOWTIDE,42,-39.82664333,-73.405025,,TG-6,MBON_P2P,,no,25x25cm,,AP14-15-16-18
AP150671.jpg,2024-10-29,CHILE,LOS RIOS,VALDIVIA,PLAYA ROSADA,LOWTIDE,42,-39.82673,-73.40513833,,TG-6,MBON_P2P,,no,25x25cm,,AP14-15-16-18
AP150672.jpg,2024-10-29,CHILE,LOS RIOS,VALDIVIA,PLAYA ROSADA,LOWTIDE,42,-39.82673,-73.40513833,,TG-6,MBON_P2P,,no,25x25cm,,AP14-15-16-18
AP150673.jpg,2024-10-29,CHILE,LOS RIOS,VALDIVIA,PLAYA ROSADA,LOWTIDE,42,-39.82671667,-73.40510833,,TG-6,MBON_P2P,,no,25x25cm,,AP14-15-16-18
AP150674.jpg,2024-10-29,CHILE,LOS RIOS,VALDIVIA,PLAYA ROSADA,LOWTIDE,42,-39.826775,-73.405125,,TG-6,MBON_P2P,,no,25x25cm,,AP14-15-16-18
AP150675.jpg,2024-10-29,CHILE,LOS RIOS,VALDIVIA,PLAYA ROSADA,LOWTIDE,42,-39.82677333,-73.40517,,TG-6,MBON_P2P,,no,25x25cm,,AP14-15-16-18
AP150676.jpg,2024-10-29,CHILE,LOS RIOS,VALDIVIA,PLAYA ROSADA,LOWTIDE,42,-39.82677333,-73.40517,,TG-6,MBON_P2P,,no,25x25cm,,AP14-15-16-18
AP150677.jpg,2024-10-29,CHILE,LOS RIOS,VALDIVIA,PLAYA ROSADA,LOWTIDE,42,-39.82676167,-73.405175,,TG-6,MBON_P2P,,no,25x25cm,,AP14-15-16-18
AP150678.jpg,2024-10-29,CHILE,LOS RIOS,VALDIVIA,PLAYA ROSADA,LOWTIDE,42,-39.82675667,-73.40518167,,TG-6,MBON_P2P,,no,25x25cm,,AP14-15-16-18
AP150679.jpg,2024-10-29,CHILE,LOS RIOS,VALDIVIA,PLAYA ROSADA,LOWTIDE,42,-39.826745,-73.40519833,,TG-6,MBON_P2P,,no,25x25cm,,AP14-15-16-18
AP150680.jpg,2024-10-29,CHILE,LOS RIOS,VALDIVIA,PLAYA ROSADA,LOWTIDE,42,-39.826745,-73.40519667,,TG-6,MBON_P2P,,no,25x25cm,,AP14-15-16-18
AP150681.jpg,2024-10-29,CHILE,LOS RIOS,VALDIVIA,PLAYA ROSADA,LOWTIDE,42,-39.82676167,-73.40514167,,TG-6,MBON_P2P,,no,25x25cm,,AP14-15-16-18
AP150682.jpg,2024-10-29,CHILE,LOS RIOS,VALDIVIA,PLAYA ROSADA,LOWTIDE,42,-39.82676,-73.40514667,,TG-6,MBON_P2P,,no,25x25cm,,AP14-15-16-18
AP150683.jpg,2024-10-29,CHILE,LOS RIOS,VALDIVIA,PLAYA ROSADA,LOWTIDE,42,-39.82676,-73.405145,,TG-6,MBON_P2P,,no,25x25cm,,AP14-15-16-18
AP150684.jpg,2024-10-29,CHILE,LOS RIOS,VALDIVIA,PLAYA ROSADA,LOWTIDE,42,-39.82677333,-73.40512833,,TG-6,MBON_P2P,,no,25x25cm,,AP14-15-16-18
AP150689.jpg,2024-10-29,CHILE,LOS RIOS,VALDIVIA,LONCOYEN,LOWTIDE,42,-39.81796833,-73.40283167,,TG-6,MBON_P2P,,no,25x25cm,,AP14-15-16-18
AP150690.jpg,2024-10-29,CHILE,LOS RIOS,VALDIVIA,LONCOYEN,LOWTIDE,42,-39.81801667,-73.40279333,,TG-6,MBON_P2P,,no,25x25cm,,AP14-15-16-18
AP150691.jpg,2024-10-29,CHILE,LOS RIOS,VALDIVIA,LONCOYEN,LOWTIDE,42,-39.81801667,-73.40279333,,TG-6,MBON_P2P,,no,25x25cm,,AP14-15-16-18
AP150692.jpg,2024-10-29,CHILE,LOS RIOS,VALDIVIA,LONCOYEN,LOWTIDE,42,-39.818015,-73.402795,,TG-6,MBON_P2P,,no,25x25cm,,AP14-15-16-18
AP150693.jpg,2024-10-29,CHILE,LOS RIOS,VALDIVIA,LONCOYEN,LOWTIDE,42,-39.818015,-73.40279333,,TG-6,MBON_P2P,,no,25x25cm,,AP14-15-16-18
AP150694.jpg,2024-10-29,CHILE,LOS RIOS,VALDIVIA,LONCOYEN,LOWTIDE,42,-39.818015,-73.40279333,,TG-6,MBON_P2P,,no,25x25cm,,AP14-15-16-18
AP150695.jpg,2024-10-29,CHILE,LOS RIOS,VALDIVIA,LONCOYEN,LOWTIDE,42,-39.818015,-73.40279333,,TG-6,MBON_P2P,,no,25x25cm,,AP14-15-16-18
AP150696.jpg,2024-10-29,CHILE,LOS RIOS,VALDIVIA,LONCOYEN,LOWTIDE,42,-39.818015,-73.40279333,,TG-6,MBON_P2P,,no,25x25cm,,AP14-15-16-18
AP150697.jpg,2024-10-29,CHILE,LOS RIOS,VALDIVIA,LONCOYEN,LOWTIDE,42,-39.817995,-73.40282167,,TG-6,MBON_P2P,,no,25x25cm,,AP14-15-16-18
AP150698.jpg,2024-10-29,CHILE,LOS RIOS,VALDIVIA,LONCOYEN,LOWTIDE,42,-39.817995,-73.40282167,,TG-6,MBON_P2P,,no,25x25cm,,AP14-15-16-18
AP150699.jpg,2024-10-29,CHILE,LOS RIOS,VALDIVIA,LONCOYEN,LOWTIDE,42,-39.817995,-73.40282167,,TG-6,MBON_P2P,,no,25x25cm,,AP14-15-16-18
AP150700.jpg,2024-10-29,CHILE,LOS RIOS,VALDIVIA,LONCOYEN,LOWTIDE,42,-39.81799,-73.40282667,,TG-6,MBON_P2P,,no,25x25cm,,AP14-15-16-18
AP150701.jpg,2024-10-29,CHILE,LOS RIOS,VALDIVIA,LONCOYEN,LOWTIDE,42,-39.81799,-73.40282667,,TG-6,MBON_P2P,,no,25x25cm,,AP14-15-16-18
AP150702.jpg,2024-10-29,CHILE,LOS RIOS,VALDIVIA,LONCOYEN,LOWTIDE,42,-39.81799,-73.40282667,,TG-6,MBON_P2P,,no,25x25cm,,AP14-15-16-18
AP150703.jpg,2024-10-29,CHILE,LOS RIOS,VALDIVIA,LONCOYEN,LOWTIDE,42,-39.81799,-73.402825,,TG-6,MBON_P2P,,no,25x25cm,,AP14-15-16-18
AP150704.jpg,2024-10-29,CHILE,LOS RIOS,VALDIVIA,LONCOYEN,LOWTIDE,42,-39.81806167,-73.402805,,TG-6,MBON_P2P,,no,25x25cm,,AP14-15-16-18
AP150705.jpg,2024-10-29,CHILE,LOS RIOS,VALDIVIA,LONCOYEN,LOWTIDE,42,-39.81806167,-73.40280167,,TG-6,MBON_P2P,,no,25x25cm,,AP14-15-16-18
AP150706.jpg,2024-10-29,CHILE,LOS RIOS,VALDIVIA,LONCOYEN,LOWTIDE,42,-39.81806167,-73.40280333,,TG-6,MBON_P2P,,no,25x25cm,,AP14-15-16-18
AP150707.jpg,2024-10-29,CHILE,LOS RIOS,VALDIVIA,LONCOYEN,LOWTIDE,42,-39.81806167,-73.40280333,,TG-6,MBON_P2P,,no,25x25cm,,AP14-15-16-18
AP150708.jpg,2024-10-29,CHILE,LOS RIOS,VALDIVIA,LONCOYEN,LOWTIDE,42,-39.81806167,-73.402805,,TG-6,MBON_P2P,,no,25x25cm,,AP14-15-16-18
AP150709.jpg,2024-10-29,CHILE,LOS RIOS,VALDIVIA,LONCOYEN,LOWTIDE,42,-39.81806833,-73.40279833,,TG-6,MBON_P2P,,no,25x25cm,,AP14-15-16-18
AP150710.jpg,2024-10-29,CHILE,LOS RIOS,VALDIVIA,LONCOYEN,LOWTIDE,42,-39.81806667,-73.4028,,TG-6,MBON_P2P,,no,25x25cm,,AP14-15-16-18
AP150711.jpg,2024-10-29,CHILE,LOS RIOS,VALDIVIA,LONCOYEN,LOWTIDE,42,-39.818065,-73.40280167,,TG-6,MBON_P2P,,no,25x25cm,,AP14-15-16-18
AP150712.jpg,2024-10-29,CHILE,LOS RIOS,VALDIVIA,LONCOYEN,LOWTIDE,42,-39.81806167,-73.40280333,,TG-6,MBON_P2P,,no,25x25cm,,AP14-15-16-18
AP150713.jpg,2024-10-29,CHILE,LOS RIOS,VALDIVIA,LONCOYEN,LOWTIDE,42,-39.81806333,-73.402805,,TG-6,MBON_P2P,,no,25x25cm,,AP14-15-16-18
AP150714.jpg,2024-10-29,CHILE,LOS RIOS,VALDIVIA,LONCOYEN,LOWTIDE,42,-39.81806333,-73.40280667,,TG-6,MBON_P2P,,no,25x25cm,,AP14-15-16-18
AP150715.jpg,2024-10-29,CHILE,LOS RIOS,VALDIVIA,LONCOYEN,LOWTIDE,42,-39.81805,-73.40281333,,TG-6,MBON_P2P,,no,25x25cm,,AP14-15-16-18
AP150716.jpg,2024-10-29,CHILE,LOS RIOS,VALDIVIA,LONCOYEN,LOWTIDE,42,-39.81803333,-73.40286333,,TG-6,MBON_P2P,,no,25x25cm,,AP14-15-16-18
AP150717.jpg,2024-10-29,CHILE,LOS RIOS,VALDIVIA,LONCOYEN,LOWTIDE,42,-39.81801333,-73.40282167,,TG-6,MBON_P2P,,no,25x25cm,,AP14-15-16-18
AP150718.jpg,2024-10-29,CHILE,LOS RIOS,VALDIVIA,LONCOYEN,LOWTIDE,42,-39.81801,-73.40283667,,TG-6,MBON_P2P,,no,25x25cm,,AP14-15-16-18
AP150719.jpg,2024-10-29,CHILE,LOS RIOS,VALDIVIA,LONCOYEN,LOWTIDE,42,-39.81803167,-73.40291333,,TG-6,MBON_P2P,,no,25x25cm,,AP14-15-16-18
AP150720.jpg,2024-10-29,CHILE,LOS RIOS,VALDIVIA,LONCOYEN,LOWTIDE,42,-39.81804333,-73.402915,,TG-6,MBON_P2P,,no,25x25cm,,AP14-15-16-18
AP150721.jpg,2024-10-29,CHILE,LOS RIOS,VALDIVIA,LONCOYEN,LOWTIDE,42,-39.81804167,-73.40291833,,TG-6,MBON_P2P,,no,25x25cm,,AP14-15-16-18
AP150722.jpg,2024-10-29,CHILE,LOS RIOS,VALDIVIA,LONCOYEN,LOWTIDE,42,-39.81805,-73.40290833,,TG-6,MBON_P2P,,no,25x25cm,,AP14-15-16-18
AP150723.jpg,2024-10-29,CHILE,LOS RIOS,VALDIVIA,LONCOYEN,LOWTIDE,42,-39.81804833,-73.40292667,,TG-6,MBON_P2P,,no,25x25cm,,AP14-15-16-18
AP150724.jpg,2024-10-29,CHILE,LOS RIOS,VALDIVIA,LONCOYEN,LOWTIDE,42,-39.81805333,-73.40295333,,TG-6,MBON_P2P,,no,25x25cm,,AP14-15-16-18
AP150725.jpg,2024-10-29,CHILE,LOS RIOS,VALDIVIA,LONCOYEN,LOWTIDE,42,-39.81806667,-73.402955,,TG-6,MBON_P2P,,no,25x25cm,,AP14-15-16-18
AP150726.jpg,2024-10-29,CHILE,LOS RIOS,VALDIVIA,LONCOYEN,LOWTIDE,42,-39.81806833,-73.40295667,,TG-6,MBON_P2P,,no,25x25cm,,AP14-15-16-18
AP150727.jpg,2024-10-29,CHILE,LOS RIOS,VALDIVIA,LONCOYEN,LOWTIDE,42,-39.81806667,-73.40296333,,TG-6,MBON_P2P,,no,25x25cm,,AP14-15-16-18
AP150728.jpg,2024-10-29,CHILE,LOS RIOS,VALDIVIA,LONCOYEN,LOWTIDE,42,-39.81806667,-73.40296333,,TG-6,MBON_P2P,,no,25x25cm,,AP14-15-16-18
AP150729.jpg,2024-10-29,CHILE,LOS RIOS,VALDIVIA,LONCOYEN,LOWTIDE,42,-39.81807333,-73.40295667,,TG-6,MBON_P2P,,no,25x25cm,,AP14-15-16-18
AP150730.jpg,2024-10-29,CHILE,LOS RIOS,VALDIVIA,LONCOYEN,LOWTIDE,42,-39.81807833,-73.402955,,TG-6,MBON_P2P,,no,25x25cm,,AP14-15-16-18
AP150731.jpg,2024-10-29,CHILE,LOS RIOS,VALDIVIA,LONCOYEN,LOWTIDE,42,-39.81807833,-73.40296333,,TG-6,MBON_P2P,,no,25x25cm,,AP14-15-16-18
AP150732.jpg,2024-10-29,CHILE,LOS RIOS,VALDIVIA,LONCOYEN,LOWTIDE,42,-39.81805667,-73.40320833,,TG-6,MBON_P2P,,no,25x25cm,,AP14-15-16-18
AP150733.jpg,2024-10-29,CHILE,LOS RIOS,VALDIVIA,LONCOYEN,LOWTIDE,42,-39.818025,-73.40318833,,TG-6,MBON_P2P,,no,25x25cm,,AP14-15-16-18
AP150734.jpg,2024-10-29,CHILE,LOS RIOS,VALDIVIA,LONCOYEN,LOWTIDE,42,-39.81801833,-73.40318667,,TG-6,MBON_P2P,,no,25x25cm,,AP14-15-16-18
AP150735.jpg,2024-10-29,CHILE,LOS RIOS,VALDIVIA,LONCOYEN,LOWTIDE,42,-39.81802167,-73.40319667,,TG-6,MBON_P2P,,no,25x25cm,,AP14-15-16-18
AP150736.jpg,2024-10-29,CHILE,LOS RIOS,VALDIVIA,LONCOYEN,LOWTIDE,42,-39.81801833,-73.4032,,TG-6,MBON_P2P,,no,25x25cm,,AP14-15-16-18
AP150737.jpg,2024-10-29,CHILE,LOS RIOS,VALDIVIA,LONCOYEN,LOWTIDE,42,-39.81799333,-73.40323833,,TG-6,MBON_P2P,,no,25x25cm,,AP14-15-16-18
AP150738.jpg,2024-10-29,CHILE,LOS RIOS,VALDIVIA,LONCOYEN,LOWTIDE,42,-39.817985,-73.40327333,,TG-6,MBON_P2P,,no,25x25cm,,AP14-15-16-18
AP150739.jpg,2024-10-29,CHILE,LOS RIOS,VALDIVIA,LONCOYEN,MIDTIDE,42,-39.81801667,-73.403175,,TG-6,MBON_P2P,,no,25x25cm,,AP14-15-16-18
AP150740.jpg,2024-10-29,CHILE,LOS RIOS,VALDIVIA,LONCOYEN,MIDTIDE,42,-39.81801667,-73.403175,,TG-6,MBON_P2P,,no,25x25cm,,AP14-15-16-18
AP150741.jpg,2024-10-29,CHILE,LOS RIOS,VALDIVIA,LONCOYEN,MIDTIDE,42,-39.81801667,-73.40317667,,TG-6,MBON_P2P,,no,25x25cm,,AP14-15-16-18
AP150742.jpg,2024-10-29,CHILE,LOS RIOS,VALDIVIA,LONCOYEN,MIDTIDE,42,-39.81800833,-73.40317833,,TG-6,MBON_P2P,,no,25x25cm,,AP14-15-16-18
AP150743.jpg,2024-10-29,CHILE,LOS RIOS,VALDIVIA,LONCOYEN,MIDTIDE,42,-39.81799833,-73.40318167,,TG-6,MBON_P2P,,no,25x25cm,,AP14-15-16-18
AP150744.jpg,2024-10-29,CHILE,LOS RIOS,VALDIVIA,LONCOYEN,MIDTIDE,42,-39.818,-73.40318333,,TG-6,MBON_P2P,,no,25x25cm,,AP14-15-16-18
AP150745.jpg,2024-10-29,CHILE,LOS RIOS,VALDIVIA,LONCOYEN,MIDTIDE,42,-39.81799667,-73.40317333,,TG-6,MBON_P2P,,no,25x25cm,,AP14-15-16-18
AP150746.jpg,2024-10-29,CHILE,LOS RIOS,VALDIVIA,LONCOYEN,MIDTIDE,42,-39.81799833,-73.40315,,TG-6,MBON_P2P,,no,25x25cm,,AP14-15-16-18
AP150747.jpg,2024-10-29,CHILE,LOS RIOS,VALDIVIA,LONCOYEN,MIDTIDE,42,-39.81799833,-73.40314833,,TG-6,MBON_P2P,,no,25x25cm,,AP14-15-16-18
AP150748.jpg,2024-10-29,CHILE,LOS RIOS,VALDIVIA,LONCOYEN,MIDTIDE,42,-39.81799833,-73.40314667,,TG-6,MBON_P2P,,no,25x25cm,,AP14-15-16-18
AP150749.jpg,2024-10-29,CHILE,LOS RIOS,VALDIVIA,LONCOYEN,MIDTIDE,42,-39.81799833,-73.40314667,,TG-6,MBON_P2P,,no,25x25cm,,AP14-15-16-18
AP150750.jpg,2024-10-29,CHILE,LOS RIOS,VALDIVIA,LONCOYEN,MIDTIDE,42,-39.81800167,-73.40312333,,TG-6,MBON_P2P,,no,25x25cm,,AP14-15-16-18
AP150751.jpg,2024-10-29,CHILE,LOS RIOS,VALDIVIA,LONCOYEN,MIDTIDE,42,-39.818,-73.40312667,,TG-6,MBON_P2P,,no,25x25cm,,AP14-15-16-18
AP150752.jpg,2024-10-29,CHILE,LOS RIOS,VALDIVIA,LONCOYEN,MIDTIDE,42,-39.818,-73.40312667,,TG-6,MBON_P2P,,no,25x25cm,,AP14-15-16-18
AP150753.jpg,2024-10-29,CHILE,LOS RIOS,VALDIVIA,LONCOYEN,MIDTIDE,42,-39.818,-73.40312667,,TG-6,MBON_P2P,,no,25x25cm,,AP14-15-16-18
AP150754.jpg,2024-10-29,CHILE,LOS RIOS,VALDIVIA,LONCOYEN,MIDTIDE,42,-39.81799833,-73.40312667,,TG-6,MBON_P2P,,no,25x25cm,,AP14-15-16-18
AP150755.jpg,2024-10-29,CHILE,LOS RIOS,VALDIVIA,LONCOYEN,MIDTIDE,42,-39.81799833,-73.40312667,,TG-6,MBON_P2P,,no,25x25cm,,AP14-15-16-18
AP150756.jpg,2024-10-29,CHILE,LOS RIOS,VALDIVIA,LONCOYEN,MIDTIDE,42,-39.818005,-73.40312833,,TG-6,MBON_P2P,,no,25x25cm,,AP14-15-16-18
AP150757.jpg,2024-10-29,CHILE,LOS RIOS,VALDIVIA,LONCOYEN,MIDTIDE,42,-39.818005,-73.40312667,,TG-6,MBON_P2P,,no,25x25cm,,AP14-15-16-18
AP150758.jpg,2024-10-29,CHILE,LOS RIOS,VALDIVIA,LONCOYEN,MIDTIDE,42,-39.818,-73.40312167,,TG-6,MBON_P2P,,no,25x25cm,,AP14-15-16-18
AP150759.jpg,2024-10-29,CHILE,LOS RIOS,VALDIVIA,LONCOYEN,MIDTIDE,42,-39.81799833,-73.40311333,,TG-6,MBON_P2P,,no,25x25cm,,AP14-15-16-18
AP150760.jpg,2024-10-29,CHILE,LOS RIOS,VALDIVIA,LONCOYEN,MIDTIDE,42,-39.81799667,-73.40310833,,TG-6,MBON_P2P,,no,25x25cm,,AP14-15-16-18
AP150761.jpg,2024-10-29,CHILE,LOS RIOS,VALDIVIA,LONCOYEN,MIDTIDE,42,-39.81799667,-73.40310833,,TG-6,MBON_P2P,,no,25x25cm,,AP14-15-16-18
AP150762.jpg,2024-10-29,CHILE,LOS RIOS,VALDIVIA,LONCOYEN,MIDTIDE,42,-39.817995,-73.40310667,,TG-6,MBON_P2P,,no,25x25cm,,AP14-15-16-18
AP150763.jpg,2024-10-29,CHILE,LOS RIOS,VALDIVIA,LONCOYEN,MIDTIDE,42,-39.81804,-73.40303833,,TG-6,MBON_P2P,,no,25x25cm,,AP14-15-16-18
AP150764.jpg,2024-10-29,CHILE,LOS RIOS,VALDIVIA,LONCOYEN,MIDTIDE,42,-39.81803333,-73.403025,,TG-6,MBON_P2P,,no,25x25cm,,AP14-15-16-18
AP150765.jpg,2024-10-29,CHILE,LOS RIOS,VALDIVIA,LONCOYEN,MIDTIDE,42,-39.81803333,-73.403025,,TG-6,MBON_P2P,,no,25x25cm,,AP14-15-16-18
AP150766.jpg,2024-10-29,CHILE,LOS RIOS,VALDIVIA,LONCOYEN,MIDTIDE,42,-39.81803667,-73.40302667,,TG-6,MBON_P2P,,no,25x25cm,,AP14-15-16-18
AP150767.jpg,2024-10-29,CHILE,LOS RIOS,VALDIVIA,LONCOYEN,MIDTIDE,42,-39.81803667,-73.40302667,,TG-6,MBON_P2P,,no,25x25cm,,AP14-15-16-18
AP150768.jpg,2024-10-29,CHILE,LOS RIOS,VALDIVIA,LONCOYEN,MIDTIDE,42,-39.81803833,-73.40302833,,TG-6,MBON_P2P,,no,25x25cm,,AP14-15-16-18
AP150769.jpg,2024-10-29,CHILE,LOS RIOS,VALDIVIA,LONCOYEN,MIDTIDE,42,-39.818045,-73.40302833,,TG-6,MBON_P2P,,no,25x25cm,,AP14-15-16-18
AP150770.jpg,2024-10-29,CHILE,LOS RIOS,VALDIVIA,LONCOYEN,MIDTIDE,42,-39.818045,-73.40302833,,TG-6,MBON_P2P,,no,25x25cm,,AP14-15-16-18
AP150771.jpg,2024-10-29,CHILE,LOS RIOS,VALDIVIA,LONCOYEN,MIDTIDE,42,-39.81805333,-73.403055,,TG-6,MBON_P2P,,no,25x25cm,,AP14-15-16-18
AP150772.jpg,2024-10-29,CHILE,LOS RIOS,VALDIVIA,LONCOYEN,MIDTIDE,42,-39.81805833,-73.40308167,,TG-6,MBON_P2P,,no,25x25cm,,AP14-15-16-18
AP150773.jpg,2024-10-29,CHILE,LOS RIOS,VALDIVIA,LONCOYEN,MIDTIDE,42,-39.81805833,-73.40308167,,TG-6,MBON_P2P,,no,25x25cm,,AP14-15-16-18
AP150774.jpg,2024-10-29,CHILE,LOS RIOS,VALDIVIA,LONCOYEN,MIDTIDE,42,-39.81806,-73.40308333,,TG-6,MBON_P2P,,no,25x25cm,,AP14-15-16-18
AP150775.jpg,2024-10-29,CHILE,LOS RIOS,VALDIVIA,LONCOYEN,MIDTIDE,42,-39.81806167,-73.40308333,,TG-6,MBON_P2P,,no,25x25cm,,AP14-15-16-18
AP150776.jpg,2024-10-29,CHILE,LOS RIOS,VALDIVIA,LONCOYEN,MIDTIDE,42,-39.81806167,-73.40307833,,TG-6,MBON_P2P,,no,25x25cm,,AP14-15-16-18
AP150777.jpg,2024-10-29,CHILE,LOS RIOS,VALDIVIA,LONCOYEN,MIDTIDE,42,-39.81806,-73.40307667,,TG-6,MBON_P2P,,no,25x25cm,,AP14-15-16-18
AP150778.jpg,2024-10-29,CHILE,LOS RIOS,VALDIVIA,LONCOYEN,MIDTIDE,42,-39.81806,-73.40307667,,TG-6,MBON_P2P,,no,25x25cm,,AP14-15-16-18
AP150779.jpg,2024-10-29,CHILE,LOS RIOS,VALDIVIA,LONCOYEN,MIDTIDE,42,-39.81806667,-73.40306,,TG-6,MBON_P2P,,no,25x25cm,,AP14-15-16-18
AP150780.jpg,2024-10-29,CHILE,LOS RIOS,VALDIVIA,LONCOYEN,MIDTIDE,42,-39.81806667,-73.40306,,TG-6,MBON_P2P,,no,25x25cm,,AP14-15-16-18
AP150781.jpg,2024-10-29,CHILE,LOS RIOS,VALDIVIA,LONCOYEN,MIDTIDE,42,-39.81807,-73.40306,,TG-6,MBON_P2P,,no,25x25cm,,AP14-15-16-18
AP150782.jpg,2024-10-29,CHILE,LOS RIOS,VALDIVIA,LONCOYEN,MIDTIDE,42,-39.81807,-73.40306,,TG-6,MBON_P2P,,no,25x25cm,,AP14-15-16-18
AP150783.jpg,2024-10-29,CHILE,LOS RIOS,VALDIVIA,LONCOYEN,MIDTIDE,42,-39.81807333,-73.40306,,TG-6,MBON_P2P,,no,25x25cm,,AP14-15-16-18
AP150784.jpg,2024-10-29,CHILE,LOS RIOS,VALDIVIA,LONCOYEN,MIDTIDE,42,-39.81807333,-73.40306,,TG-6,MBON_P2P,,no,25x25cm,,AP14-15-16-18
AP150785.jpg,2024-10-29,CHILE,LOS RIOS,VALDIVIA,LONCOYEN,MIDTIDE,42,-39.818075,-73.40306,,TG-6,MBON_P2P,,no,25x25cm,,AP14-15-16-18
AP150786.jpg,2024-10-29,CHILE,LOS RIOS,VALDIVIA,LONCOYEN,MIDTIDE,42,-39.818075,-73.40306,,TG-6,MBON_P2P,,no,25x25cm,,AP14-15-16-18
AP150787.jpg,2024-10-29,CHILE,LOS RIOS,VALDIVIA,LONCOYEN,MIDTIDE,42,-39.81808333,-73.40305833,,TG-6,MBON_P2P,,no,25x25cm,,AP14-15-16-18
AP150788.jpg,2024-10-29,CHILE,LOS RIOS,VALDIVIA,LONCOYEN,MIDTIDE,42,-39.81808333,-73.40305833,,TG-6,MBON_P2P,,no,25x25cm,,AP14-15-16-18
AP150789.jpg,2024-10-29,CHILE,LOS RIOS,VALDIVIA,LONCOYEN,MIDTIDE,42,-39.81808833,-73.403055,,TG-6,MBON_P2P,,no,25x25cm,,AP14-15-16-18
AP150790.jpg,2024-10-29,CHILE,LOS RIOS,VALDIVIA,LONCOYEN,MIDTIDE,42,-39.81808833,-73.403055,,TG-6,MBON_P2P,,no,25x25cm,,AP14-15-16-18
AP150791.jpg,2024-10-29,CHILE,LOS RIOS,VALDIVIA,LONCOYEN,MIDTIDE,42,-39.81809,-73.40305333,,TG-6,MBON_P2P,,no,25x25cm,,AP14-15-16-18
AP150793.jpg,2024-10-29,CHILE,LOS RIOS,VALDIVIA,LONCOYEN,HIGHTIDE,42,-39.81713,-73.40323,,TG-6,MBON_P2P,,no,25x25cm,,AP14-15-16-18
AP150794.jpg,2024-10-29,CHILE,LOS RIOS,VALDIVIA,LONCOYEN,HIGHTIDE,42,-39.81725,-73.40316667,,TG-6,MBON_P2P,,no,25x25cm,,AP14-15-16-18
AP150795.jpg,2024-10-29,CHILE,LOS RIOS,VALDIVIA,LONCOYEN,HIGHTIDE,42,-39.81725,-73.40316667,,TG-6,MBON_P2P,,no,25x25cm,,AP14-15-16-18
AP150796.jpg,2024-10-29,CHILE,LOS RIOS,VALDIVIA,LONCOYEN,HIGHTIDE,42,-39.81758667,-73.40310667,,TG-6,MBON_P2P,,no,25x25cm,,AP14-15-16-18
AP150797.jpg,2024-10-29,CHILE,LOS RIOS,VALDIVIA,LONCOYEN,HIGHTIDE,42,-39.8178,-73.40301833,,TG-6,MBON_P2P,,no,25x25cm,,AP14-15-16-18
AP150798.jpg,2024-10-29,CHILE,LOS RIOS,VALDIVIA,LONCOYEN,HIGHTIDE,42,-39.81800667,-73.402955,,TG-6,MBON_P2P,,no,25x25cm,,AP14-15-16-18
AP150799.jpg,2024-10-29,CHILE,LOS RIOS,VALDIVIA,LONCOYEN,HIGHTIDE,42,-39.81800667,-73.402955,,TG-6,MBON_P2P,,no,25x25cm,,AP14-15-16-18
AP150800.jpg,2024-10-29,CHILE,LOS RIOS,VALDIVIA,LONCOYEN,HIGHTIDE,42,-39.81811667,-73.40296667,,TG-6,MBON_P2P,,no,25x25cm,,AP14-15-16-18
AP150801.jpg,2024-10-29,CHILE,LOS RIOS,VALDIVIA,LONCOYEN,HIGHTIDE,42,-39.81812,-73.40298333,,TG-6,MBON_P2P,,no,25x25cm,,AP14-15-16-18
AP150802.jpg,2024-10-29,CHILE,LOS RIOS,VALDIVIA,LONCOYEN,HIGHTIDE,42,-39.81812667,-73.402975,,TG-6,MBON_P2P,,no,25x25cm,,AP14-15-16-18
AP150803.jpg,2024-10-29,CHILE,LOS RIOS,VALDIVIA,LONCOYEN,HIGHTIDE,42,-39.81812667,-73.402975,,TG-6,MBON_P2P,,no,25x25cm,,AP14-15-16-18
AP150804.jpg,2024-10-29,CHILE,LOS RIOS,VALDIVIA,LONCOYEN,HIGHTIDE,42,-39.81812667,-73.402975,,TG-6,MBON_P2P,,no,25x25cm,,AP14-15-16-18
AP150805.jpg,2024-10-29,CHILE,LOS RIOS,VALDIVIA,LONCOYEN,HIGHTIDE,42,-39.81812667,-73.402975,,TG-6,MBON_P2P,,no,25x25cm,,AP14-15-16-18
AP150806.jpg,2024-10-29,CHILE,LOS RIOS,VALDIVIA,LONCOYEN,HIGHTIDE,42,-39.81812667,-73.402975,,TG-6,MBON_P2P,,no,25x25cm,,AP14-15-16-18
AP150807.jpg,2024-10-29,CHILE,LOS RIOS,VALDIVIA,LONCOYEN,HIGHTIDE,42,-39.81812667,-73.402975,,TG-6,MBON_P2P,,no,25x25cm,,AP14-15-16-18
AP150808.jpg,2024-10-29,CHILE,LOS RIOS,VALDIVIA,LONCOYEN,HIGHTIDE,42,-39.81812667,-73.40295,,TG-6,MBON_P2P,,no,25x25cm,,AP14-15-16-18
AP150809.jpg,2024-10-29,CHILE,LOS RIOS,VALDIVIA,LONCOYEN,HIGHTIDE,42,-39.81813833,-73.40296333,,TG-6,MBON_P2P,,no,25x25cm,,AP14-15-16-18
AP150810.jpg,2024-10-29,CHILE,LOS RIOS,VALDIVIA,LONCOYEN,HIGHTIDE,42,-39.81813833,-73.40296333,,TG-6,MBON_P2P,,no,25x25cm,,AP14-15-16-18
AP150811.jpg,2024-10-29,CHILE,LOS RIOS,VALDIVIA,LONCOYEN,HIGHTIDE,42,-39.81813833,-73.40296333,,TG-6,MBON_P2P,,no,25x25cm,,AP14-15-16-18
AP150812.jpg,2024-10-29,CHILE,LOS RIOS,VALDIVIA,LONCOYEN,HIGHTIDE,42,-39.81813833,-73.40296333,,TG-6,MBON_P2P,,no,25x25cm,,AP14-15-16-18
AP150813.jpg,2024-10-29,CHILE,LOS RIOS,VALDIVIA,LONCOYEN,HIGHTIDE,42,-39.81813833,-73.402965,,TG-6,MBON_P2P,,no,25x25cm,,AP14-15-16-18
AP150814.jpg,2024-10-29,CHILE,LOS RIOS,VALDIVIA,LONCOYEN,HIGHTIDE,42,-39.81813833,-73.402965,,TG-6,MBON_P2P,,no,25x25cm,,AP14-15-16-18
AP150815.jpg,2024-10-29,CHILE,LOS RIOS,VALDIVIA,LONCOYEN,HIGHTIDE,42,-39.81813833,-73.402965,,TG-6,MBON_P2P,,no,25x25cm,,AP14-15-16-18
AP150816.jpg,2024-10-29,CHILE,LOS RIOS,VALDIVIA,LONCOYEN,HIGHTIDE,42,-39.81813833,-73.402965,,TG-6,MBON_P2P,,no,25x25cm,,AP14-15-16-18
AP150817.jpg,2024-10-29,CHILE,LOS RIOS,VALDIVIA,LONCOYEN,HIGHTIDE,42,-39.81813833,-73.402965,,TG-6,MBON_P2P,,no,25x25cm,,AP14-15-16-18
AP150818.jpg,2024-10-29,CHILE,LOS RIOS,VALDIVIA,LONCOYEN,HIGHTIDE,42,-39.81813833,-73.402965,,TG-6,MBON_P2P,,no,25x25cm,,AP14-15-16-18
AP150819.jpg,2024-10-29,CHILE,LOS RIOS,VALDIVIA,LONCOYEN,HIGHTIDE,42,-39.81813833,-73.40296667,,TG-6,MBON_P2P,,no,25x25cm,,AP14-15-16-18
AP150820.jpg,2024-10-29,CHILE,LOS RIOS,VALDIVIA,LONCOYEN,HIGHTIDE,42,-39.81813833,-73.40296667,,TG-6,MBON_P2P,,no,25x25cm,,AP14-15-16-18
AP150821.jpg,2024-10-29,CHILE,LOS RIOS,VALDIVIA,LONCOYEN,HIGHTIDE,42,-39.81813833,-73.40296667,,TG-6,MBON_P2P,,no,25x25cm,,AP14-15-16-18
AP150822.jpg,2024-10-29,CHILE,LOS RIOS,VALDIVIA,LONCOYEN,HIGHTIDE,42,-39.81813833,-73.40296667,,TG-6,MBON_P2P,,no,25x25cm,,AP14-15-16-18
AP150823.jpg,2024-10-29,CHILE,LOS RIOS,VALDIVIA,LONCOYEN,HIGHTIDE,42,-39.81813833,-73.40296667,,TG-6,MBON_P2P,,no,25x25cm,,AP14-15-16-18
AP150824.jpg,2024-10-29,CHILE,LOS RIOS,VALDIVIA,LONCOYEN,HIGHTIDE,42,-39.81813833,-73.40296667,,TG-6,MBON_P2P,,no,25x25cm,,AP14-15-16-18
AP150825.jpg,2024-10-29,CHILE,LOS RIOS,VALDIVIA,LONCOYEN,HIGHTIDE,42,-39.81813833,-73.40296667,,TG-6,MBON_P2P,,no,25x25cm,,AP14-15-16-18
AP150826.jpg,2024-10-29,CHILE,LOS RIOS,VALDIVIA,LONCOYEN,HIGHTIDE,42,-39.81813833,-73.40296667,,TG-6,MBON_P2P,,no,25x25cm,,AP14-15-16-18
AP150827.jpg,2024-10-29,CHILE,LOS RIOS,VALDIVIA,LONCOYEN,HIGHTIDE,42,-39.81814,-73.40296667,,TG-6,MBON_P2P,,no,25x25cm,,AP14-15-16-18
AP150828.jpg,2024-10-29,CHILE,LOS RIOS,VALDIVIA,LONCOYEN,HIGHTIDE,42,-39.81814,-73.40296667,,TG-6,MBON_P2P,,no,25x25cm,,AP14-15-16-18
AP150829.jpg,2024-10-29,CHILE,LOS RIOS,VALDIVIA,LONCOYEN,HIGHTIDE,42,-39.81814,-73.40296667,,TG-6,MBON_P2P,,no,25x25cm,,AP14-15-16-18
AP150830.jpg,2024-10-29,CHILE,LOS RIOS,VALDIVIA,LONCOYEN,HIGHTIDE,42,-39.81815167,-73.40295833,,TG-6,MBON_P2P,,no,25x25cm,,AP14-15-16-18
AP150831.jpg,2024-10-29,CHILE,LOS RIOS,VALDIVIA,LONCOYEN,HIGHTIDE,42,-39.81815167,-73.40295833,,TG-6,MBON_P2P,,no,25x25cm,,AP14-15-16-18
AP150832.jpg,2024-10-29,CHILE,LOS RIOS,VALDIVIA,LONCOYEN,HIGHTIDE,42,-39.81814667,-73.40296,,TG-6,MBON_P2P,,no,25x25cm,,AP14-15-16-18
AP150833.jpg,2024-10-29,CHILE,LOS RIOS,VALDIVIA,LONCOYEN,HIGHTIDE,42,-39.81814667,-73.40296,,TG-6,MBON_P2P,,no,25x25cm,,AP14-15-16-18
AP150834.jpg,2024-10-29,CHILE,LOS RIOS,VALDIVIA,LONCOYEN,HIGHTIDE,42,-39.81814667,-73.40296,,TG-6,MBON_P2P,,no,25x25cm,,AP14-15-16-18
AP150835.jpg,2024-10-29,CHILE,LOS RIOS,VALDIVIA,LONCOYEN,HIGHTIDE,42,-39.81814667,-73.40296,,TG-6,MBON_P2P,,no,25x25cm,,AP14-15-16-18
AP150836.jpg,2024-10-29,CHILE,LOS RIOS,VALDIVIA,LONCOYEN,HIGHTIDE,42,-39.81814667,-73.40296,,TG-6,MBON_P2P,,no,25x25cm,,AP14-15-16-18
AP150837.jpg,2024-10-29,CHILE,LOS RIOS,VALDIVIA,LONCOYEN,HIGHTIDE,42,-39.81814667,-73.40296,,TG-6,MBON_P2P,,no,25x25cm,,AP14-15-16-18
AP150838.jpg,2024-10-29,CHILE,LOS RIOS,VALDIVIA,LONCOYEN,HIGHTIDE,42,-39.81814667,-73.40296,,TG-6,MBON_P2P,,no,25x25cm,,AP14-15-16-18
AP150839.jpg,2024-10-29,CHILE,LOS RIOS,VALDIVIA,LONCOYEN,HIGHTIDE,42,-39.81814833,-73.40296167,,TG-6,MBON_P2P,,no,25x25cm,,AP14-15-16-18
AP150840.jpg,2024-10-29,CHILE,LOS RIOS,VALDIVIA,LONCOYEN,HIGHTIDE,42,-39.81814833,-73.40296167,,TG-6,MBON_P2P,,no,25x25cm,,AP14-15-16-18
AP150841.jpg,2024-10-29,CHILE,LOS RIOS,VALDIVIA,LONCOYEN,HIGHTIDE,42,-39.81814833,-73.40296167,,TG-6,MBON_P2P,,no,25x25cm,,AP14-15-16-18
AP150842.jpg,2024-10-29,CHILE,LOS RIOS,VALDIVIA,LONCOYEN,HIGHTIDE,42,-39.81815,-73.40296167,,TG-6,MBON_P2P,,no,25x25cm,,AP14-15-16-18
AP150843.jpg,2024-10-29,CHILE,LOS RIOS,VALDIVIA,LONCOYEN,HIGHTIDE,42,-39.81815,-73.40296167,,TG-6,MBON_P2P,,no,25x25cm,,AP14-15-16-18
AP150844.jpg,2024-10-29,CHILE,LOS RIOS,VALDIVIA,LONCOYEN,HIGHTIDE,42,-39.81815,-73.40296167,,TG-6,MBON_P2P,,no,25x25cm,,AP14-15-16-18
AP160195.jpg,2023-04-17,CHILE,VALPARAISO,VALPARAISO,MONTEMAR,MIDTIDE,42,-32.95632488,-71.55028969,,TG-6,MBON_P2P,,no,25x25cm,,AP14-15-16-18
AP160196.jpg,2023-04-17,CHILE,VALPARAISO,VALPARAISO,MONTEMAR,MIDTIDE,42,-32.95632488,-71.55028969,,TG-6,MBON_P2P,,no,25x25cm,,AP14-15-16-18
AP160197.jpg,2023-04-17,CHILE,VALPARAISO,VALPARAISO,MONTEMAR,MIDTIDE,42,-32.95632488,-71.55028969,,TG-6,MBON_P2P,,no,25x25cm,,AP14-15-16-18
AP160198.jpg,2023-04-17,CHILE,VALPARAISO,VALPARAISO,MONTEMAR,MIDTIDE,42,-32.95632488,-71.55028969,,TG-6,MBON_P2P,,no,25x25cm,,AP14-15-16-18
AP160199.jpg,2023-04-17,CHILE,VALPARAISO,VALPARAISO,MONTEMAR,MIDTIDE,42,-32.95632488,-71.55028969,,TG-6,MBON_P2P,,no,25x25cm,,AP14-15-16-18
AP160203.jpg,2023-04-17,CHILE,VALPARAISO,VALPARAISO,MONTEMAR,MIDTIDE,42,-32.95632488,-71.55028969,,TG-6,MBON_P2P,,no,25x25cm,,AP14-15-16-18
AP160204.jpg,2023-04-17,CHILE,VALPARAISO,VALPARAISO,MONTEMAR,MIDTIDE,42,-32.95632488,-71.55028969,,TG-6,MBON_P2P,,no,25x25cm,,AP14-15-16-18
AP160205.jpg,2023-04-17,CHILE,VALPARAISO,VALPARAISO,MONTEMAR,MIDTIDE,42,-32.95632488,-71.55028969,,TG-6,MBON_P2P,,no,25x25cm,,AP14-15-16-18
AP160206.jpg,2023-04-17,CHILE,VALPARAISO,VALPARAISO,MONTEMAR,MIDTIDE,42,-32.95632488,-71.55028969,,TG-6,MBON_P2P,,no,25x25cm,,AP14-15-16-18
AP160207.jpg,2023-04-17,CHILE,VALPARAISO,VALPARAISO,MONTEMAR,MIDTIDE,42,-32.95632488,-71.55028969,,TG-6,MBON_P2P,,no,25x25cm,,AP14-15-16-18
AP160208.jpg,2023-04-17,CHILE,VALPARAISO,VALPARAISO,MONTEMAR,MIDTIDE,42,-32.95632488,-71.55028969,,TG-6,MBON_P2P,,no,25x25cm,,AP14-15-16-18
AP160209.jpg,2023-04-17,CHILE,VALPARAISO,VALPARAISO,MONTEMAR,MIDTIDE,42,-32.95632488,-71.55028969,,TG-6,MBON_P2P,,no,25x25cm,,AP14-15-16-18
AP160213.jpg,2023-04-17,CHILE,VALPARAISO,VALPARAISO,MONTEMAR,MIDTIDE,42,-32.95632488,-71.55028969,,TG-6,MBON_P2P,,no,25x25cm,,AP14-15-16-18
AP160214.jpg,2023-04-17,CHILE,VALPARAISO,VALPARAISO,MONTEMAR,MIDTIDE,42,-32.95632488,-71.55028969,,TG-6,MBON_P2P,,no,25x25cm,,AP14-15-16-18
AP160215.jpg,2023-04-17,CHILE,VALPARAISO,VALPARAISO,MONTEMAR,MIDTIDE,42,-32.95632488,-71.55028969,,TG-6,MBON_P2P,,no,25x25cm,,AP14-15-16-18
AP160216.jpg,2023-04-17,CHILE,VALPARAISO,VALPARAISO,MONTEMAR,MIDTIDE,42,-32.95632488,-71.55028969,,TG-6,MBON_P2P,,no,25x25cm,,AP14-15-16-18
AP160217.jpg,2023-04-17,CHILE,VALPARAISO,VALPARAISO,MONTEMAR,MIDTIDE,42,-32.95632488,-71.55028969,,TG-6,MBON_P2P,,no,25x25cm,,AP14-15-16-18
AP160218.jpg,2023-04-17,CHILE,VALPARAISO,VALPARAISO,MONTEMAR,MIDTIDE,42,-32.95632488,-71.55028969,,TG-6,MBON_P2P,,no,25x25cm,,AP14-15-16-18
AP160219.jpg,2023-04-17,CHILE,VALPARAISO,VALPARAISO,MONTEMAR,MIDTIDE,42,-32.95632488,-71.55028969,,TG-6,MBON_P2P,,no,25x25cm,,AP14-15-16-18
AP160223.jpg,2023-04-17,CHILE,VALPARAISO,VALPARAISO,MONTEMAR,MIDTIDE,42,-32.95632488,-71.55028969,,TG-6,MBON_P2P,,no,25x25cm,,AP14-15-16-18
AP160224.jpg,2023-04-17,CHILE,VALPARAISO,VALPARAISO,MONTEMAR,MIDTIDE,42,-32.95632488,-71.55028969,,TG-6,MBON_P2P,,no,25x25cm,,AP14-15-16-18
AP160225.jpg,2023-04-17,CHILE,VALPARAISO,VALPARAISO,MONTEMAR,MIDTIDE,42,-32.95632488,-71.55028969,,TG-6,MBON_P2P,,no,25x25cm,,AP14-15-16-18
AP160226.jpg,2023-04-17,CHILE,VALPARAISO,VALPARAISO,MONTEMAR,MIDTIDE,42,-32.95632488,-71.55028969,,TG-6,MBON_P2P,,no,25x25cm,,AP14-15-16-18
AP160227.jpg,2023-04-17,CHILE,VALPARAISO,VALPARAISO,MONTEMAR,MIDTIDE,42,-32.95632488,-71.55028969,,TG-6,MBON_P2P,,no,25x25cm,,AP14-15-16-18
AP160228.jpg,2023-04-17,CHILE,VALPARAISO,VALPARAISO,MONTEMAR,MIDTIDE,42,-32.95632488,-71.55028969,,TG-6,MBON_P2P,,no,25x25cm,,AP14-15-16-18
AP160229.jpg,2023-04-17,CHILE,VALPARAISO,VALPARAISO,MONTEMAR,MIDTIDE,42,-32.95632488,-71.55028969,,TG-6,MBON_P2P,,no,25x25cm,,AP14-15-16-18
AP160233.jpg,2023-04-17,CHILE,VALPARAISO,VALPARAISO,MONTEMAR,MIDTIDE,42,-32.95632488,-71.55028969,,TG-6,MBON_P2P,,no,25x25cm,,AP14-15-16-18
AP160234.jpg,2023-04-17,CHILE,VALPARAISO,VALPARAISO,MONTEMAR,MIDTIDE,42,-32.95632488,-71.55028969,,TG-6,MBON_P2P,,no,25x25cm,,AP14-15-16-18
AP160235.jpg,2023-04-17,CHILE,VALPARAISO,VALPARAISO,MONTEMAR,MIDTIDE,42,-32.95632488,-71.55028969,,TG-6,MBON_P2P,,no,25x25cm,,AP14-15-16-18
AP160236.jpg,2023-04-17,CHILE,VALPARAISO,VALPARAISO,MONTEMAR,MIDTIDE,42,-32.95632488,-71.55028969,,TG-6,MBON_P2P,,no,25x25cm,,AP14-15-16-18
AP160237.jpg,2023-04-17,CHILE,VALPARAISO,VALPARAISO,MONTEMAR,MIDTIDE,42,-32.95632488,-71.55028969,,TG-6,MBON_P2P,,no,25x25cm,,AP14-15-16-18
AP160238.jpg,2023-04-17,CHILE,VALPARAISO,VALPARAISO,MONTEMAR,MIDTIDE,42,-32.95632488,-71.55028969,,TG-6,MBON_P2P,,no,25x25cm,,AP14-15-16-18
AP160239.jpg,2023-04-17,CHILE,VALPARAISO,VALPARAISO,MONTEMAR,MIDTIDE,42,-32.95632488,-71.55028969,,TG-6,MBON_P2P,,no,25x25cm,,AP14-15-16-18
AP160243.jpg,2023-04-17,CHILE,VALPARAISO,VALPARAISO,MONTEMAR,MIDTIDE,42,-32.95632488,-71.55028969,,TG-6,MBON_P2P,,no,25x25cm,,AP14-15-16-18
AP160244.jpg,2023-04-17,CHILE,VALPARAISO,VALPARAISO,MONTEMAR,MIDTIDE,42,-32.95632488,-71.55028969,,TG-6,MBON_P2P,,no,25x25cm,,AP14-15-16-18
AP160245.jpg,2023-04-17,CHILE,VALPARAISO,VALPARAISO,MONTEMAR,MIDTIDE,42,-32.95632488,-71.55028969,,TG-6,MBON_P2P,,no,25x25cm,,AP14-15-16-18
AP160246.jpg,2023-04-17,CHILE,VALPARAISO,VALPARAISO,MONTEMAR,MIDTIDE,42,-32.95632488,-71.55028969,,TG-6,MBON_P2P,,no,25x25cm,,AP14-15-16-18
AP160247.jpg,2023-04-17,CHILE,VALPARAISO,VALPARAISO,MONTEMAR,MIDTIDE,42,-32.95632488,-71.55028969,,TG-6,MBON_P2P,,no,25x25cm,,AP14-15-16-18
AP160248.jpg,2023-04-17,CHILE,VALPARAISO,VALPARAISO,MONTEMAR,MIDTIDE,42,-32.95632488,-71.55028969,,TG-6,MBON_P2P,,no,25x25cm,,AP14-15-16-18
AP160249.jpg,2023-04-17,CHILE,VALPARAISO,VALPARAISO,MONTEMAR,MIDTIDE,42,-32.95632488,-71.55028969,,TG-6,MBON_P2P,,no,25x25cm,,AP14-15-16-18
AP160253.jpg,2023-04-17,CHILE,VALPARAISO,VALPARAISO,MONTEMAR,MIDTIDE,42,-32.95632488,-71.55028969,,TG-6,MBON_P2P,,no,25x25cm,,AP14-15-16-18
AP160254.jpg,2023-04-17,CHILE,VALPARAISO,VALPARAISO,MONTEMAR,MIDTIDE,42,-32.95632488,-71.55028969,,TG-6,MBON_P2P,,no,25x25cm,,AP14-15-16-18
AP160255.jpg,2023-04-17,CHILE,VALPARAISO,VALPARAISO,MONTEMAR,MIDTIDE,42,-32.95632488,-71.55028969,,TG-6,MBON_P2P,,no,25x25cm,,AP14-15-16-18
AP160256.jpg,2023-04-17,CHILE,VALPARAISO,VALPARAISO,MONTEMAR,MIDTIDE,42,-32.95632488,-71.55028969,,TG-6,MBON_P2P,,no,25x25cm,,AP14-15-16-18
AP160257.jpg,2023-04-17,CHILE,VALPARAISO,VALPARAISO,MONTEMAR,MIDTIDE,42,-32.95632488,-71.55028969,,TG-6,MBON_P2P,,no,25x25cm,,AP14-15-16-18
AP160258.jpg,2023-04-17,CHILE,VALPARAISO,VALPARAISO,MONTEMAR,MIDTIDE,42,-32.95632488,-71.55028969,,TG-6,MBON_P2P,,no,25x25cm,,AP14-15-16-18
AP160259.jpg,2023-04-17,CHILE,VALPARAISO,VALPARAISO,MONTEMAR,MIDTIDE,42,-32.95632488,-71.55028969,,TG-6,MBON_P2P,,no,25x25cm,,AP14-15-16-18
AP160263.jpg,2023-04-17,CHILE,VALPARAISO,VALPARAISO,MONTEMAR,LOWTIDE,42,-32.95632488,-71.55028969,,TG-6,MBON_P2P,,no,25x25cm,,AP14-15-16-18
AP160264.jpg,2023-04-17,CHILE,VALPARAISO,VALPARAISO,MONTEMAR,LOWTIDE,42,-32.95632488,-71.55028969,,TG-6,MBON_P2P,,no,25x25cm,,AP14-15-16-18
AP160265.jpg,2023-04-17,CHILE,VALPARAISO,VALPARAISO,MONTEMAR,LOWTIDE,42,-32.95632488,-71.55028969,,TG-6,MBON_P2P,,no,25x25cm,,AP14-15-16-18
AP160266.jpg,2023-04-17,CHILE,VALPARAISO,VALPARAISO,MONTEMAR,LOWTIDE,42,-32.95632488,-71.55028969,,TG-6,MBON_P2P,,no,25x25cm,,AP14-15-16-18
AP160267.jpg,2023-04-17,CHILE,VALPARAISO,VALPARAISO,MONTEMAR,LOWTIDE,42,-32.95632488,-71.55028969,,TG-6,MBON_P2P,,no,25x25cm,,AP14-15-16-18
AP160268.jpg,2023-04-17,CHILE,VALPARAISO,VALPARAISO,MONTEMAR,LOWTIDE,42,-32.95632488,-71.55028969,,TG-6,MBON_P2P,,no,25x25cm,,AP14-15-16-18
AP160269.jpg,2023-04-17,CHILE,VALPARAISO,VALPARAISO,MONTEMAR,LOWTIDE,42,-32.95632488,-71.55028969,,TG-6,MBON_P2P,,no,25x25cm,,AP14-15-16-18
AP160273.jpg,2023-04-17,CHILE,VALPARAISO,VALPARAISO,MONTEMAR,LOWTIDE,42,-32.95632488,-71.55028969,,TG-6,MBON_P2P,,no,25x25cm,,AP14-15-16-18
AP160276.jpg,2023-04-17,CHILE,VALPARAISO,VALPARAISO,MONTEMAR,LOWTIDE,42,-32.95632488,-71.55028969,,TG-6,MBON_P2P,,no,25x25cm,,AP14-15-16-18
AP160277.jpg,2023-04-17,CHILE,VALPARAISO,VALPARAISO,MONTEMAR,LOWTIDE,42,-32.95632488,-71.55028969,,TG-6,MBON_P2P,,no,25x25cm,,AP14-15-16-18
AP160278.jpg,2023-04-17,CHILE,VALPARAISO,VALPARAISO,MONTEMAR,LOWTIDE,42,-32.95632488,-71.55028969,,TG-6,MBON_P2P,,no,25x25cm,,AP14-15-16-18
AP160279.jpg,2023-04-17,CHILE,VALPARAISO,VALPARAISO,MONTEMAR,LOWTIDE,42,-32.95632488,-71.55028969,,TG-6,MBON_P2P,,no,25x25cm,,AP14-15-16-18
AP160280.jpg,2023-04-17,CHILE,VALPARAISO,VALPARAISO,MONTEMAR,LOWTIDE,42,-32.95632488,-71.55028969,,TG-6,MBON_P2P,,no,25x25cm,,AP14-15-16-18
AP160281.jpg,2023-04-17,CHILE,VALPARAISO,VALPARAISO,MONTEMAR,LOWTIDE,42,-32.95632488,-71.55028969,,TG-6,MBON_P2P,,no,25x25cm,,AP14-15-16-18
AP160286.jpg,2023-04-17,CHILE,VALPARAISO,VALPARAISO,MONTEMAR,LOWTIDE,42,-32.95632488,-71.55028969,,TG-6,MBON_P2P,,no,25x25cm,,AP14-15-16-18
AP160288.jpg,2023-04-17,CHILE,VALPARAISO,VALPARAISO,MONTEMAR,LOWTIDE,42,-32.95632488,-71.55028969,,TG-6,MBON_P2P,,no,25x25cm,,AP14-15-16-18
AP160289.jpg,2023-04-17,CHILE,VALPARAISO,VALPARAISO,MONTEMAR,LOWTIDE,42,-32.95632488,-71.55028969,,TG-6,MBON_P2P,,no,25x25cm,,AP14-15-16-18
AP160290.jpg,2023-04-17,CHILE,VALPARAISO,VALPARAISO,MONTEMAR,LOWTIDE,42,-32.95632488,-71.55028969,,TG-6,MBON_P2P,,no,25x25cm,,AP14-15-16-18
AP160292.jpg,2023-04-17,CHILE,VALPARAISO,VALPARAISO,MONTEMAR,LOWTIDE,42,-32.95632488,-71.55028969,,TG-6,MBON_P2P,,no,25x25cm,,AP14-15-16-18
AP160293.jpg,2023-04-17,CHILE,VALPARAISO,VALPARAISO,MONTEMAR,LOWTIDE,42,-32.95632488,-71.55028969,,TG-6,MBON_P2P,,no,25x25cm,,AP14-15-16-18
AP160298.jpg,2023-04-17,CHILE,VALPARAISO,VALPARAISO,MONTEMAR,LOWTIDE,42,-32.95632488,-71.55028969,,TG-6,MBON_P2P,,no,25x25cm,,AP14-15-16-18
AP160300.jpg,2023-04-17,CHILE,VALPARAISO,VALPARAISO,MONTEMAR,LOWTIDE,42,-32.95632488,-71.55028969,,TG-6,MBON_P2P,,no,25x25cm,,AP14-15-16-18
AP160301.jpg,2023-04-17,CHILE,VALPARAISO,VALPARAISO,MONTEMAR,LOWTIDE,42,-32.95632488,-71.55028969,,TG-6,MBON_P2P,,no,25x25cm,,AP14-15-16-18
AP160302.jpg,2023-04-17,CHILE,VALPARAISO,VALPARAISO,MONTEMAR,LOWTIDE,42,-32.95632488,-71.55028969,,TG-6,MBON_P2P,,no,25x25cm,,AP14-15-16-18
AP160303.jpg,2023-04-17,CHILE,VALPARAISO,VALPARAISO,MONTEMAR,LOWTIDE,42,-32.95632488,-71.55028969,,TG-6,MBON_P2P,,no,25x25cm,,AP14-15-16-18
AP160304.jpg,2023-04-17,CHILE,VALPARAISO,VALPARAISO,MONTEMAR,LOWTIDE,42,-32.95632488,-71.55028969,,TG-6,MBON_P2P,,no,25x25cm,,AP14-15-16-18
AP160306.jpg,2023-04-17,CHILE,VALPARAISO,VALPARAISO,MONTEMAR,LOWTIDE,42,-32.95632488,-71.55028969,,TG-6,MBON_P2P,,no,25x25cm,,AP14-15-16-18
AP160310.jpg,2023-04-17,CHILE,VALPARAISO,VALPARAISO,MONTEMAR,LOWTIDE,42,-32.95632488,-71.55028969,,TG-6,MBON_P2P,,no,25x25cm,,AP14-15-16-18
AP160312.jpg,2023-04-17,CHILE,VALPARAISO,VALPARAISO,MONTEMAR,LOWTIDE,42,-32.95632488,-71.55028969,,TG-6,MBON_P2P,,no,25x25cm,,AP14-15-16-18
AP160313.jpg,2023-04-17,CHILE,VALPARAISO,VALPARAISO,MONTEMAR,LOWTIDE,42,-32.95632488,-71.55028969,,TG-6,MBON_P2P,,no,25x25cm,,AP14-15-16-18
AP160314.jpg,2023-04-17,CHILE,VALPARAISO,VALPARAISO,MONTEMAR,LOWTIDE,42,-32.95632488,-71.55028969,,TG-6,MBON_P2P,,no,25x25cm,,AP14-15-16-18
AP160315.jpg,2023-04-17,CHILE,VALPARAISO,VALPARAISO,MONTEMAR,LOWTIDE,42,-32.95632488,-71.55028969,,TG-6,MBON_P2P,,no,25x25cm,,AP14-15-16-18
AP160316.jpg,2023-04-17,CHILE,VALPARAISO,VALPARAISO,MONTEMAR,LOWTIDE,42,-32.95632488,-71.55028969,,TG-6,MBON_P2P,,no,25x25cm,,AP14-15-16-18
AP160318.jpg,2023-04-17,CHILE,VALPARAISO,VALPARAISO,MONTEMAR,LOWTIDE,42,-32.9562798616667,-71.550418445,,TG-6,MBON_P2P,,no,25x25cm,,AP16
AP160325.jpg,2023-04-17,CHILE,VALPARAISO,VALPARAISO,MONTEMAR,LOWTIDE,42,-32.95632488,-71.55028969,,TG-6,MBON_P2P,,no,25x25cm,,AP14-15-16-18
AP160326.jpg,2023-04-17,CHILE,VALPARAISO,VALPARAISO,MONTEMAR,LOWTIDE,42,-32.95632488,-71.55028969,,TG-6,MBON_P2P,,no,25x25cm,,AP14-15-16-18
AP160327.jpg,2023-04-17,CHILE,VALPARAISO,VALPARAISO,MONTEMAR,LOWTIDE,42,-32.95632488,-71.55028969,,TG-6,MBON_P2P,,no,25x25cm,,AP14-15-16-18
AP160328.jpg,2023-04-17,CHILE,VALPARAISO,VALPARAISO,MONTEMAR,LOWTIDE,42,-32.95632488,-71.55028969,,TG-6,MBON_P2P,,no,25x25cm,,AP14-15-16-18
AP160331.jpg,2023-04-17,CHILE,VALPARAISO,VALPARAISO,MONTEMAR,LOWTIDE,42,-32.95632488,-71.55028969,,TG-6,MBON_P2P,,no,25x25cm,,AP14-15-16-18
AP160335.jpg,2023-04-17,CHILE,VALPARAISO,VALPARAISO,MONTEMAR,LOWTIDE,42,-32.95632488,-71.55028969,,TG-6,MBON_P2P,,no,25x25cm,,AP14-15-16-18
AP160339.jpg,2023-04-17,CHILE,VALPARAISO,VALPARAISO,MONTEMAR,HIGHTIDE,42,-32.95632488,-71.55028969,,TG-6,MBON_P2P,,no,25x25cm,,AP14-15-16-18
AP160341.jpg,2023-04-17,CHILE,VALPARAISO,VALPARAISO,MONTEMAR,HIGHTIDE,42,-32.95632488,-71.55028969,,TG-6,MBON_P2P,,no,25x25cm,,AP14-15-16-18
AP160342.jpg,2023-04-17,CHILE,VALPARAISO,VALPARAISO,MONTEMAR,HIGHTIDE,42,-32.95632488,-71.55028969,,TG-6,MBON_P2P,,no,25x25cm,,AP14-15-16-18
AP160343.jpg,2023-04-17,CHILE,VALPARAISO,VALPARAISO,MONTEMAR,HIGHTIDE,42,-32.95632488,-71.55028969,,TG-6,MBON_P2P,,no,25x25cm,,AP14-15-16-18
AP160344.jpg,2023-04-17,CHILE,VALPARAISO,VALPARAISO,MONTEMAR,HIGHTIDE,42,-32.95632488,-71.55028969,,TG-6,MBON_P2P,,no,25x25cm,,AP14-15-16-18
AP160345.jpg,2023-04-17,CHILE,VALPARAISO,VALPARAISO,MONTEMAR,HIGHTIDE,42,-32.95632488,-71.55028969,,TG-6,MBON_P2P,,no,25x25cm,,AP14-15-16-18
AP160346.jpg,2023-04-17,CHILE,VALPARAISO,VALPARAISO,MONTEMAR,HIGHTIDE,42,-32.95632488,-71.55028969,,TG-6,MBON_P2P,,no,25x25cm,,AP14-15-16-18
AP160350.jpg,2023-04-17,CHILE,VALPARAISO,VALPARAISO,MONTEMAR,HIGHTIDE,42,-32.95632488,-71.55028969,,TG-6,MBON_P2P,,no,25x25cm,,AP14-15-16-18
AP160351.jpg,2023-04-17,CHILE,VALPARAISO,VALPARAISO,MONTEMAR,HIGHTIDE,42,-32.95632488,-71.55028969,,TG-6,MBON_P2P,,no,25x25cm,,AP14-15-16-18
AP160352.jpg,2023-04-17,CHILE,VALPARAISO,VALPARAISO,MONTEMAR,HIGHTIDE,42,-32.95632488,-71.55028969,,TG-6,MBON_P2P,,no,25x25cm,,AP14-15-16-18
AP160353.jpg,2023-04-17,CHILE,VALPARAISO,VALPARAISO,MONTEMAR,HIGHTIDE,42,-32.95632488,-71.55028969,,TG-6,MBON_P2P,,no,25x25cm,,AP14-15-16-18
AP160354.jpg,2023-04-17,CHILE,VALPARAISO,VALPARAISO,MONTEMAR,HIGHTIDE,42,-32.95632488,-71.55028969,,TG-6,MBON_P2P,,no,25x25cm,,AP14-15-16-18
AP160355.jpg,2023-04-17,CHILE,VALPARAISO,VALPARAISO,MONTEMAR,HIGHTIDE,42,-32.95632488,-71.55028969,,TG-6,MBON_P2P,,no,25x25cm,,AP14-15-16-18
AP160356.jpg,2023-04-17,CHILE,VALPARAISO,VALPARAISO,MONTEMAR,HIGHTIDE,42,-32.95632488,-71.55028969,,TG-6,MBON_P2P,,no,25x25cm,,AP14-15-16-18
AP160360.jpg,2023-04-17,CHILE,VALPARAISO,VALPARAISO,MONTEMAR,HIGHTIDE,42,-32.95632488,-71.55028969,,TG-6,MBON_P2P,,no,25x25cm,,AP14-15-16-18
AP160361.jpg,2023-04-17,CHILE,VALPARAISO,VALPARAISO,MONTEMAR,HIGHTIDE,42,-32.95632488,-71.55028969,,TG-6,MBON_P2P,,no,25x25cm,,AP14-15-16-18
AP160362.jpg,2023-04-17,CHILE,VALPARAISO,VALPARAISO,MONTEMAR,HIGHTIDE,42,-32.95632488,-71.55028969,,TG-6,MBON_P2P,,no,25x25cm,,AP14-15-16-18
AP160363.jpg,2023-04-17,CHILE,VALPARAISO,VALPARAISO,MONTEMAR,HIGHTIDE,42,-32.95632488,-71.55028969,,TG-6,MBON_P2P,,no,25x25cm,,AP14-15-16-18
AP160364.jpg,2023-04-17,CHILE,VALPARAISO,VALPARAISO,MONTEMAR,HIGHTIDE,42,-32.95632488,-71.55028969,,TG-6,MBON_P2P,,no,25x25cm,,AP14-15-16-18
AP160365.jpg,2023-04-17,CHILE,VALPARAISO,VALPARAISO,MONTEMAR,HIGHTIDE,42,-32.95632488,-71.55028969,,TG-6,MBON_P2P,,no,25x25cm,,AP14-15-16-18
AP160367.jpg,2023-04-17,CHILE,VALPARAISO,VALPARAISO,MONTEMAR,HIGHTIDE,42,-32.95632488,-71.55028969,,TG-6,MBON_P2P,,no,25x25cm,,AP14-15-16-18
AP160371.jpg,2023-04-17,CHILE,VALPARAISO,VALPARAISO,MONTEMAR,HIGHTIDE,42,-32.95632488,-71.55028969,,TG-6,MBON_P2P,,no,25x25cm,,AP14-15-16-18
AP160372.jpg,2023-04-17,CHILE,VALPARAISO,VALPARAISO,MONTEMAR,HIGHTIDE,42,-32.95632488,-71.55028969,,TG-6,MBON_P2P,,no,25x25cm,,AP14-15-16-18
AP160373.jpg,2023-04-17,CHILE,VALPARAISO,VALPARAISO,MONTEMAR,HIGHTIDE,42,-32.95632488,-71.55028969,,TG-6,MBON_P2P,,no,25x25cm,,AP14-15-16-18
AP160374.jpg,2023-04-17,CHILE,VALPARAISO,VALPARAISO,MONTEMAR,HIGHTIDE,42,-32.95632488,-71.55028969,,TG-6,MBON_P2P,,no,25x25cm,,AP14-15-16-18
AP160375.jpg,2023-04-17,CHILE,VALPARAISO,VALPARAISO,MONTEMAR,HIGHTIDE,42,-32.95632488,-71.55028969,,TG-6,MBON_P2P,,no,25x25cm,,AP14-15-16-18
AP160376.jpg,2023-04-17,CHILE,VALPARAISO,VALPARAISO,MONTEMAR,HIGHTIDE,42,-32.95632488,-71.55028969,,TG-6,MBON_P2P,,no,25x25cm,,AP14-15-16-18
AP160377.jpg,2023-04-17,CHILE,VALPARAISO,VALPARAISO,MONTEMAR,HIGHTIDE,42,-32.95632488,-71.55028969,,TG-6,MBON_P2P,,no,25x25cm,,AP14-15-16-18
AP160382.jpg,2023-04-17,CHILE,VALPARAISO,VALPARAISO,MONTEMAR,HIGHTIDE,42,-32.95632488,-71.55028969,,TG-6,MBON_P2P,,no,25x25cm,,AP14-15-16-18
AP160383.jpg,2023-04-17,CHILE,VALPARAISO,VALPARAISO,MONTEMAR,HIGHTIDE,42,-32.95632488,-71.55028969,,TG-6,MBON_P2P,,no,25x25cm,,AP14-15-16-18
AP160384.jpg,2023-04-17,CHILE,VALPARAISO,VALPARAISO,MONTEMAR,HIGHTIDE,42,-32.95632488,-71.55028969,,TG-6,MBON_P2P,,no,25x25cm,,AP14-15-16-18
AP160385.jpg,2023-04-17,CHILE,VALPARAISO,VALPARAISO,MONTEMAR,HIGHTIDE,42,-32.95632488,-71.55028969,,TG-6,MBON_P2P,,no,25x25cm,,AP14-15-16-18
AP160386.jpg,2023-04-17,CHILE,VALPARAISO,VALPARAISO,MONTEMAR,HIGHTIDE,42,-32.95632488,-71.55028969,,TG-6,MBON_P2P,,no,25x25cm,,AP14-15-16-18
AP160387.jpg,2023-04-17,CHILE,VALPARAISO,VALPARAISO,MONTEMAR,HIGHTIDE,42,-32.95632488,-71.55028969,,TG-6,MBON_P2P,,no,25x25cm,,AP14-15-16-18
AP160388.jpg,2023-04-17,CHILE,VALPARAISO,VALPARAISO,MONTEMAR,HIGHTIDE,42,-32.95632488,-71.55028969,,TG-6,MBON_P2P,,no,25x25cm,,AP14-15-16-18
AP160392.jpg,2023-04-17,CHILE,VALPARAISO,VALPARAISO,MONTEMAR,HIGHTIDE,42,-32.95632488,-71.55028969,,TG-6,MBON_P2P,,no,25x25cm,,AP14-15-16-18
AP160393.jpg,2023-04-17,CHILE,VALPARAISO,VALPARAISO,MONTEMAR,HIGHTIDE,42,-32.95632488,-71.55028969,,TG-6,MBON_P2P,,no,25x25cm,,AP14-15-16-18
AP160394.jpg,2023-04-17,CHILE,VALPARAISO,VALPARAISO,MONTEMAR,HIGHTIDE,42,-32.95632488,-71.55028969,,TG-6,MBON_P2P,,no,25x25cm,,AP14-15-16-18
AP160395.jpg,2023-04-17,CHILE,VALPARAISO,VALPARAISO,MONTEMAR,HIGHTIDE,42,-32.95632488,-71.55028969,,TG-6,MBON_P2P,,no,25x25cm,,AP14-15-16-18
AP160396.jpg,2023-04-17,CHILE,VALPARAISO,VALPARAISO,MONTEMAR,HIGHTIDE,42,-32.95632488,-71.55028969,,TG-6,MBON_P2P,,no,25x25cm,,AP14-15-16-18
AP160397.jpg,2023-04-17,CHILE,VALPARAISO,VALPARAISO,MONTEMAR,HIGHTIDE,42,-32.95632488,-71.55028969,,TG-6,MBON_P2P,,no,25x25cm,,AP14-15-16-18
AP160415.jpg,2023-04-18,CHILE,VALPARAISO,VALPARAISO,LAS SALINAS,MIDTIDE,42,-32.981824,-71.54857682,,TG-6,MBON_P2P,,no,25x25cm,,AP14-15-16-18
AP160416.jpg,2023-04-18,CHILE,VALPARAISO,VALPARAISO,LAS SALINAS,MIDTIDE,42,-32.981824,-71.54857682,,TG-6,MBON_P2P,,no,25x25cm,,AP14-15-16-18
AP160417.jpg,2023-04-18,CHILE,VALPARAISO,VALPARAISO,LAS SALINAS,MIDTIDE,42,-32.981824,-71.54857682,,TG-6,MBON_P2P,,no,25x25cm,,AP14-15-16-18
AP160418.jpg,2023-04-18,CHILE,VALPARAISO,VALPARAISO,LAS SALINAS,MIDTIDE,42,-32.981824,-71.54857682,,TG-6,MBON_P2P,,no,25x25cm,,AP14-15-16-18
AP160419.jpg,2023-04-18,CHILE,VALPARAISO,VALPARAISO,LAS SALINAS,MIDTIDE,42,-32.981824,-71.54857682,,TG-6,MBON_P2P,,no,25x25cm,,AP14-15-16-18
AP160420.jpg,2023-04-18,CHILE,VALPARAISO,VALPARAISO,LAS SALINAS,MIDTIDE,42,-32.981824,-71.54857682,,TG-6,MBON_P2P,,no,25x25cm,,AP14-15-16-18
AP160421.jpg,2023-04-18,CHILE,VALPARAISO,VALPARAISO,LAS SALINAS,MIDTIDE,42,-32.981824,-71.54857682,,TG-6,MBON_P2P,,no,25x25cm,,AP14-15-16-18
AP160422.jpg,2023-04-18,CHILE,VALPARAISO,VALPARAISO,LAS SALINAS,MIDTIDE,42,-32.981824,-71.54857682,,TG-6,MBON_P2P,,no,25x25cm,,AP14-15-16-18
AP160423.jpg,2023-04-18,CHILE,VALPARAISO,VALPARAISO,LAS SALINAS,MIDTIDE,42,-32.981824,-71.54857682,,TG-6,MBON_P2P,,no,25x25cm,,AP14-15-16-18
AP160424.jpg,2023-04-18,CHILE,VALPARAISO,VALPARAISO,LAS SALINAS,MIDTIDE,42,-32.981824,-71.54857682,,TG-6,MBON_P2P,,no,25x25cm,,AP14-15-16-18
AP160425.jpg,2023-04-18,CHILE,VALPARAISO,VALPARAISO,LAS SALINAS,MIDTIDE,42,-32.981824,-71.54857682,,TG-6,MBON_P2P,,no,25x25cm,,AP14-15-16-18
AP160426.jpg,2023-04-18,CHILE,VALPARAISO,VALPARAISO,LAS SALINAS,MIDTIDE,42,-32.981824,-71.54857682,,TG-6,MBON_P2P,,no,25x25cm,,AP14-15-16-18
AP160427.jpg,2023-04-18,CHILE,VALPARAISO,VALPARAISO,LAS SALINAS,MIDTIDE,42,-32.981824,-71.54857682,,TG-6,MBON_P2P,,no,25x25cm,,AP14-15-16-18
AP160428.jpg,2023-04-18,CHILE,VALPARAISO,VALPARAISO,LAS SALINAS,MIDTIDE,42,-32.981824,-71.54857682,,TG-6,MBON_P2P,,no,25x25cm,,AP14-15-16-18
AP160429.jpg,2023-04-18,CHILE,VALPARAISO,VALPARAISO,LAS SALINAS,MIDTIDE,42,-32.981824,-71.54857682,,TG-6,MBON_P2P,,no,25x25cm,,AP14-15-16-18
AP160430.jpg,2023-04-18,CHILE,VALPARAISO,VALPARAISO,LAS SALINAS,MIDTIDE,42,-32.981824,-71.54857682,,TG-6,MBON_P2P,,no,25x25cm,,AP14-15-16-18
AP160431.jpg,2023-04-18,CHILE,VALPARAISO,VALPARAISO,LAS SALINAS,MIDTIDE,42,-32.981824,-71.54857682,,TG-6,MBON_P2P,,no,25x25cm,,AP14-15-16-18
AP160432.jpg,2023-04-18,CHILE,VALPARAISO,VALPARAISO,LAS SALINAS,MIDTIDE,42,-32.981824,-71.54857682,,TG-6,MBON_P2P,,no,25x25cm,,AP14-15-16-18
AP160433.jpg,2023-04-18,CHILE,VALPARAISO,VALPARAISO,LAS SALINAS,MIDTIDE,42,-32.981824,-71.54857682,,TG-6,MBON_P2P,,no,25x25cm,,AP14-15-16-18
AP160434.jpg,2023-04-18,CHILE,VALPARAISO,VALPARAISO,LAS SALINAS,MIDTIDE,42,-32.981824,-71.54857682,,TG-6,MBON_P2P,,no,25x25cm,,AP14-15-16-18
AP160435.jpg,2023-04-18,CHILE,VALPARAISO,VALPARAISO,LAS SALINAS,MIDTIDE,42,-32.981824,-71.54857682,,TG-6,MBON_P2P,,no,25x25cm,,AP14-15-16-18
AP160436.jpg,2023-04-18,CHILE,VALPARAISO,VALPARAISO,LAS SALINAS,MIDTIDE,42,-32.981824,-71.54857682,,TG-6,MBON_P2P,,no,25x25cm,,AP14-15-16-18
AP160437.jpg,2023-04-18,CHILE,VALPARAISO,VALPARAISO,LAS SALINAS,MIDTIDE,42,-32.981824,-71.54857682,,TG-6,MBON_P2P,,no,25x25cm,,AP14-15-16-18
AP160438.jpg,2023-04-18,CHILE,VALPARAISO,VALPARAISO,LAS SALINAS,MIDTIDE,42,-32.981824,-71.54857682,,TG-6,MBON_P2P,,no,25x25cm,,AP14-15-16-18
AP160439.jpg,2023-04-18,CHILE,VALPARAISO,VALPARAISO,LAS SALINAS,MIDTIDE,42,-32.981824,-71.54857682,,TG-6,MBON_P2P,,no,25x25cm,,AP14-15-16-18
AP160440.jpg,2023-04-18,CHILE,VALPARAISO,VALPARAISO,LAS SALINAS,MIDTIDE,42,-32.981824,-71.54857682,,TG-6,MBON_P2P,,no,25x25cm,,AP14-15-16-18
AP160441.jpg,2023-04-18,CHILE,VALPARAISO,VALPARAISO,LAS SALINAS,MIDTIDE,42,-32.981824,-71.54857682,,TG-6,MBON_P2P,,no,25x25cm,,AP14-15-16-18
AP160442.jpg,2023-04-18,CHILE,VALPARAISO,VALPARAISO,LAS SALINAS,MIDTIDE,42,-32.981824,-71.54857682,,TG-6,MBON_P2P,,no,25x25cm,,AP14-15-16-18
AP160443.jpg,2023-04-18,CHILE,VALPARAISO,VALPARAISO,LAS SALINAS,MIDTIDE,42,-32.981824,-71.54857682,,TG-6,MBON_P2P,,no,25x25cm,,AP14-15-16-18
AP160444.jpg,2023-04-18,CHILE,VALPARAISO,VALPARAISO,LAS SALINAS,MIDTIDE,42,-32.981824,-71.54857682,,TG-6,MBON_P2P,,no,25x25cm,,AP14-15-16-18
AP160445.jpg,2023-04-18,CHILE,VALPARAISO,VALPARAISO,LAS SALINAS,MIDTIDE,42,-32.981824,-71.54857682,,TG-6,MBON_P2P,,no,25x25cm,,AP14-15-16-18
AP160446.jpg,2023-04-18,CHILE,VALPARAISO,VALPARAISO,LAS SALINAS,MIDTIDE,42,-32.981824,-71.54857682,,TG-6,MBON_P2P,,no,25x25cm,,AP14-15-16-18
AP160447.jpg,2023-04-18,CHILE,VALPARAISO,VALPARAISO,LAS SALINAS,MIDTIDE,42,-32.981824,-71.54857682,,TG-6,MBON_P2P,,no,25x25cm,,AP14-15-16-18
AP160448.jpg,2023-04-18,CHILE,VALPARAISO,VALPARAISO,LAS SALINAS,MIDTIDE,42,-32.981824,-71.54857682,,TG-6,MBON_P2P,,no,25x25cm,,AP14-15-16-18
AP160449.jpg,2023-04-18,CHILE,VALPARAISO,VALPARAISO,LAS SALINAS,MIDTIDE,42,-32.981824,-71.54857682,,TG-6,MBON_P2P,,no,25x25cm,,AP14-15-16-18
AP160450.jpg,2023-04-18,CHILE,VALPARAISO,VALPARAISO,LAS SALINAS,MIDTIDE,42,-32.981824,-71.54857682,,TG-6,MBON_P2P,,no,25x25cm,,AP14-15-16-18
AP160451.jpg,2023-04-18,CHILE,VALPARAISO,VALPARAISO,LAS SALINAS,MIDTIDE,42,-32.981824,-71.54857682,,TG-6,MBON_P2P,,no,25x25cm,,AP14-15-16-18
AP160452.jpg,2023-04-18,CHILE,VALPARAISO,VALPARAISO,LAS SALINAS,MIDTIDE,42,-32.981824,-71.54857682,,TG-6,MBON_P2P,,no,25x25cm,,AP14-15-16-18
AP160453.jpg,2023-04-18,CHILE,VALPARAISO,VALPARAISO,LAS SALINAS,MIDTIDE,42,-32.981824,-71.54857682,,TG-6,MBON_P2P,,no,25x25cm,,AP14-15-16-18
AP160454.jpg,2023-04-18,CHILE,VALPARAISO,VALPARAISO,LAS SALINAS,MIDTIDE,42,-32.981824,-71.54857682,,TG-6,MBON_P2P,,no,25x25cm,,AP14-15-16-18
AP160455.jpg,2023-04-18,CHILE,VALPARAISO,VALPARAISO,LAS SALINAS,MIDTIDE,42,-32.981824,-71.54857682,,TG-6,MBON_P2P,,no,25x25cm,,AP14-15-16-18
AP160456.jpg,2023-04-18,CHILE,VALPARAISO,VALPARAISO,LAS SALINAS,MIDTIDE,42,-32.981824,-71.54857682,,TG-6,MBON_P2P,,no,25x25cm,,AP14-15-16-18
AP160457.jpg,2023-04-18,CHILE,VALPARAISO,VALPARAISO,LAS SALINAS,MIDTIDE,42,-32.981824,-71.54857682,,TG-6,MBON_P2P,,no,25x25cm,,AP14-15-16-18
AP160458.jpg,2023-04-18,CHILE,VALPARAISO,VALPARAISO,LAS SALINAS,MIDTIDE,42,-32.981824,-71.54857682,,TG-6,MBON_P2P,,no,25x25cm,,AP14-15-16-18
AP160459.jpg,2023-04-18,CHILE,VALPARAISO,VALPARAISO,LAS SALINAS,MIDTIDE,42,-32.981824,-71.54857682,,TG-6,MBON_P2P,,no,25x25cm,,AP14-15-16-18
AP160460.jpg,2023-04-18,CHILE,VALPARAISO,VALPARAISO,LAS SALINAS,MIDTIDE,42,-32.981824,-71.54857682,,TG-6,MBON_P2P,,no,25x25cm,,AP14-15-16-18
AP160461.jpg,2023-04-18,CHILE,VALPARAISO,VALPARAISO,LAS SALINAS,MIDTIDE,42,-32.981824,-71.54857682,,TG-6,MBON_P2P,,no,25x25cm,,AP14-15-16-18
AP160462.jpg,2023-04-18,CHILE,VALPARAISO,VALPARAISO,LAS SALINAS,MIDTIDE,42,-32.981824,-71.54857682,,TG-6,MBON_P2P,,no,25x25cm,,AP14-15-16-18
AP160464.jpg,2023-04-18,CHILE,VALPARAISO,VALPARAISO,LAS SALINAS,MIDTIDE,42,-32.981824,-71.54857682,,TG-6,MBON_P2P,,no,25x25cm,,AP14-15-16-18
AP160465.jpg,2023-04-18,CHILE,VALPARAISO,VALPARAISO,LAS SALINAS,MIDTIDE,42,-32.981824,-71.54857682,,TG-6,MBON_P2P,,no,25x25cm,,AP14-15-16-18
AP160466.jpg,2023-04-18,CHILE,VALPARAISO,VALPARAISO,LAS SALINAS,MIDTIDE,42,-32.981824,-71.54857682,,TG-6,MBON_P2P,,no,25x25cm,,AP14-15-16-18
AP160467.jpg,2023-04-18,CHILE,VALPARAISO,VALPARAISO,LAS SALINAS,MIDTIDE,42,-32.981824,-71.54857682,,TG-6,MBON_P2P,,no,25x25cm,,AP14-15-16-18
AP160468.jpg,2023-04-18,CHILE,VALPARAISO,VALPARAISO,LAS SALINAS,MIDTIDE,42,-32.981824,-71.54857682,,TG-6,MBON_P2P,,no,25x25cm,,AP14-15-16-18
AP160469.jpg,2023-04-18,CHILE,VALPARAISO,VALPARAISO,LAS SALINAS,MIDTIDE,42,-32.981824,-71.54857682,,TG-6,MBON_P2P,,no,25x25cm,,AP14-15-16-18
AP160470.jpg,2023-04-18,CHILE,VALPARAISO,VALPARAISO,LAS SALINAS,MIDTIDE,42,-32.981824,-71.54857682,,TG-6,MBON_P2P,,no,25x25cm,,AP14-15-16-18
AP160471.jpg,2023-04-18,CHILE,VALPARAISO,VALPARAISO,LAS SALINAS,MIDTIDE,42,-32.981824,-71.54857682,,TG-6,MBON_P2P,,no,25x25cm,,AP14-15-16-18
AP160472.jpg,2023-04-18,CHILE,VALPARAISO,VALPARAISO,LAS SALINAS,HIGHTIDE,42,-32.981824,-71.54857682,,TG-6,MBON_P2P,,no,25x25cm,,AP14-15-16-18
AP160473.jpg,2023-04-18,CHILE,VALPARAISO,VALPARAISO,LAS SALINAS,HIGHTIDE,42,-32.981824,-71.54857682,,TG-6,MBON_P2P,,no,25x25cm,,AP14-15-16-18
AP160474.jpg,2023-04-18,CHILE,VALPARAISO,VALPARAISO,LAS SALINAS,HIGHTIDE,42,-32.981824,-71.54857682,,TG-6,MBON_P2P,,no,25x25cm,,AP14-15-16-18
AP160475.jpg,2023-04-18,CHILE,VALPARAISO,VALPARAISO,LAS SALINAS,HIGHTIDE,42,-32.981824,-71.54857682,,TG-6,MBON_P2P,,no,25x25cm,,AP14-15-16-18
AP160476.jpg,2023-04-18,CHILE,VALPARAISO,VALPARAISO,LAS SALINAS,HIGHTIDE,42,-32.981824,-71.54857682,,TG-6,MBON_P2P,,no,25x25cm,,AP14-15-16-18
AP160477.jpg,2023-04-18,CHILE,VALPARAISO,VALPARAISO,LAS SALINAS,HIGHTIDE,42,-32.981824,-71.54857682,,TG-6,MBON_P2P,,no,25x25cm,,AP14-15-16-18
AP160478.jpg,2023-04-18,CHILE,VALPARAISO,VALPARAISO,LAS SALINAS,HIGHTIDE,42,-32.981824,-71.54857682,,TG-6,MBON_P2P,,no,25x25cm,,AP14-15-16-18
AP160479.jpg,2023-04-18,CHILE,VALPARAISO,VALPARAISO,LAS SALINAS,HIGHTIDE,42,-32.981824,-71.54857682,,TG-6,MBON_P2P,,no,25x25cm,,AP14-15-16-18
AP160480.jpg,2023-04-18,CHILE,VALPARAISO,VALPARAISO,LAS SALINAS,HIGHTIDE,42,-32.981824,-71.54857682,,TG-6,MBON_P2P,,no,25x25cm,,AP14-15-16-18
AP160481.jpg,2023-04-18,CHILE,VALPARAISO,VALPARAISO,LAS SALINAS,HIGHTIDE,42,-32.981824,-71.54857682,,TG-6,MBON_P2P,,no,25x25cm,,AP14-15-16-18
AP160482.jpg,2023-04-18,CHILE,VALPARAISO,VALPARAISO,LAS SALINAS,HIGHTIDE,42,-32.981824,-71.54857682,,TG-6,MBON_P2P,,no,25x25cm,,AP14-15-16-18
AP160483.jpg,2023-04-18,CHILE,VALPARAISO,VALPARAISO,LAS SALINAS,HIGHTIDE,42,-32.981824,-71.54857682,,TG-6,MBON_P2P,,no,25x25cm,,AP14-15-16-18
AP160484.jpg,2023-04-18,CHILE,VALPARAISO,VALPARAISO,LAS SALINAS,HIGHTIDE,42,-32.981824,-71.54857682,,TG-6,MBON_P2P,,no,25x25cm,,AP14-15-16-18
AP160485.jpg,2023-04-18,CHILE,VALPARAISO,VALPARAISO,LAS SALINAS,HIGHTIDE,42,-32.981824,-71.54857682,,TG-6,MBON_P2P,,no,25x25cm,,AP14-15-16-18
AP160486.jpg,2023-04-18,CHILE,VALPARAISO,VALPARAISO,LAS SALINAS,HIGHTIDE,42,-32.981824,-71.54857682,,TG-6,MBON_P2P,,no,25x25cm,,AP14-15-16-18
AP160487.jpg,2023-04-18,CHILE,VALPARAISO,VALPARAISO,LAS SALINAS,HIGHTIDE,42,-32.981824,-71.54857682,,TG-6,MBON_P2P,,no,25x25cm,,AP14-15-16-18
AP160488.jpg,2023-04-18,CHILE,VALPARAISO,VALPARAISO,LAS SALINAS,HIGHTIDE,42,-32.981824,-71.54857682,,TG-6,MBON_P2P,,no,25x25cm,,AP14-15-16-18
AP160489.jpg,2023-04-18,CHILE,VALPARAISO,VALPARAISO,LAS SALINAS,HIGHTIDE,42,-32.981824,-71.54857682,,TG-6,MBON_P2P,,no,25x25cm,,AP14-15-16-18
AP160490.jpg,2023-04-18,CHILE,VALPARAISO,VALPARAISO,LAS SALINAS,HIGHTIDE,42,-32.981824,-71.54857682,,TG-6,MBON_P2P,,no,25x25cm,,AP14-15-16-18
AP160491.jpg,2023-04-18,CHILE,VALPARAISO,VALPARAISO,LAS SALINAS,HIGHTIDE,42,-32.981824,-71.54857682,,TG-6,MBON_P2P,,no,25x25cm,,AP14-15-16-18
AP160492.jpg,2023-04-18,CHILE,VALPARAISO,VALPARAISO,LAS SALINAS,HIGHTIDE,42,-32.981824,-71.54857682,,TG-6,MBON_P2P,,no,25x25cm,,AP14-15-16-18
AP160494.jpg,2023-04-18,CHILE,VALPARAISO,VALPARAISO,LAS SALINAS,HIGHTIDE,42,-32.981824,-71.54857682,,TG-6,MBON_P2P,,no,25x25cm,,AP14-15-16-18
AP160495.jpg,2023-04-18,CHILE,VALPARAISO,VALPARAISO,LAS SALINAS,HIGHTIDE,42,-32.981824,-71.54857682,,TG-6,MBON_P2P,,no,25x25cm,,AP14-15-16-18
AP160496.jpg,2023-04-18,CHILE,VALPARAISO,VALPARAISO,LAS SALINAS,HIGHTIDE,42,-32.981824,-71.54857682,,TG-6,MBON_P2P,,no,25x25cm,,AP14-15-16-18
AP160497.jpg,2023-04-18,CHILE,VALPARAISO,VALPARAISO,LAS SALINAS,HIGHTIDE,42,-32.981824,-71.54857682,,TG-6,MBON_P2P,,no,25x25cm,,AP14-15-16-18
AP160498.jpg,2023-04-18,CHILE,VALPARAISO,VALPARAISO,LAS SALINAS,HIGHTIDE,42,-32.981824,-71.54857682,,TG-6,MBON_P2P,,no,25x25cm,,AP14-15-16-18
AP160499.jpg,2023-04-18,CHILE,VALPARAISO,VALPARAISO,LAS SALINAS,HIGHTIDE,42,-32.981824,-71.54857682,,TG-6,MBON_P2P,,no,25x25cm,,AP14-15-16-18
AP160501.jpg,2023-04-18,CHILE,VALPARAISO,VALPARAISO,LAS SALINAS,HIGHTIDE,42,-32.981824,-71.54857682,,TG-6,MBON_P2P,,no,25x25cm,,AP14-15-16-18
AP160502.jpg,2023-04-18,CHILE,VALPARAISO,VALPARAISO,LAS SALINAS,HIGHTIDE,42,-32.981824,-71.54857682,,TG-6,MBON_P2P,,no,25x25cm,,AP14-15-16-18
AP160503.jpg,2023-04-18,CHILE,VALPARAISO,VALPARAISO,LAS SALINAS,HIGHTIDE,42,-32.981824,-71.54857682,,TG-6,MBON_P2P,,no,25x25cm,,AP14-15-16-18
AP160504.jpg,2023-04-18,CHILE,VALPARAISO,VALPARAISO,LAS SALINAS,HIGHTIDE,42,-32.981824,-71.54857682,,TG-6,MBON_P2P,,no,25x25cm,,AP14-15-16-18
AP160505.jpg,2023-04-18,CHILE,VALPARAISO,VALPARAISO,LAS SALINAS,HIGHTIDE,42,-32.981824,-71.54857682,,TG-6,MBON_P2P,,no,25x25cm,,AP14-15-16-18
AP160506.jpg,2023-04-18,CHILE,VALPARAISO,VALPARAISO,LAS SALINAS,HIGHTIDE,42,-32.981824,-71.54857682,,TG-6,MBON_P2P,,no,25x25cm,,AP14-15-16-18
AP160829.jpg,2024-11-15,CHILE,VALPARAISO,VALPARAISO,LAS SALINAS,LOWTIDE,42,-32.981824,-71.54857682,,TG-6,MBON_P2P,,no,25x25cm,,AP14-15-16-18
AP160830.jpg,2024-11-15,CHILE,VALPARAISO,VALPARAISO,LAS SALINAS,LOWTIDE,42,-32.981824,-71.54857682,,TG-6,MBON_P2P,,no,25x25cm,,AP14-15-16-18
AP160831.jpg,2024-11-15,CHILE,VALPARAISO,VALPARAISO,LAS SALINAS,LOWTIDE,42,-32.981824,-71.54857682,,TG-6,MBON_P2P,,no,25x25cm,,AP14-15-16-18
AP160832.jpg,2024-11-15,CHILE,VALPARAISO,VALPARAISO,LAS SALINAS,LOWTIDE,42,-32.981824,-71.54857682,,TG-6,MBON_P2P,,no,25x25cm,,AP14-15-16-18
AP160833.jpg,2024-11-15,CHILE,VALPARAISO,VALPARAISO,LAS SALINAS,LOWTIDE,42,-32.981824,-71.54857682,,TG-6,MBON_P2P,,no,25x25cm,,AP14-15-16-18
AP160834.jpg,2024-11-15,CHILE,VALPARAISO,VALPARAISO,LAS SALINAS,LOWTIDE,42,-32.981824,-71.54857682,,TG-6,MBON_P2P,,no,25x25cm,,AP14-15-16-18
AP160835.jpg,2024-11-15,CHILE,VALPARAISO,VALPARAISO,LAS SALINAS,LOWTIDE,42,-32.981824,-71.54857682,,TG-6,MBON_P2P,,no,25x25cm,,AP14-15-16-18
AP160836.jpg,2024-11-15,CHILE,VALPARAISO,VALPARAISO,LAS SALINAS,LOWTIDE,42,-32.981824,-71.54857682,,TG-6,MBON_P2P,,no,25x25cm,,AP14-15-16-18
AP160837.jpg,2024-11-15,CHILE,VALPARAISO,VALPARAISO,LAS SALINAS,LOWTIDE,42,-32.981824,-71.54857682,,TG-6,MBON_P2P,,no,25x25cm,,AP14-15-16-18
AP160838.jpg,2024-11-15,CHILE,VALPARAISO,VALPARAISO,LAS SALINAS,LOWTIDE,42,-32.981824,-71.54857682,,TG-6,MBON_P2P,,no,25x25cm,,AP14-15-16-18
AP160839.jpg,2024-11-15,CHILE,VALPARAISO,VALPARAISO,LAS SALINAS,LOWTIDE,42,-32.981824,-71.54857682,,TG-6,MBON_P2P,,no,25x25cm,,AP14-15-16-18
AP160840.jpg,2024-11-15,CHILE,VALPARAISO,VALPARAISO,LAS SALINAS,LOWTIDE,42,-32.981824,-71.54857682,,TG-6,MBON_P2P,,no,25x25cm,,AP14-15-16-18
AP160841.jpg,2024-11-15,CHILE,VALPARAISO,VALPARAISO,LAS SALINAS,LOWTIDE,42,-32.981824,-71.54857682,,TG-6,MBON_P2P,,no,25x25cm,,AP14-15-16-18
AP160842.jpg,2024-11-15,CHILE,VALPARAISO,VALPARAISO,LAS SALINAS,LOWTIDE,42,-32.981824,-71.54857682,,TG-6,MBON_P2P,,no,25x25cm,,AP14-15-16-18
AP160843.jpg,2024-11-15,CHILE,VALPARAISO,VALPARAISO,LAS SALINAS,LOWTIDE,42,-32.981824,-71.54857682,,TG-6,MBON_P2P,,no,25x25cm,,AP14-15-16-18
AP160844.jpg,2024-11-15,CHILE,VALPARAISO,VALPARAISO,LAS SALINAS,LOWTIDE,42,-32.981824,-71.54857682,,TG-6,MBON_P2P,,no,25x25cm,,AP14-15-16-18
AP160845.jpg,2024-11-15,CHILE,VALPARAISO,VALPARAISO,LAS SALINAS,LOWTIDE,42,-32.981824,-71.54857682,,TG-6,MBON_P2P,,no,25x25cm,,AP14-15-16-18
AP160846.jpg,2024-11-15,CHILE,VALPARAISO,VALPARAISO,LAS SALINAS,LOWTIDE,42,-32.981824,-71.54857682,,TG-6,MBON_P2P,,no,25x25cm,,AP14-15-16-18
AP160847.jpg,2024-11-15,CHILE,VALPARAISO,VALPARAISO,LAS SALINAS,LOWTIDE,42,-32.981824,-71.54857682,,TG-6,MBON_P2P,,no,25x25cm,,AP14-15-16-18
AP160848.jpg,2024-11-15,CHILE,VALPARAISO,VALPARAISO,LAS SALINAS,LOWTIDE,42,-32.981824,-71.54857682,,TG-6,MBON_P2P,,no,25x25cm,,AP14-15-16-18
AP160849.jpg,2024-11-15,CHILE,VALPARAISO,VALPARAISO,LAS SALINAS,LOWTIDE,42,-32.981824,-71.54857682,,TG-6,MBON_P2P,,no,25x25cm,,AP14-15-16-18
AP160850.jpg,2024-11-15,CHILE,VALPARAISO,VALPARAISO,LAS SALINAS,LOWTIDE,42,-32.981824,-71.54857682,,TG-6,MBON_P2P,,no,25x25cm,,AP14-15-16-18
AP160851.jpg,2024-11-15,CHILE,VALPARAISO,VALPARAISO,LAS SALINAS,LOWTIDE,42,-32.981824,-71.54857682,,TG-6,MBON_P2P,,no,25x25cm,,AP14-15-16-18
AP160852.jpg,2024-11-15,CHILE,VALPARAISO,VALPARAISO,LAS SALINAS,LOWTIDE,42,-32.981824,-71.54857682,,TG-6,MBON_P2P,,no,25x25cm,,AP14-15-16-18
AP160853.jpg,2024-11-15,CHILE,VALPARAISO,VALPARAISO,LAS SALINAS,LOWTIDE,42,-32.981824,-71.54857682,,TG-6,MBON_P2P,,no,25x25cm,,AP14-15-16-18
AP160854.jpg,2024-11-15,CHILE,VALPARAISO,VALPARAISO,LAS SALINAS,LOWTIDE,42,-32.981824,-71.54857682,,TG-6,MBON_P2P,,no,25x25cm,,AP14-15-16-18
AP160855.jpg,2024-11-15,CHILE,VALPARAISO,VALPARAISO,LAS SALINAS,LOWTIDE,42,-32.981824,-71.54857682,,TG-6,MBON_P2P,,no,25x25cm,,AP14-15-16-18
AP160856.jpg,2024-11-15,CHILE,VALPARAISO,VALPARAISO,LAS SALINAS,LOWTIDE,42,-32.981824,-71.54857682,,TG-6,MBON_P2P,,no,25x25cm,,AP14-15-16-18
AP160857.jpg,2024-11-15,CHILE,VALPARAISO,VALPARAISO,LAS SALINAS,LOWTIDE,42,-32.981824,-71.54857682,,TG-6,MBON_P2P,,no,25x25cm,,AP14-15-16-18
AP160858.jpg,2024-11-15,CHILE,VALPARAISO,VALPARAISO,LAS SALINAS,LOWTIDE,42,-32.981824,-71.54857682,,TG-6,MBON_P2P,,no,25x25cm,,AP14-15-16-18
AP160859.jpg,2024-11-15,CHILE,VALPARAISO,VALPARAISO,LAS SALINAS,LOWTIDE,42,-32.981824,-71.54857682,,TG-6,MBON_P2P,,no,25x25cm,,AP14-15-16-18
AP160860.jpg,2024-11-15,CHILE,VALPARAISO,VALPARAISO,LAS SALINAS,LOWTIDE,42,-32.981824,-71.54857682,,TG-6,MBON_P2P,,no,25x25cm,,AP14-15-16-18
AP160861.jpg,2024-11-15,CHILE,VALPARAISO,VALPARAISO,LAS SALINAS,LOWTIDE,42,-32.981824,-71.54857682,,TG-6,MBON_P2P,,no,25x25cm,,AP14-15-16-18
AP160862.jpg,2024-11-15,CHILE,VALPARAISO,VALPARAISO,LAS SALINAS,LOWTIDE,42,-32.981824,-71.54857682,,TG-6,MBON_P2P,,no,25x25cm,,AP14-15-16-18
AP160863.jpg,2024-11-15,CHILE,VALPARAISO,VALPARAISO,LAS SALINAS,LOWTIDE,42,-32.981824,-71.54857682,,TG-6,MBON_P2P,,no,25x25cm,,AP14-15-16-18
AP160864.jpg,2024-11-15,CHILE,VALPARAISO,VALPARAISO,LAS SALINAS,LOWTIDE,42,-32.981824,-71.54857682,,TG-6,MBON_P2P,,no,25x25cm,,AP14-15-16-18
AP160865.jpg,2024-11-15,CHILE,VALPARAISO,VALPARAISO,LAS SALINAS,LOWTIDE,42,-32.981824,-71.54857682,,TG-6,MBON_P2P,,no,25x25cm,,AP14-15-16-18
AP160866.jpg,2024-11-15,CHILE,VALPARAISO,VALPARAISO,LAS SALINAS,MIDTIDE,42,-32.981824,-71.54857682,,TG-6,MBON_P2P,,no,25x25cm,,AP14-15-16-18
AP160867.jpg,2024-11-15,CHILE,VALPARAISO,VALPARAISO,LAS SALINAS,MIDTIDE,42,-32.981824,-71.54857682,,TG-6,MBON_P2P,,no,25x25cm,,AP14-15-16-18
AP160868.jpg,2024-11-15,CHILE,VALPARAISO,VALPARAISO,LAS SALINAS,MIDTIDE,42,-32.981824,-71.54857682,,TG-6,MBON_P2P,,no,25x25cm,,AP14-15-16-18
AP160869.jpg,2024-11-15,CHILE,VALPARAISO,VALPARAISO,LAS SALINAS,MIDTIDE,42,-32.981824,-71.54857682,,TG-6,MBON_P2P,,no,25x25cm,,AP14-15-16-18
AP160870.jpg,2024-11-15,CHILE,VALPARAISO,VALPARAISO,LAS SALINAS,MIDTIDE,42,-32.981824,-71.54857682,,TG-6,MBON_P2P,,no,25x25cm,,AP14-15-16-18
AP160871.jpg,2024-11-15,CHILE,VALPARAISO,VALPARAISO,LAS SALINAS,MIDTIDE,42,-32.981824,-71.54857682,,TG-6,MBON_P2P,,no,25x25cm,,AP14-15-16-18
AP160872.jpg,2024-11-15,CHILE,VALPARAISO,VALPARAISO,LAS SALINAS,MIDTIDE,42,-32.981824,-71.54857682,,TG-6,MBON_P2P,,no,25x25cm,,AP14-15-16-18
AP160873.jpg,2024-11-15,CHILE,VALPARAISO,VALPARAISO,LAS SALINAS,MIDTIDE,42,-32.981824,-71.54857682,,TG-6,MBON_P2P,,no,25x25cm,,AP14-15-16-18
AP160874.jpg,2024-11-15,CHILE,VALPARAISO,VALPARAISO,LAS SALINAS,MIDTIDE,42,-32.981824,-71.54857682,,TG-6,MBON_P2P,,no,25x25cm,,AP14-15-16-18
AP160876.jpg,2024-11-15,CHILE,VALPARAISO,VALPARAISO,LAS SALINAS,MIDTIDE,42,-32.981824,-71.54857682,,TG-6,MBON_P2P,,no,25x25cm,,AP14-15-16-18
AP160877.jpg,2024-11-15,CHILE,VALPARAISO,VALPARAISO,LAS SALINAS,MIDTIDE,42,-32.981824,-71.54857682,,TG-6,MBON_P2P,,no,25x25cm,,AP14-15-16-18
AP160878.jpg,2024-11-15,CHILE,VALPARAISO,VALPARAISO,LAS SALINAS,MIDTIDE,42,-32.981824,-71.54857682,,TG-6,MBON_P2P,,no,25x25cm,,AP14-15-16-18
AP160879.jpg,2024-11-15,CHILE,VALPARAISO,VALPARAISO,LAS SALINAS,MIDTIDE,42,-32.981824,-71.54857682,,TG-6,MBON_P2P,,no,25x25cm,,AP14-15-16-18
AP160880.jpg,2024-11-15,CHILE,VALPARAISO,VALPARAISO,LAS SALINAS,MIDTIDE,42,-32.981824,-71.54857682,,TG-6,MBON_P2P,,no,25x25cm,,AP14-15-16-18
AP160881.jpg,2024-11-15,CHILE,VALPARAISO,VALPARAISO,LAS SALINAS,MIDTIDE,42,-32.981824,-71.54857682,,TG-6,MBON_P2P,,no,25x25cm,,AP14-15-16-18
AP160882.jpg,2024-11-15,CHILE,VALPARAISO,VALPARAISO,LAS SALINAS,MIDTIDE,42,-32.981824,-71.54857682,,TG-6,MBON_P2P,,no,25x25cm,,AP14-15-16-18
AP160883.jpg,2024-11-15,CHILE,VALPARAISO,VALPARAISO,LAS SALINAS,MIDTIDE,42,-32.981824,-71.54857682,,TG-6,MBON_P2P,,no,25x25cm,,AP14-15-16-18
AP160884.jpg,2024-11-15,CHILE,VALPARAISO,VALPARAISO,LAS SALINAS,MIDTIDE,42,-32.981824,-71.54857682,,TG-6,MBON_P2P,,no,25x25cm,,AP14-15-16-18
AP160885.jpg,2024-11-15,CHILE,VALPARAISO,VALPARAISO,LAS SALINAS,MIDTIDE,42,-32.981824,-71.54857682,,TG-6,MBON_P2P,,no,25x25cm,,AP14-15-16-18
AP160886.jpg,2024-11-15,CHILE,VALPARAISO,VALPARAISO,LAS SALINAS,MIDTIDE,42,-32.981824,-71.54857682,,TG-6,MBON_P2P,,no,25x25cm,,AP14-15-16-18
AP160887.jpg,2024-11-15,CHILE,VALPARAISO,VALPARAISO,LAS SALINAS,MIDTIDE,42,-32.981824,-71.54857682,,TG-6,MBON_P2P,,no,25x25cm,,AP14-15-16-18
AP160888.jpg,2024-11-15,CHILE,VALPARAISO,VALPARAISO,LAS SALINAS,MIDTIDE,42,-32.981824,-71.54857682,,TG-6,MBON_P2P,,no,25x25cm,,AP14-15-16-18
AP160889.jpg,2024-11-15,CHILE,VALPARAISO,VALPARAISO,LAS SALINAS,MIDTIDE,42,-32.981824,-71.54857682,,TG-6,MBON_P2P,,no,25x25cm,,AP14-15-16-18
AP160890.jpg,2024-11-15,CHILE,VALPARAISO,VALPARAISO,LAS SALINAS,MIDTIDE,42,-32.981824,-71.54857682,,TG-6,MBON_P2P,,no,25x25cm,,AP14-15-16-18
AP160891.jpg,2024-11-15,CHILE,VALPARAISO,VALPARAISO,LAS SALINAS,MIDTIDE,42,-32.981824,-71.54857682,,TG-6,MBON_P2P,,no,25x25cm,,AP14-15-16-18
AP160892.jpg,2024-11-15,CHILE,VALPARAISO,VALPARAISO,LAS SALINAS,MIDTIDE,42,-32.981824,-71.54857682,,TG-6,MBON_P2P,,no,25x25cm,,AP14-15-16-18
AP160893.jpg,2024-11-15,CHILE,VALPARAISO,VALPARAISO,LAS SALINAS,MIDTIDE,42,-32.981824,-71.54857682,,TG-6,MBON_P2P,,no,25x25cm,,AP14-15-16-18
AP160894.jpg,2024-11-15,CHILE,VALPARAISO,VALPARAISO,LAS SALINAS,MIDTIDE,42,-32.981824,-71.54857682,,TG-6,MBON_P2P,,no,25x25cm,,AP14-15-16-18
AP160897.jpg,2024-11-15,CHILE,VALPARAISO,VALPARAISO,LAS SALINAS,MIDTIDE,42,-32.981824,-71.54857682,,TG-6,MBON_P2P,,no,25x25cm,,AP14-15-16-18
AP160898.jpg,2024-11-15,CHILE,VALPARAISO,VALPARAISO,LAS SALINAS,MIDTIDE,42,-32.981824,-71.54857682,,TG-6,MBON_P2P,,no,25x25cm,,AP14-15-16-18
AP160899.jpg,2024-11-15,CHILE,VALPARAISO,VALPARAISO,LAS SALINAS,MIDTIDE,42,-32.981824,-71.54857682,,TG-6,MBON_P2P,,no,25x25cm,,AP14-15-16-18
AP160900.jpg,2024-11-15,CHILE,VALPARAISO,VALPARAISO,LAS SALINAS,MIDTIDE,42,-32.981824,-71.54857682,,TG-6,MBON_P2P,,no,25x25cm,,AP14-15-16-18
AP160901.jpg,2024-11-15,CHILE,VALPARAISO,VALPARAISO,LAS SALINAS,MIDTIDE,42,-32.981824,-71.54857682,,TG-6,MBON_P2P,,no,25x25cm,,AP14-15-16-18
AP160902.jpg,2024-11-15,CHILE,VALPARAISO,VALPARAISO,LAS SALINAS,MIDTIDE,42,-32.981824,-71.54857682,,TG-6,MBON_P2P,,no,25x25cm,,AP14-15-16-18
AP160903.jpg,2024-11-15,CHILE,VALPARAISO,VALPARAISO,LAS SALINAS,MIDTIDE,42,-32.981824,-71.54857682,,TG-6,MBON_P2P,,no,25x25cm,,AP14-15-16-18
AP160904.jpg,2024-11-15,CHILE,VALPARAISO,VALPARAISO,LAS SALINAS,MIDTIDE,42,-32.981824,-71.54857682,,TG-6,MBON_P2P,,no,25x25cm,,AP14-15-16-18
AP160905.jpg,2024-11-15,CHILE,VALPARAISO,VALPARAISO,LAS SALINAS,MIDTIDE,42,-32.981824,-71.54857682,,TG-6,MBON_P2P,,no,25x25cm,,AP14-15-16-18
AP160906.jpg,2024-11-15,CHILE,VALPARAISO,VALPARAISO,LAS SALINAS,MIDTIDE,42,-32.981824,-71.54857682,,TG-6,MBON_P2P,,no,25x25cm,,AP14-15-16-18
AP160907.jpg,2024-11-15,CHILE,VALPARAISO,VALPARAISO,LAS SALINAS,MIDTIDE,42,-32.981824,-71.54857682,,TG-6,MBON_P2P,,no,25x25cm,,AP14-15-16-18
AP160908.jpg,2024-11-15,CHILE,VALPARAISO,VALPARAISO,LAS SALINAS,MIDTIDE,42,-32.981824,-71.54857682,,TG-6,MBON_P2P,,no,25x25cm,,AP14-15-16-18
AP160909.jpg,2024-11-15,CHILE,VALPARAISO,VALPARAISO,LAS SALINAS,MIDTIDE,42,-32.981824,-71.54857682,,TG-6,MBON_P2P,,no,25x25cm,,AP14-15-16-18
AP160910.jpg,2024-11-15,CHILE,VALPARAISO,VALPARAISO,LAS SALINAS,MIDTIDE,42,-32.981824,-71.54857682,,TG-6,MBON_P2P,,no,25x25cm,,AP14-15-16-18
AP160911.jpg,2024-11-15,CHILE,VALPARAISO,VALPARAISO,LAS SALINAS,MIDTIDE,42,-32.981824,-71.54857682,,TG-6,MBON_P2P,,no,25x25cm,,AP14-15-16-18
AP160912.jpg,2024-11-15,CHILE,VALPARAISO,VALPARAISO,LAS SALINAS,MIDTIDE,42,-32.981824,-71.54857682,,TG-6,MBON_P2P,,no,25x25cm,,AP14-15-16-18
AP160913.jpg,2024-11-15,CHILE,VALPARAISO,VALPARAISO,LAS SALINAS,MIDTIDE,42,-32.981824,-71.54857682,,TG-6,MBON_P2P,,no,25x25cm,,AP14-15-16-18
AP160914.jpg,2024-11-15,CHILE,VALPARAISO,VALPARAISO,LAS SALINAS,MIDTIDE,42,-32.981824,-71.54857682,,TG-6,MBON_P2P,,no,25x25cm,,AP14-15-16-18
AP160915.jpg,2024-11-15,CHILE,VALPARAISO,VALPARAISO,LAS SALINAS,MIDTIDE,42,-32.981824,-71.54857682,,TG-6,MBON_P2P,,no,25x25cm,,AP14-15-16-18
AP160917.jpg,2024-11-15,CHILE,VALPARAISO,VALPARAISO,LAS SALINAS,MIDTIDE,42,-32.981824,-71.54857682,,TG-6,MBON_P2P,,no,25x25cm,,AP14-15-16-18
AP160918.jpg,2024-11-15,CHILE,VALPARAISO,VALPARAISO,LAS SALINAS,HIGHTIDE,42,-32.981824,-71.54857682,,TG-6,MBON_P2P,,no,25x25cm,,AP14-15-16-18
AP160919.jpg,2024-11-15,CHILE,VALPARAISO,VALPARAISO,LAS SALINAS,HIGHTIDE,42,-32.981824,-71.54857682,,TG-6,MBON_P2P,,no,25x25cm,,AP14-15-16-18
AP160920.jpg,2024-11-15,CHILE,VALPARAISO,VALPARAISO,LAS SALINAS,HIGHTIDE,42,-32.981824,-71.54857682,,TG-6,MBON_P2P,,no,25x25cm,,AP14-15-16-18
AP160921.jpg,2024-11-15,CHILE,VALPARAISO,VALPARAISO,LAS SALINAS,HIGHTIDE,42,-32.981824,-71.54857682,,TG-6,MBON_P2P,,no,25x25cm,,AP14-15-16-18
AP160922.jpg,2024-11-15,CHILE,VALPARAISO,VALPARAISO,LAS SALINAS,HIGHTIDE,42,-32.981824,-71.54857682,,TG-6,MBON_P2P,,no,25x25cm,,AP14-15-16-18
AP160923.jpg,2024-11-15,CHILE,VALPARAISO,VALPARAISO,LAS SALINAS,HIGHTIDE,42,-32.981824,-71.54857682,,TG-6,MBON_P2P,,no,25x25cm,,AP14-15-16-18
AP160924.jpg,2024-11-15,CHILE,VALPARAISO,VALPARAISO,LAS SALINAS,HIGHTIDE,42,-32.981824,-71.54857682,,TG-6,MBON_P2P,,no,25x25cm,,AP14-15-16-18
AP160925.jpg,2024-11-15,CHILE,VALPARAISO,VALPARAISO,LAS SALINAS,HIGHTIDE,42,-32.981824,-71.54857682,,TG-6,MBON_P2P,,no,25x25cm,,AP14-15-16-18
AP160926.jpg,2024-11-15,CHILE,VALPARAISO,VALPARAISO,LAS SALINAS,HIGHTIDE,42,-32.981824,-71.54857682,,TG-6,MBON_P2P,,no,25x25cm,,AP14-15-16-18
AP160927.jpg,2024-11-15,CHILE,VALPARAISO,VALPARAISO,LAS SALINAS,HIGHTIDE,42,-32.981824,-71.54857682,,TG-6,MBON_P2P,,no,25x25cm,,AP14-15-16-18
AP160928.jpg,2024-11-15,CHILE,VALPARAISO,VALPARAISO,LAS SALINAS,HIGHTIDE,42,-32.981824,-71.54857682,,TG-6,MBON_P2P,,no,25x25cm,,AP14-15-16-18
AP160929.jpg,2024-11-15,CHILE,VALPARAISO,VALPARAISO,LAS SALINAS,HIGHTIDE,42,-32.981824,-71.54857682,,TG-6,MBON_P2P,,no,25x25cm,,AP14-15-16-18
AP160930.jpg,2024-11-15,CHILE,VALPARAISO,VALPARAISO,LAS SALINAS,HIGHTIDE,42,-32.981824,-71.54857682,,TG-6,MBON_P2P,,no,25x25cm,,AP14-15-16-18
AP160931.jpg,2024-11-15,CHILE,VALPARAISO,VALPARAISO,LAS SALINAS,HIGHTIDE,42,-32.981824,-71.54857682,,TG-6,MBON_P2P,,no,25x25cm,,AP14-15-16-18
AP160932.jpg,2024-11-15,CHILE,VALPARAISO,VALPARAISO,LAS SALINAS,HIGHTIDE,42,-32.981824,-71.54857682,,TG-6,MBON_P2P,,no,25x25cm,,AP14-15-16-18
AP160933.jpg,2024-11-15,CHILE,VALPARAISO,VALPARAISO,LAS SALINAS,HIGHTIDE,42,-32.981824,-71.54857682,,TG-6,MBON_P2P,,no,25x25cm,,AP14-15-16-18
AP160934.jpg,2024-11-15,CHILE,VALPARAISO,VALPARAISO,LAS SALINAS,HIGHTIDE,42,-32.981824,-71.54857682,,TG-6,MBON_P2P,,no,25x25cm,,AP14-15-16-18
AP160935.jpg,2024-11-15,CHILE,VALPARAISO,VALPARAISO,LAS SALINAS,HIGHTIDE,42,-32.981824,-71.54857682,,TG-6,MBON_P2P,,no,25x25cm,,AP14-15-16-18
AP160936.jpg,2024-11-15,CHILE,VALPARAISO,VALPARAISO,LAS SALINAS,HIGHTIDE,42,-32.981824,-71.54857682,,TG-6,MBON_P2P,,no,25x25cm,,AP14-15-16-18
AP160937.jpg,2024-11-15,CHILE,VALPARAISO,VALPARAISO,LAS SALINAS,HIGHTIDE,42,-32.981824,-71.54857682,,TG-6,MBON_P2P,,no,25x25cm,,AP14-15-16-18
AP160938.jpg,2024-11-15,CHILE,VALPARAISO,VALPARAISO,LAS SALINAS,HIGHTIDE,42,-32.981824,-71.54857682,,TG-6,MBON_P2P,,no,25x25cm,,AP14-15-16-18
AP160939.jpg,2024-11-15,CHILE,VALPARAISO,VALPARAISO,LAS SALINAS,HIGHTIDE,42,-32.981824,-71.54857682,,TG-6,MBON_P2P,,no,25x25cm,,AP14-15-16-18
AP160940.jpg,2024-11-15,CHILE,VALPARAISO,VALPARAISO,LAS SALINAS,HIGHTIDE,42,-32.981824,-71.54857682,,TG-6,MBON_P2P,,no,25x25cm,,AP14-15-16-18
AP160941.jpg,2024-11-15,CHILE,VALPARAISO,VALPARAISO,LAS SALINAS,HIGHTIDE,42,-32.981824,-71.54857682,,TG-6,MBON_P2P,,no,25x25cm,,AP14-15-16-18
AP160942.jpg,2024-11-15,CHILE,VALPARAISO,VALPARAISO,LAS SALINAS,HIGHTIDE,42,-32.981824,-71.54857682,,TG-6,MBON_P2P,,no,25x25cm,,AP14-15-16-18
AP160943.jpg,2024-11-15,CHILE,VALPARAISO,VALPARAISO,LAS SALINAS,HIGHTIDE,42,-32.981824,-71.54857682,,TG-6,MBON_P2P,,no,25x25cm,,AP14-15-16-18
AP160944.jpg,2024-11-15,CHILE,VALPARAISO,VALPARAISO,LAS SALINAS,HIGHTIDE,42,-32.981824,-71.54857682,,TG-6,MBON_P2P,,no,25x25cm,,AP14-15-16-18
AP160945.jpg,2024-11-15,CHILE,VALPARAISO,VALPARAISO,LAS SALINAS,HIGHTIDE,42,-32.981824,-71.54857682,,TG-6,MBON_P2P,,no,25x25cm,,AP14-15-16-18
AP160946.jpg,2024-11-15,CHILE,VALPARAISO,VALPARAISO,LAS SALINAS,HIGHTIDE,42,-32.981824,-71.54857682,,TG-6,MBON_P2P,,no,25x25cm,,AP14-15-16-18
AP160947.jpg,2024-11-15,CHILE,VALPARAISO,VALPARAISO,LAS SALINAS,HIGHTIDE,42,-32.981824,-71.54857682,,TG-6,MBON_P2P,,no,25x25cm,,AP14-15-16-18
AP160948.jpg,2024-11-15,CHILE,VALPARAISO,VALPARAISO,LAS SALINAS,HIGHTIDE,42,-32.981824,-71.54857682,,TG-6,MBON_P2P,,no,25x25cm,,AP14-15-16-18
AP160949.jpg,2024-11-15,CHILE,VALPARAISO,VALPARAISO,LAS SALINAS,HIGHTIDE,42,-32.981824,-71.54857682,,TG-6,MBON_P2P,,no,25x25cm,,AP14-15-16-18
AP160951.jpg,2024-11-15,CHILE,VALPARAISO,VALPARAISO,LAS SALINAS,HIGHTIDE,42,-32.981824,-71.54857682,,TG-6,MBON_P2P,,no,25x25cm,,AP14-15-16-18
AP160952.jpg,2024-11-15,CHILE,VALPARAISO,VALPARAISO,LAS SALINAS,HIGHTIDE,42,-32.981824,-71.54857682,,TG-6,MBON_P2P,,no,25x25cm,,AP14-15-16-18
AP160953.jpg,2024-11-15,CHILE,VALPARAISO,VALPARAISO,LAS SALINAS,HIGHTIDE,42,-32.981824,-71.54857682,,TG-6,MBON_P2P,,no,25x25cm,,AP14-15-16-18
AP160954.jpg,2024-11-15,CHILE,VALPARAISO,VALPARAISO,LAS SALINAS,HIGHTIDE,42,-32.981824,-71.54857682,,TG-6,MBON_P2P,,no,25x25cm,,AP14-15-16-18
AP160956.jpg,2024-11-15,CHILE,VALPARAISO,VALPARAISO,LAS SALINAS,HIGHTIDE,42,-32.981824,-71.54857682,,TG-6,MBON_P2P,,no,25x25cm,,AP14-15-16-18
AP160957.jpg,2024-11-15,CHILE,VALPARAISO,VALPARAISO,LAS SALINAS,HIGHTIDE,42,-32.981824,-71.54857682,,TG-6,MBON_P2P,,no,25x25cm,,AP14-15-16-18
AP160958.jpg,2024-11-15,CHILE,VALPARAISO,VALPARAISO,LAS SALINAS,HIGHTIDE,42,-32.981824,-71.54857682,,TG-6,MBON_P2P,,no,25x25cm,,AP14-15-16-18
AP160959.jpg,2024-11-15,CHILE,VALPARAISO,VALPARAISO,LAS SALINAS,HIGHTIDE,42,-32.981824,-71.54857682,,TG-6,MBON_P2P,,no,25x25cm,,AP14-15-16-18
AP160960.jpg,2024-11-15,CHILE,VALPARAISO,VALPARAISO,LAS SALINAS,HIGHTIDE,42,-32.981824,-71.54857682,,TG-6,MBON_P2P,,no,25x25cm,,AP14-15-16-18
AP160961.jpg,2024-11-15,CHILE,VALPARAISO,VALPARAISO,LAS SALINAS,HIGHTIDE,42,-32.981824,-71.54857682,,TG-6,MBON_P2P,,no,25x25cm,,AP14-15-16-18
AP160962.jpg,2024-11-15,CHILE,VALPARAISO,VALPARAISO,LAS SALINAS,HIGHTIDE,42,-32.981824,-71.54857682,,TG-6,MBON_P2P,,no,25x25cm,,AP14-15-16-18
AP160977.jpg,2024-11-29,CHILE,VALPARAISO,VALPARAISO,MONTEMAR,LOWTIDE,42,-32.95632488,-71.55028969,,TG-6,MBON_P2P,,no,25x25cm,,AP14-15-16-18
AP160978.jpg,2024-11-29,CHILE,VALPARAISO,VALPARAISO,MONTEMAR,LOWTIDE,42,-32.95632488,-71.55028969,,TG-6,MBON_P2P,,no,25x25cm,,AP14-15-16-18
AP160979.jpg,2024-11-29,CHILE,VALPARAISO,VALPARAISO,MONTEMAR,LOWTIDE,42,-32.95632488,-71.55028969,,TG-6,MBON_P2P,,no,25x25cm,,AP14-15-16-18
AP160980.jpg,2024-11-29,CHILE,VALPARAISO,VALPARAISO,MONTEMAR,LOWTIDE,42,-32.95632488,-71.55028969,,TG-6,MBON_P2P,,no,25x25cm,,AP14-15-16-18
AP160981.jpg,2024-11-29,CHILE,VALPARAISO,VALPARAISO,MONTEMAR,LOWTIDE,42,-32.95632488,-71.55028969,,TG-6,MBON_P2P,,no,25x25cm,,AP14-15-16-18
AP160982.jpg,2024-11-29,CHILE,VALPARAISO,VALPARAISO,MONTEMAR,LOWTIDE,42,-32.95632488,-71.55028969,,TG-6,MBON_P2P,,no,25x25cm,,AP14-15-16-18
AP160983.jpg,2024-11-29,CHILE,VALPARAISO,VALPARAISO,MONTEMAR,LOWTIDE,42,-32.95632488,-71.55028969,,TG-6,MBON_P2P,,no,25x25cm,,AP14-15-16-18
AP160984.jpg,2024-11-29,CHILE,VALPARAISO,VALPARAISO,MONTEMAR,LOWTIDE,42,-32.95632488,-71.55028969,,TG-6,MBON_P2P,,no,25x25cm,,AP14-15-16-18
AP160985.jpg,2024-11-29,CHILE,VALPARAISO,VALPARAISO,MONTEMAR,LOWTIDE,42,-32.95632488,-71.55028969,,TG-6,MBON_P2P,,no,25x25cm,,AP14-15-16-18
AP160986.jpg,2024-11-29,CHILE,VALPARAISO,VALPARAISO,MONTEMAR,LOWTIDE,42,-32.95632488,-71.55028969,,TG-6,MBON_P2P,,no,25x25cm,,AP14-15-16-18
AP160988.jpg,2024-11-29,CHILE,VALPARAISO,VALPARAISO,MONTEMAR,LOWTIDE,42,-32.95632488,-71.55028969,,TG-6,MBON_P2P,,no,25x25cm,,AP14-15-16-18
AP160990.jpg,2024-11-29,CHILE,VALPARAISO,VALPARAISO,MONTEMAR,LOWTIDE,42,-32.95632488,-71.55028969,,TG-6,MBON_P2P,,no,25x25cm,,AP14-15-16-18
AP160991.jpg,2024-11-29,CHILE,VALPARAISO,VALPARAISO,MONTEMAR,LOWTIDE,42,-32.95632488,-71.55028969,,TG-6,MBON_P2P,,no,25x25cm,,AP14-15-16-18
AP160992.jpg,2024-11-29,CHILE,VALPARAISO,VALPARAISO,MONTEMAR,LOWTIDE,42,-32.95632488,-71.55028969,,TG-6,MBON_P2P,,no,25x25cm,,AP14-15-16-18
AP160993.jpg,2024-11-29,CHILE,VALPARAISO,VALPARAISO,MONTEMAR,LOWTIDE,42,-32.95632488,-71.55028969,,TG-6,MBON_P2P,,no,25x25cm,,AP14-15-16-18
AP160994.jpg,2024-11-29,CHILE,VALPARAISO,VALPARAISO,MONTEMAR,LOWTIDE,42,-32.95632488,-71.55028969,,TG-6,MBON_P2P,,no,25x25cm,,AP14-15-16-18
AP160995.jpg,2024-11-29,CHILE,VALPARAISO,VALPARAISO,MONTEMAR,LOWTIDE,42,-32.95632488,-71.55028969,,TG-6,MBON_P2P,,no,25x25cm,,AP14-15-16-18
AP160996.jpg,2024-11-29,CHILE,VALPARAISO,VALPARAISO,MONTEMAR,LOWTIDE,42,-32.95632488,-71.55028969,,TG-6,MBON_P2P,,no,25x25cm,,AP14-15-16-18
AP160997.jpg,2024-11-29,CHILE,VALPARAISO,VALPARAISO,MONTEMAR,LOWTIDE,42,-32.95632488,-71.55028969,,TG-6,MBON_P2P,,no,25x25cm,,AP14-15-16-18
AP160998.jpg,2024-11-29,CHILE,VALPARAISO,VALPARAISO,MONTEMAR,LOWTIDE,42,-32.95632488,-71.55028969,,TG-6,MBON_P2P,,no,25x25cm,,AP14-15-16-18
AP160999.jpg,2024-11-29,CHILE,VALPARAISO,VALPARAISO,MONTEMAR,LOWTIDE,42,-32.95632488,-71.55028969,,TG-6,MBON_P2P,,no,25x25cm,,AP14-15-16-18
AP161000.jpg,2024-11-29,CHILE,VALPARAISO,VALPARAISO,MONTEMAR,LOWTIDE,42,-32.95632488,-71.55028969,,TG-6,MBON_P2P,,no,25x25cm,,AP14-15-16-18
AP161001.jpg,2024-11-29,CHILE,VALPARAISO,VALPARAISO,MONTEMAR,LOWTIDE,42,-32.95632488,-71.55028969,,TG-6,MBON_P2P,,no,25x25cm,,AP14-15-16-18
AP161002.jpg,2024-11-29,CHILE,VALPARAISO,VALPARAISO,MONTEMAR,LOWTIDE,42,-32.95632488,-71.55028969,,TG-6,MBON_P2P,,no,25x25cm,,AP14-15-16-18
AP161003.jpg,2024-11-29,CHILE,VALPARAISO,VALPARAISO,MONTEMAR,LOWTIDE,42,-32.95632488,-71.55028969,,TG-6,MBON_P2P,,no,25x25cm,,AP14-15-16-18
AP161004.jpg,2024-11-29,CHILE,VALPARAISO,VALPARAISO,MONTEMAR,LOWTIDE,42,-32.95632488,-71.55028969,,TG-6,MBON_P2P,,no,25x25cm,,AP14-15-16-18
AP161005.jpg,2024-11-29,CHILE,VALPARAISO,VALPARAISO,MONTEMAR,LOWTIDE,42,-32.95632488,-71.55028969,,TG-6,MBON_P2P,,no,25x25cm,,AP14-15-16-18
AP161006.jpg,2024-11-29,CHILE,VALPARAISO,VALPARAISO,MONTEMAR,LOWTIDE,42,-32.95632488,-71.55028969,,TG-6,MBON_P2P,,no,25x25cm,,AP14-15-16-18
AP161007.jpg,2024-11-29,CHILE,VALPARAISO,VALPARAISO,MONTEMAR,LOWTIDE,42,-32.95632488,-71.55028969,,TG-6,MBON_P2P,,no,25x25cm,,AP14-15-16-18
AP161008.jpg,2024-11-29,CHILE,VALPARAISO,VALPARAISO,MONTEMAR,LOWTIDE,42,-32.95632488,-71.55028969,,TG-6,MBON_P2P,,no,25x25cm,,AP14-15-16-18
AP161009.jpg,2024-11-29,CHILE,VALPARAISO,VALPARAISO,MONTEMAR,LOWTIDE,42,-32.95632488,-71.55028969,,TG-6,MBON_P2P,,no,25x25cm,,AP14-15-16-18
AP161010.jpg,2024-11-29,CHILE,VALPARAISO,VALPARAISO,MONTEMAR,LOWTIDE,42,-32.95632488,-71.55028969,,TG-6,MBON_P2P,,no,25x25cm,,AP14-15-16-18
AP161011.jpg,2024-11-29,CHILE,VALPARAISO,VALPARAISO,MONTEMAR,LOWTIDE,42,-32.95632488,-71.55028969,,TG-6,MBON_P2P,,no,25x25cm,,AP14-15-16-18
AP161012.jpg,2024-11-29,CHILE,VALPARAISO,VALPARAISO,MONTEMAR,LOWTIDE,42,-32.95632488,-71.55028969,,TG-6,MBON_P2P,,no,25x25cm,,AP14-15-16-18
AP161013.jpg,2024-11-29,CHILE,VALPARAISO,VALPARAISO,MONTEMAR,LOWTIDE,42,-32.95632488,-71.55028969,,TG-6,MBON_P2P,,no,25x25cm,,AP14-15-16-18
AP161015.jpg,2024-11-29,CHILE,VALPARAISO,VALPARAISO,MONTEMAR,MIDTIDE,42,-32.95632488,-71.55028969,,TG-6,MBON_P2P,,no,25x25cm,,AP14-15-16-18
AP161016.jpg,2024-11-29,CHILE,VALPARAISO,VALPARAISO,MONTEMAR,MIDTIDE,42,-32.95632488,-71.55028969,,TG-6,MBON_P2P,,no,25x25cm,,AP14-15-16-18
AP161017.jpg,2024-11-29,CHILE,VALPARAISO,VALPARAISO,MONTEMAR,MIDTIDE,42,-32.95632488,-71.55028969,,TG-6,MBON_P2P,,no,25x25cm,,AP14-15-16-18
AP161018.jpg,2024-11-29,CHILE,VALPARAISO,VALPARAISO,MONTEMAR,MIDTIDE,42,-32.95632488,-71.55028969,,TG-6,MBON_P2P,,no,25x25cm,,AP14-15-16-18
AP161019.jpg,2024-11-29,CHILE,VALPARAISO,VALPARAISO,MONTEMAR,MIDTIDE,42,-32.95632488,-71.55028969,,TG-6,MBON_P2P,,no,25x25cm,,AP14-15-16-18
AP161020.jpg,2024-11-29,CHILE,VALPARAISO,VALPARAISO,MONTEMAR,MIDTIDE,42,-32.95632488,-71.55028969,,TG-6,MBON_P2P,,no,25x25cm,,AP14-15-16-18
AP161021.jpg,2024-11-29,CHILE,VALPARAISO,VALPARAISO,MONTEMAR,MIDTIDE,42,-32.95632488,-71.55028969,,TG-6,MBON_P2P,,no,25x25cm,,AP14-15-16-18
AP161022.jpg,2024-11-29,CHILE,VALPARAISO,VALPARAISO,MONTEMAR,MIDTIDE,42,-32.95632488,-71.55028969,,TG-6,MBON_P2P,,no,25x25cm,,AP14-15-16-18
AP161023.jpg,2024-11-29,CHILE,VALPARAISO,VALPARAISO,MONTEMAR,MIDTIDE,42,-32.95632488,-71.55028969,,TG-6,MBON_P2P,,no,25x25cm,,AP14-15-16-18
AP161024.jpg,2024-11-29,CHILE,VALPARAISO,VALPARAISO,MONTEMAR,MIDTIDE,42,-32.95632488,-71.55028969,,TG-6,MBON_P2P,,no,25x25cm,,AP14-15-16-18
AP161025.jpg,2024-11-29,CHILE,VALPARAISO,VALPARAISO,MONTEMAR,MIDTIDE,42,-32.95632488,-71.55028969,,TG-6,MBON_P2P,,no,25x25cm,,AP14-15-16-18
AP161026.jpg,2024-11-29,CHILE,VALPARAISO,VALPARAISO,MONTEMAR,MIDTIDE,42,-32.95632488,-71.55028969,,TG-6,MBON_P2P,,no,25x25cm,,AP14-15-16-18
AP161027.jpg,2024-11-29,CHILE,VALPARAISO,VALPARAISO,MONTEMAR,MIDTIDE,42,-32.95632488,-71.55028969,,TG-6,MBON_P2P,,no,25x25cm,,AP14-15-16-18
AP161028.jpg,2024-11-29,CHILE,VALPARAISO,VALPARAISO,MONTEMAR,MIDTIDE,42,-32.95632488,-71.55028969,,TG-6,MBON_P2P,,no,25x25cm,,AP14-15-16-18
AP161029.jpg,2024-11-29,CHILE,VALPARAISO,VALPARAISO,MONTEMAR,MIDTIDE,42,-32.95632488,-71.55028969,,TG-6,MBON_P2P,,no,25x25cm,,AP14-15-16-18
AP161030.jpg,2024-11-29,CHILE,VALPARAISO,VALPARAISO,MONTEMAR,MIDTIDE,42,-32.95632488,-71.55028969,,TG-6,MBON_P2P,,no,25x25cm,,AP14-15-16-18
AP161031.jpg,2024-11-29,CHILE,VALPARAISO,VALPARAISO,MONTEMAR,MIDTIDE,42,-32.95632488,-71.55028969,,TG-6,MBON_P2P,,no,25x25cm,,AP14-15-16-18
AP161032.jpg,2024-11-29,CHILE,VALPARAISO,VALPARAISO,MONTEMAR,MIDTIDE,42,-32.95632488,-71.55028969,,TG-6,MBON_P2P,,no,25x25cm,,AP14-15-16-18
AP161033.jpg,2024-11-29,CHILE,VALPARAISO,VALPARAISO,MONTEMAR,MIDTIDE,42,-32.95632488,-71.55028969,,TG-6,MBON_P2P,,no,25x25cm,,AP14-15-16-18
AP161034.jpg,2024-11-29,CHILE,VALPARAISO,VALPARAISO,MONTEMAR,MIDTIDE,42,-32.95632488,-71.55028969,,TG-6,MBON_P2P,,no,25x25cm,,AP14-15-16-18
AP161035.jpg,2024-11-29,CHILE,VALPARAISO,VALPARAISO,MONTEMAR,MIDTIDE,42,-32.95632488,-71.55028969,,TG-6,MBON_P2P,,no,25x25cm,,AP14-15-16-18
AP161036.jpg,2024-11-29,CHILE,VALPARAISO,VALPARAISO,MONTEMAR,MIDTIDE,42,-32.95632488,-71.55028969,,TG-6,MBON_P2P,,no,25x25cm,,AP14-15-16-18
AP161037.jpg,2024-11-29,CHILE,VALPARAISO,VALPARAISO,MONTEMAR,MIDTIDE,42,-32.95632488,-71.55028969,,TG-6,MBON_P2P,,no,25x25cm,,AP14-15-16-18
AP161038.jpg,2024-11-29,CHILE,VALPARAISO,VALPARAISO,MONTEMAR,MIDTIDE,42,-32.95632488,-71.55028969,,TG-6,MBON_P2P,,no,25x25cm,,AP14-15-16-18
AP161039.jpg,2024-11-29,CHILE,VALPARAISO,VALPARAISO,MONTEMAR,MIDTIDE,42,-32.95632488,-71.55028969,,TG-6,MBON_P2P,,no,25x25cm,,AP14-15-16-18
AP161040.jpg,2024-11-29,CHILE,VALPARAISO,VALPARAISO,MONTEMAR,MIDTIDE,42,-32.95632488,-71.55028969,,TG-6,MBON_P2P,,no,25x25cm,,AP14-15-16-18
AP161041.jpg,2024-11-29,CHILE,VALPARAISO,VALPARAISO,MONTEMAR,MIDTIDE,42,-32.95632488,-71.55028969,,TG-6,MBON_P2P,,no,25x25cm,,AP14-15-16-18
AP161042.jpg,2024-11-29,CHILE,VALPARAISO,VALPARAISO,MONTEMAR,MIDTIDE,42,-32.95632488,-71.55028969,,TG-6,MBON_P2P,,no,25x25cm,,AP14-15-16-18
AP161043.jpg,2024-11-29,CHILE,VALPARAISO,VALPARAISO,MONTEMAR,MIDTIDE,42,-32.95632488,-71.55028969,,TG-6,MBON_P2P,,no,25x25cm,,AP14-15-16-18
AP161044.jpg,2024-11-29,CHILE,VALPARAISO,VALPARAISO,MONTEMAR,MIDTIDE,42,-32.95632488,-71.55028969,,TG-6,MBON_P2P,,no,25x25cm,,AP14-15-16-18
AP161045.jpg,2024-11-29,CHILE,VALPARAISO,VALPARAISO,MONTEMAR,MIDTIDE,42,-32.95632488,-71.55028969,,TG-6,MBON_P2P,,no,25x25cm,,AP14-15-16-18
AP161046.jpg,2024-11-29,CHILE,VALPARAISO,VALPARAISO,MONTEMAR,MIDTIDE,42,-32.95632488,-71.55028969,,TG-6,MBON_P2P,,no,25x25cm,,AP14-15-16-18
AP161047.jpg,2024-11-29,CHILE,VALPARAISO,VALPARAISO,MONTEMAR,MIDTIDE,42,-32.95632488,-71.55028969,,TG-6,MBON_P2P,,no,25x25cm,,AP14-15-16-18
AP161048.jpg,2024-11-29,CHILE,VALPARAISO,VALPARAISO,MONTEMAR,MIDTIDE,42,-32.95632488,-71.55028969,,TG-6,MBON_P2P,,no,25x25cm,,AP14-15-16-18
AP161049.jpg,2024-11-29,CHILE,VALPARAISO,VALPARAISO,MONTEMAR,MIDTIDE,42,-32.95632488,-71.55028969,,TG-6,MBON_P2P,,no,25x25cm,,AP14-15-16-18
AP161050.jpg,2024-11-29,CHILE,VALPARAISO,VALPARAISO,MONTEMAR,MIDTIDE,42,-32.95632488,-71.55028969,,TG-6,MBON_P2P,,no,25x25cm,,AP14-15-16-18
AP161051.jpg,2024-11-29,CHILE,VALPARAISO,VALPARAISO,MONTEMAR,MIDTIDE,42,-32.95632488,-71.55028969,,TG-6,MBON_P2P,,no,25x25cm,,AP14-15-16-18
AP161052.jpg,2024-11-29,CHILE,VALPARAISO,VALPARAISO,MONTEMAR,MIDTIDE,42,-32.95632488,-71.55028969,,TG-6,MBON_P2P,,no,25x25cm,,AP14-15-16-18
AP161053.jpg,2024-11-29,CHILE,VALPARAISO,VALPARAISO,MONTEMAR,MIDTIDE,42,-32.95632488,-71.55028969,,TG-6,MBON_P2P,,no,25x25cm,,AP14-15-16-18
AP161054.jpg,2024-11-29,CHILE,VALPARAISO,VALPARAISO,MONTEMAR,MIDTIDE,42,-32.95632488,-71.55028969,,TG-6,MBON_P2P,,no,25x25cm,,AP14-15-16-18
AP161055.jpg,2024-11-29,CHILE,VALPARAISO,VALPARAISO,MONTEMAR,MIDTIDE,42,-32.95632488,-71.55028969,,TG-6,MBON_P2P,,no,25x25cm,,AP14-15-16-18
AP161056.jpg,2024-11-29,CHILE,VALPARAISO,VALPARAISO,MONTEMAR,MIDTIDE,42,-32.95632488,-71.55028969,,TG-6,MBON_P2P,,no,25x25cm,,AP14-15-16-18
AP161057.jpg,2024-11-29,CHILE,VALPARAISO,VALPARAISO,MONTEMAR,MIDTIDE,42,-32.95632488,-71.55028969,,TG-6,MBON_P2P,,no,25x25cm,,AP14-15-16-18
AP161058.jpg,2024-11-29,CHILE,VALPARAISO,VALPARAISO,MONTEMAR,MIDTIDE,42,-32.95632488,-71.55028969,,TG-6,MBON_P2P,,no,25x25cm,,AP14-15-16-18
AP161059.jpg,2024-11-29,CHILE,VALPARAISO,VALPARAISO,MONTEMAR,MIDTIDE,42,-32.95632488,-71.55028969,,TG-6,MBON_P2P,,no,25x25cm,,AP14-15-16-18
AP161060.jpg,2024-11-29,CHILE,VALPARAISO,VALPARAISO,MONTEMAR,MIDTIDE,42,-32.95632488,-71.55028969,,TG-6,MBON_P2P,,no,25x25cm,,AP14-15-16-18
AP161061.jpg,2024-11-29,CHILE,VALPARAISO,VALPARAISO,MONTEMAR,MIDTIDE,42,-32.95632488,-71.55028969,,TG-6,MBON_P2P,,no,25x25cm,,AP14-15-16-18
AP161062.jpg,2024-11-29,CHILE,VALPARAISO,VALPARAISO,MONTEMAR,MIDTIDE,42,-32.95632488,-71.55028969,,TG-6,MBON_P2P,,no,25x25cm,,AP14-15-16-18
AP161063.jpg,2024-11-29,CHILE,VALPARAISO,VALPARAISO,MONTEMAR,MIDTIDE,42,-32.95632488,-71.55028969,,TG-6,MBON_P2P,,no,25x25cm,,AP14-15-16-18
AP161064.jpg,2024-11-29,CHILE,VALPARAISO,VALPARAISO,MONTEMAR,MIDTIDE,42,-32.95632488,-71.55028969,,TG-6,MBON_P2P,,no,25x25cm,,AP14-15-16-18
AP161065.jpg,2024-11-29,CHILE,VALPARAISO,VALPARAISO,MONTEMAR,MIDTIDE,42,-32.95632488,-71.55028969,,TG-6,MBON_P2P,,no,25x25cm,,AP14-15-16-18
AP161066.jpg,2024-11-29,CHILE,VALPARAISO,VALPARAISO,MONTEMAR,MIDTIDE,42,-32.95632488,-71.55028969,,TG-6,MBON_P2P,,no,25x25cm,,AP14-15-16-18
AP161068.jpg,2024-11-29,CHILE,VALPARAISO,VALPARAISO,MONTEMAR,HIGHTIDE,42,-32.95632488,-71.55028969,,TG-6,MBON_P2P,,no,25x25cm,,AP14-15-16-18
AP161069.jpg,2024-11-29,CHILE,VALPARAISO,VALPARAISO,MONTEMAR,HIGHTIDE,42,-32.95632488,-71.55028969,,TG-6,MBON_P2P,,no,25x25cm,,AP14-15-16-18
AP161070.jpg,2024-11-29,CHILE,VALPARAISO,VALPARAISO,MONTEMAR,HIGHTIDE,42,-32.95632488,-71.55028969,,TG-6,MBON_P2P,,no,25x25cm,,AP14-15-16-18
AP161071.jpg,2024-11-29,CHILE,VALPARAISO,VALPARAISO,MONTEMAR,HIGHTIDE,42,-32.95632488,-71.55028969,,TG-6,MBON_P2P,,no,25x25cm,,AP14-15-16-18
AP161072.jpg,2024-11-29,CHILE,VALPARAISO,VALPARAISO,MONTEMAR,HIGHTIDE,42,-32.95632488,-71.55028969,,TG-6,MBON_P2P,,no,25x25cm,,AP14-15-16-18
AP161073.jpg,2024-11-29,CHILE,VALPARAISO,VALPARAISO,MONTEMAR,HIGHTIDE,42,-32.95632488,-71.55028969,,TG-6,MBON_P2P,,no,25x25cm,,AP14-15-16-18
AP161074.jpg,2024-11-29,CHILE,VALPARAISO,VALPARAISO,MONTEMAR,HIGHTIDE,42,-32.95632488,-71.55028969,,TG-6,MBON_P2P,,no,25x25cm,,AP14-15-16-18
AP161075.jpg,2024-11-29,CHILE,VALPARAISO,VALPARAISO,MONTEMAR,HIGHTIDE,42,-32.95632488,-71.55028969,,TG-6,MBON_P2P,,no,25x25cm,,AP14-15-16-18
AP161076.jpg,2024-11-29,CHILE,VALPARAISO,VALPARAISO,MONTEMAR,HIGHTIDE,42,-32.95632488,-71.55028969,,TG-6,MBON_P2P,,no,25x25cm,,AP14-15-16-18
AP161077.jpg,2024-11-29,CHILE,VALPARAISO,VALPARAISO,MONTEMAR,HIGHTIDE,42,-32.95632488,-71.55028969,,TG-6,MBON_P2P,,no,25x25cm,,AP14-15-16-18
AP161078.jpg,2024-11-29,CHILE,VALPARAISO,VALPARAISO,MONTEMAR,HIGHTIDE,42,-32.95632488,-71.55028969,,TG-6,MBON_P2P,,no,25x25cm,,AP14-15-16-18
AP161079.jpg,2024-11-29,CHILE,VALPARAISO,VALPARAISO,MONTEMAR,HIGHTIDE,42,-32.95632488,-71.55028969,,TG-6,MBON_P2P,,no,25x25cm,,AP14-15-16-18
AP161080.jpg,2024-11-29,CHILE,VALPARAISO,VALPARAISO,MONTEMAR,HIGHTIDE,42,-32.95632488,-71.55028969,,TG-6,MBON_P2P,,no,25x25cm,,AP14-15-16-18
AP161081.jpg,2024-11-29,CHILE,VALPARAISO,VALPARAISO,MONTEMAR,HIGHTIDE,42,-32.95632488,-71.55028969,,TG-6,MBON_P2P,,no,25x25cm,,AP14-15-16-18
AP161082.jpg,2024-11-29,CHILE,VALPARAISO,VALPARAISO,MONTEMAR,HIGHTIDE,42,-32.95632488,-71.55028969,,TG-6,MBON_P2P,,no,25x25cm,,AP14-15-16-18
AP161083.jpg,2024-11-29,CHILE,VALPARAISO,VALPARAISO,MONTEMAR,HIGHTIDE,42,-32.95632488,-71.55028969,,TG-6,MBON_P2P,,no,25x25cm,,AP14-15-16-18
AP161084.jpg,2024-11-29,CHILE,VALPARAISO,VALPARAISO,MONTEMAR,HIGHTIDE,42,-32.95632488,-71.55028969,,TG-6,MBON_P2P,,no,25x25cm,,AP14-15-16-18
AP161085.jpg,2024-11-29,CHILE,VALPARAISO,VALPARAISO,MONTEMAR,HIGHTIDE,42,-32.95632488,-71.55028969,,TG-6,MBON_P2P,,no,25x25cm,,AP14-15-16-18
AP161086.jpg,2024-11-29,CHILE,VALPARAISO,VALPARAISO,MONTEMAR,HIGHTIDE,42,-32.95632488,-71.55028969,,TG-6,MBON_P2P,,no,25x25cm,,AP14-15-16-18
AP161087.jpg,2024-11-29,CHILE,VALPARAISO,VALPARAISO,MONTEMAR,HIGHTIDE,42,-32.95632488,-71.55028969,,TG-6,MBON_P2P,,no,25x25cm,,AP14-15-16-18
AP161088.jpg,2024-11-29,CHILE,VALPARAISO,VALPARAISO,MONTEMAR,HIGHTIDE,42,-32.95632488,-71.55028969,,TG-6,MBON_P2P,,no,25x25cm,,AP14-15-16-18
AP161089.jpg,2024-11-29,CHILE,VALPARAISO,VALPARAISO,MONTEMAR,HIGHTIDE,42,-32.95632488,-71.55028969,,TG-6,MBON_P2P,,no,25x25cm,,AP14-15-16-18
AP161090.jpg,2024-11-29,CHILE,VALPARAISO,VALPARAISO,MONTEMAR,HIGHTIDE,42,-32.95632488,-71.55028969,,TG-6,MBON_P2P,,no,25x25cm,,AP14-15-16-18
AP161091.jpg,2024-11-29,CHILE,VALPARAISO,VALPARAISO,MONTEMAR,HIGHTIDE,42,-32.95632488,-71.55028969,,TG-6,MBON_P2P,,no,25x25cm,,AP14-15-16-18
AP161092.jpg,2024-11-29,CHILE,VALPARAISO,VALPARAISO,MONTEMAR,HIGHTIDE,42,-32.95632488,-71.55028969,,TG-6,MBON_P2P,,no,25x25cm,,AP14-15-16-18
AP161093.jpg,2024-11-29,CHILE,VALPARAISO,VALPARAISO,MONTEMAR,HIGHTIDE,42,-32.95632488,-71.55028969,,TG-6,MBON_P2P,,no,25x25cm,,AP14-15-16-18
AP161094.jpg,2024-11-29,CHILE,VALPARAISO,VALPARAISO,MONTEMAR,HIGHTIDE,42,-32.95632488,-71.55028969,,TG-6,MBON_P2P,,no,25x25cm,,AP14-15-16-18
AP161095.jpg,2024-11-29,CHILE,VALPARAISO,VALPARAISO,MONTEMAR,HIGHTIDE,42,-32.95632488,-71.55028969,,TG-6,MBON_P2P,,no,25x25cm,,AP14-15-16-18
AP161096.jpg,2024-11-29,CHILE,VALPARAISO,VALPARAISO,MONTEMAR,HIGHTIDE,42,-32.95632488,-71.55028969,,TG-6,MBON_P2P,,no,25x25cm,,AP14-15-16-18
AP161097.jpg,2024-11-29,CHILE,VALPARAISO,VALPARAISO,MONTEMAR,HIGHTIDE,42,-32.95632488,-71.55028969,,TG-6,MBON_P2P,,no,25x25cm,,AP14-15-16-18
AP161098.jpg,2024-11-29,CHILE,VALPARAISO,VALPARAISO,MONTEMAR,HIGHTIDE,42,-32.95632488,-71.55028969,,TG-6,MBON_P2P,,no,25x25cm,,AP14-15-16-18
AP161099.jpg,2024-11-29,CHILE,VALPARAISO,VALPARAISO,MONTEMAR,HIGHTIDE,42,-32.95632488,-71.55028969,,TG-6,MBON_P2P,,no,25x25cm,,AP14-15-16-18
AP161100.jpg,2024-11-29,CHILE,VALPARAISO,VALPARAISO,MONTEMAR,HIGHTIDE,42,-32.95632488,-71.55028969,,TG-6,MBON_P2P,,no,25x25cm,,AP14-15-16-18
AP161101.jpg,2024-11-29,CHILE,VALPARAISO,VALPARAISO,MONTEMAR,HIGHTIDE,42,-32.95632488,-71.55028969,,TG-6,MBON_P2P,,no,25x25cm,,AP14-15-16-18
AP161102.jpg,2024-11-29,CHILE,VALPARAISO,VALPARAISO,MONTEMAR,HIGHTIDE,42,-32.95632488,-71.55028969,,TG-6,MBON_P2P,,no,25x25cm,,AP14-15-16-18
AP161103.jpg,2024-11-29,CHILE,VALPARAISO,VALPARAISO,MONTEMAR,HIGHTIDE,42,-32.95632488,-71.55028969,,TG-6,MBON_P2P,,no,25x25cm,,AP14-15-16-18
AP161104.jpg,2024-11-29,CHILE,VALPARAISO,VALPARAISO,MONTEMAR,HIGHTIDE,42,-32.95632488,-71.55028969,,TG-6,MBON_P2P,,no,25x25cm,,AP14-15-16-18
AP161105.jpg,2024-11-29,CHILE,VALPARAISO,VALPARAISO,MONTEMAR,HIGHTIDE,42,-32.95632488,-71.55028969,,TG-6,MBON_P2P,,no,25x25cm,,AP14-15-16-18
AP161106.jpg,2024-11-29,CHILE,VALPARAISO,VALPARAISO,MONTEMAR,HIGHTIDE,42,-32.95632488,-71.55028969,,TG-6,MBON_P2P,,no,25x25cm,,AP14-15-16-18
AP161107.jpg,2024-11-29,CHILE,VALPARAISO,VALPARAISO,MONTEMAR,HIGHTIDE,42,-32.95632488,-71.55028969,,TG-6,MBON_P2P,,no,25x25cm,,AP14-15-16-18
AP161108.jpg,2024-11-29,CHILE,VALPARAISO,VALPARAISO,MONTEMAR,HIGHTIDE,42,-32.95632488,-71.55028969,,TG-6,MBON_P2P,,no,25x25cm,,AP14-15-16-18
AP161109.jpg,2024-11-29,CHILE,VALPARAISO,VALPARAISO,MONTEMAR,HIGHTIDE,42,-32.95632488,-71.55028969,,TG-6,MBON_P2P,,no,25x25cm,,AP14-15-16-18
AP161110.jpg,2024-11-29,CHILE,VALPARAISO,VALPARAISO,MONTEMAR,HIGHTIDE,42,-32.95632488,-71.55028969,,TG-6,MBON_P2P,,no,25x25cm,,AP14-15-16-18
AP161112.jpg,2024-11-29,CHILE,VALPARAISO,VALPARAISO,MONTEMAR,HIGHTIDE,42,-32.95632488,-71.55028969,,TG-6,MBON_P2P,,no,25x25cm,,AP14-15-16-18
AP161113.jpg,2024-11-29,CHILE,VALPARAISO,VALPARAISO,MONTEMAR,HIGHTIDE,42,-32.95632488,-71.55028969,,TG-6,MBON_P2P,,no,25x25cm,,AP14-15-16-18
AP161114.jpg,2024-11-29,CHILE,VALPARAISO,VALPARAISO,MONTEMAR,HIGHTIDE,42,-32.95632488,-71.55028969,,TG-6,MBON_P2P,,no,25x25cm,,AP14-15-16-18
AP161115.jpg,2024-11-29,CHILE,VALPARAISO,VALPARAISO,MONTEMAR,HIGHTIDE,42,-32.95632488,-71.55028969,,TG-6,MBON_P2P,,no,25x25cm,,AP14-15-16-18
AP161116.jpg,2024-11-29,CHILE,VALPARAISO,VALPARAISO,MONTEMAR,HIGHTIDE,42,-32.95632488,-71.55028969,,TG-6,MBON_P2P,,no,25x25cm,,AP14-15-16-18
AP161117.jpg,2024-11-29,CHILE,VALPARAISO,VALPARAISO,MONTEMAR,HIGHTIDE,42,-32.95632488,-71.55028969,,TG-6,MBON_P2P,,no,25x25cm,,AP14-15-16-18
AP161118.jpg,2024-11-29,CHILE,VALPARAISO,VALPARAISO,MONTEMAR,HIGHTIDE,42,-32.95632488,-71.55028969,,TG-6,MBON_P2P,,no,25x25cm,,AP14-15-16-18
AP161119.jpg,2024-11-29,CHILE,VALPARAISO,VALPARAISO,MONTEMAR,HIGHTIDE,42,-32.95632488,-71.55028969,,TG-6,MBON_P2P,,no,25x25cm,,AP14-15-16-18
AP180001.jpg,2024-04-07,CHILE,BIOBIO,CONCEPCION,COCHOLGUE NORTE,HIGHTIDE,42,-36.593865,-72.97893667,,TG-6,MBON_P2P,,no,25x25cm,,AP14-15-16-18
AP180002.jpg,2024-04-07,CHILE,BIOBIO,CONCEPCION,COCHOLGUE NORTE,HIGHTIDE,42,-36.593865,-72.97893667,,TG-6,MBON_P2P,,no,25x25cm,,AP14-15-16-18
AP180003.jpg,2024-04-07,CHILE,BIOBIO,CONCEPCION,COCHOLGUE NORTE,HIGHTIDE,42,-36.593865,-72.97893667,,TG-6,MBON_P2P,,no,25x25cm,,AP14-15-16-18
AP180004.jpg,2024-04-07,CHILE,BIOBIO,CONCEPCION,COCHOLGUE NORTE,HIGHTIDE,42,-36.593865,-72.97893667,,TG-6,MBON_P2P,,no,25x25cm,,AP14-15-16-18
AP180005.jpg,2024-04-07,CHILE,BIOBIO,CONCEPCION,COCHOLGUE NORTE,HIGHTIDE,42,-36.593865,-72.97893667,,TG-6,MBON_P2P,,no,25x25cm,,AP14-15-16-18
AP180006.jpg,2024-04-07,CHILE,BIOBIO,CONCEPCION,COCHOLGUE NORTE,HIGHTIDE,42,-36.593865,-72.97893667,,TG-6,MBON_P2P,,no,25x25cm,,AP14-15-16-18
AP180007.jpg,2024-04-07,CHILE,BIOBIO,CONCEPCION,COCHOLGUE NORTE,HIGHTIDE,42,-36.59456833,-72.97830833,,TG-6,MBON_P2P,,no,25x25cm,,AP14-15-16-18
AP180008.jpg,2024-04-07,CHILE,BIOBIO,CONCEPCION,COCHOLGUE NORTE,HIGHTIDE,42,-36.59456833,-72.97830833,,TG-6,MBON_P2P,,no,25x25cm,,AP14-15-16-18
AP180009.jpg,2024-04-07,CHILE,BIOBIO,CONCEPCION,COCHOLGUE NORTE,HIGHTIDE,42,-36.594575,-72.97831833,,TG-6,MBON_P2P,,no,25x25cm,,AP14-15-16-18
AP180010.jpg,2024-04-07,CHILE,BIOBIO,CONCEPCION,COCHOLGUE NORTE,HIGHTIDE,42,-36.594575,-72.97831833,,TG-6,MBON_P2P,,no,25x25cm,,AP14-15-16-18
AP180011.jpg,2024-04-07,CHILE,BIOBIO,CONCEPCION,COCHOLGUE NORTE,HIGHTIDE,42,-36.59448167,-72.97853,,TG-6,MBON_P2P,,no,25x25cm,,AP14-15-16-18
AP180012.jpg,2024-04-07,CHILE,BIOBIO,CONCEPCION,COCHOLGUE NORTE,HIGHTIDE,42,-36.59435333,-72.97856833,,TG-6,MBON_P2P,,no,25x25cm,,AP14-15-16-18
AP180013.jpg,2024-04-07,CHILE,BIOBIO,CONCEPCION,COCHOLGUE NORTE,HIGHTIDE,42,-36.59437,-72.97852167,,TG-6,MBON_P2P,,no,25x25cm,,AP14-15-16-18
AP180014.jpg,2024-04-07,CHILE,BIOBIO,CONCEPCION,COCHOLGUE NORTE,HIGHTIDE,42,-36.59437,-72.97852167,,TG-6,MBON_P2P,,no,25x25cm,,AP14-15-16-18
AP180015.jpg,2024-04-07,CHILE,BIOBIO,CONCEPCION,COCHOLGUE NORTE,HIGHTIDE,42,-36.59438,-72.97853833,,TG-6,MBON_P2P,,no,25x25cm,,AP14-15-16-18
AP180016.jpg,2024-04-07,CHILE,BIOBIO,CONCEPCION,COCHOLGUE NORTE,HIGHTIDE,42,-36.59438,-72.97853833,,TG-6,MBON_P2P,,no,25x25cm,,AP14-15-16-18
AP180017.jpg,2024-04-07,CHILE,BIOBIO,CONCEPCION,COCHOLGUE NORTE,HIGHTIDE,42,-36.59437167,-72.97855833,,TG-6,MBON_P2P,,no,25x25cm,,AP14-15-16-18
AP180018.jpg,2024-04-07,CHILE,BIOBIO,CONCEPCION,COCHOLGUE NORTE,HIGHTIDE,42,-36.59436,-72.97863,,TG-6,MBON_P2P,,no,25x25cm,,AP14-15-16-18
AP180019.jpg,2024-04-07,CHILE,BIOBIO,CONCEPCION,COCHOLGUE NORTE,HIGHTIDE,42,-36.59435667,-72.97862833,,TG-6,MBON_P2P,,no,25x25cm,,AP14-15-16-18
AP180020.jpg,2024-04-07,CHILE,BIOBIO,CONCEPCION,COCHOLGUE NORTE,HIGHTIDE,42,-36.594325,-72.97861,,TG-6,MBON_P2P,,no,25x25cm,,AP14-15-16-18
AP180021.jpg,2024-04-07,CHILE,BIOBIO,CONCEPCION,COCHOLGUE NORTE,HIGHTIDE,42,-36.594325,-72.97861,,TG-6,MBON_P2P,,no,25x25cm,,AP14-15-16-18
AP180022.jpg,2024-04-07,CHILE,BIOBIO,CONCEPCION,COCHOLGUE NORTE,HIGHTIDE,42,-36.594325,-72.97861,,TG-6,MBON_P2P,,no,25x25cm,,AP14-15-16-18
AP180023.jpg,2024-04-07,CHILE,BIOBIO,CONCEPCION,COCHOLGUE NORTE,HIGHTIDE,42,-36.594325,-72.97861,,TG-6,MBON_P2P,,no,25x25cm,,AP14-15-16-18
AP180024.jpg,2024-04-07,CHILE,BIOBIO,CONCEPCION,COCHOLGUE NORTE,HIGHTIDE,42,-36.594325,-72.97861,,TG-6,MBON_P2P,,no,25x25cm,,AP14-15-16-18
AP180025.jpg,2024-04-07,CHILE,BIOBIO,CONCEPCION,COCHOLGUE NORTE,HIGHTIDE,42,-36.594325,-72.97861,,TG-6,MBON_P2P,,no,25x25cm,,AP14-15-16-18
AP180026.jpg,2024-04-07,CHILE,BIOBIO,CONCEPCION,COCHOLGUE NORTE,HIGHTIDE,42,-36.594325,-72.97861,,TG-6,MBON_P2P,,no,25x25cm,,AP14-15-16-18
AP180027.jpg,2024-04-07,CHILE,BIOBIO,CONCEPCION,COCHOLGUE NORTE,HIGHTIDE,42,-36.594325,-72.97861,,TG-6,MBON_P2P,,no,25x25cm,,AP14-15-16-18
AP180028.jpg,2024-04-07,CHILE,BIOBIO,CONCEPCION,COCHOLGUE NORTE,HIGHTIDE,42,-36.594325,-72.97861,,TG-6,MBON_P2P,,no,25x25cm,,AP14-15-16-18
AP180029.jpg,2024-04-07,CHILE,BIOBIO,CONCEPCION,COCHOLGUE NORTE,HIGHTIDE,42,-36.594325,-72.97861,,TG-6,MBON_P2P,,no,25x25cm,,AP14-15-16-18
AP180030.jpg,2024-04-07,CHILE,BIOBIO,CONCEPCION,COCHOLGUE NORTE,HIGHTIDE,42,-36.59430333,-72.97863833,,TG-6,MBON_P2P,,no,25x25cm,,AP14-15-16-18
AP180031.jpg,2024-04-07,CHILE,BIOBIO,CONCEPCION,COCHOLGUE NORTE,HIGHTIDE,42,-36.59430333,-72.97863833,,TG-6,MBON_P2P,,no,25x25cm,,AP14-15-16-18
AP180032.jpg,2024-04-07,CHILE,BIOBIO,CONCEPCION,COCHOLGUE NORTE,HIGHTIDE,42,-36.59430333,-72.97863667,,TG-6,MBON_P2P,,no,25x25cm,,AP14-15-16-18
AP180033.jpg,2024-04-07,CHILE,BIOBIO,CONCEPCION,COCHOLGUE NORTE,HIGHTIDE,42,-36.59431333,-72.97863667,,TG-6,MBON_P2P,,no,25x25cm,,AP14-15-16-18
AP180034.jpg,2024-04-07,CHILE,BIOBIO,CONCEPCION,COCHOLGUE NORTE,HIGHTIDE,42,-36.59431833,-72.97859667,,TG-6,MBON_P2P,,no,25x25cm,,AP14-15-16-18
AP180035.jpg,2024-04-07,CHILE,BIOBIO,CONCEPCION,COCHOLGUE NORTE,HIGHTIDE,42,-36.59431667,-72.97857667,,TG-6,MBON_P2P,,no,25x25cm,,AP14-15-16-18
AP180036.jpg,2024-04-07,CHILE,BIOBIO,CONCEPCION,COCHOLGUE NORTE,HIGHTIDE,42,-36.59431667,-72.97857667,,TG-6,MBON_P2P,,no,25x25cm,,AP14-15-16-18
AP180037.jpg,2024-04-07,CHILE,BIOBIO,CONCEPCION,COCHOLGUE NORTE,HIGHTIDE,42,-36.59432833,-72.97857167,,TG-6,MBON_P2P,,no,25x25cm,,AP14-15-16-18
AP180038.jpg,2024-04-07,CHILE,BIOBIO,CONCEPCION,COCHOLGUE NORTE,HIGHTIDE,42,-36.59431667,-72.97857167,,TG-6,MBON_P2P,,no,25x25cm,,AP14-15-16-18
AP180039.jpg,2024-04-07,CHILE,BIOBIO,CONCEPCION,COCHOLGUE NORTE,HIGHTIDE,42,-36.59431667,-72.97857167,,TG-6,MBON_P2P,,no,25x25cm,,AP14-15-16-18
AP180040.jpg,2024-04-07,CHILE,BIOBIO,CONCEPCION,COCHOLGUE NORTE,HIGHTIDE,42,-36.594315,-72.97857,,TG-6,MBON_P2P,,no,25x25cm,,AP14-15-16-18
AP180041.jpg,2024-04-07,CHILE,BIOBIO,CONCEPCION,COCHOLGUE NORTE,HIGHTIDE,42,-36.594315,-72.97857,,TG-6,MBON_P2P,,no,25x25cm,,AP14-15-16-18
AP180042.jpg,2024-04-07,CHILE,BIOBIO,CONCEPCION,COCHOLGUE NORTE,HIGHTIDE,42,-36.594315,-72.97857,,TG-6,MBON_P2P,,no,25x25cm,,AP14-15-16-18
AP180043.jpg,2024-04-07,CHILE,BIOBIO,CONCEPCION,COCHOLGUE NORTE,HIGHTIDE,42,-36.594315,-72.97857,,TG-6,MBON_P2P,,no,25x25cm,,AP14-15-16-18
AP180044.jpg,2024-04-07,CHILE,BIOBIO,CONCEPCION,COCHOLGUE NORTE,HIGHTIDE,42,-36.594315,-72.97857,,TG-6,MBON_P2P,,no,25x25cm,,AP14-15-16-18
AP180045.jpg,2024-04-07,CHILE,BIOBIO,CONCEPCION,COCHOLGUE NORTE,HIGHTIDE,42,-36.59431333,-72.97857,,TG-6,MBON_P2P,,no,25x25cm,,AP14-15-16-18
AP180046.jpg,2024-04-07,CHILE,BIOBIO,CONCEPCION,COCHOLGUE NORTE,HIGHTIDE,42,-36.59431333,-72.97857,,TG-6,MBON_P2P,,no,25x25cm,,AP14-15-16-18
AP180047.jpg,2024-04-07,CHILE,BIOBIO,CONCEPCION,COCHOLGUE NORTE,HIGHTIDE,42,-36.59431333,-72.97857,,TG-6,MBON_P2P,,no,25x25cm,,AP14-15-16-18
AP180048.jpg,2024-04-07,CHILE,BIOBIO,CONCEPCION,COCHOLGUE NORTE,HIGHTIDE,42,-36.59431333,-72.97857,,TG-6,MBON_P2P,,no,25x25cm,,AP14-15-16-18
AP180049.jpg,2024-04-07,CHILE,BIOBIO,CONCEPCION,COCHOLGUE NORTE,HIGHTIDE,42,-36.59431333,-72.97857,,TG-6,MBON_P2P,,no,25x25cm,,AP14-15-16-18
AP180050.jpg,2024-04-07,CHILE,BIOBIO,CONCEPCION,COCHOLGUE NORTE,HIGHTIDE,42,-36.59427333,-72.97857667,,TG-6,MBON_P2P,,no,25x25cm,,AP14-15-16-18
AP180051.jpg,2024-04-07,CHILE,BIOBIO,CONCEPCION,COCHOLGUE NORTE,HIGHTIDE,42,-36.59424833,-72.97858167,,TG-6,MBON_P2P,,no,25x25cm,,AP14-15-16-18
AP180052.jpg,2024-04-07,CHILE,BIOBIO,CONCEPCION,COCHOLGUE NORTE,HIGHTIDE,42,-36.59424833,-72.97858167,,TG-6,MBON_P2P,,no,25x25cm,,AP14-15-16-18
AP180053.jpg,2024-04-07,CHILE,BIOBIO,CONCEPCION,COCHOLGUE NORTE,HIGHTIDE,42,-36.59424167,-72.97857833,,TG-6,MBON_P2P,,no,25x25cm,,AP14-15-16-18
AP180054.jpg,2024-04-07,CHILE,BIOBIO,CONCEPCION,COCHOLGUE NORTE,HIGHTIDE,42,-36.59423833,-72.97857833,,TG-6,MBON_P2P,,no,25x25cm,,AP14-15-16-18
AP180056.jpg,2024-04-07,CHILE,BIOBIO,CONCEPCION,COCHOLGUE NORTE,LOWTIDE,42,-36.593925,-72.97887,,TG-6,MBON_P2P,,no,25x25cm,,AP14-15-16-18
AP180057.jpg,2024-04-07,CHILE,BIOBIO,CONCEPCION,COCHOLGUE NORTE,LOWTIDE,42,-36.59389667,-72.97892167,,TG-6,MBON_P2P,,no,25x25cm,,AP14-15-16-18
AP180058.jpg,2024-04-07,CHILE,BIOBIO,CONCEPCION,COCHOLGUE NORTE,LOWTIDE,42,-36.593895,-72.97892333,,TG-6,MBON_P2P,,no,25x25cm,,AP14-15-16-18
AP180059.jpg,2024-04-07,CHILE,BIOBIO,CONCEPCION,COCHOLGUE NORTE,LOWTIDE,42,-36.593895,-72.97892333,,TG-6,MBON_P2P,,no,25x25cm,,AP14-15-16-18
AP180060.jpg,2024-04-07,CHILE,BIOBIO,CONCEPCION,COCHOLGUE NORTE,LOWTIDE,42,-36.593895,-72.97892333,,TG-6,MBON_P2P,,no,25x25cm,,AP14-15-16-18
AP180061.jpg,2024-04-07,CHILE,BIOBIO,CONCEPCION,COCHOLGUE NORTE,LOWTIDE,42,-36.593895,-72.97892333,,TG-6,MBON_P2P,,no,25x25cm,,AP14-15-16-18
AP180062.jpg,2024-04-07,CHILE,BIOBIO,CONCEPCION,COCHOLGUE NORTE,LOWTIDE,42,-36.593895,-72.97892333,,TG-6,MBON_P2P,,no,25x25cm,,AP14-15-16-18
AP180063.jpg,2024-04-07,CHILE,BIOBIO,CONCEPCION,COCHOLGUE NORTE,LOWTIDE,42,-36.593905,-72.97889667,,TG-6,MBON_P2P,,no,25x25cm,,AP14-15-16-18
AP180064.jpg,2024-04-07,CHILE,BIOBIO,CONCEPCION,COCHOLGUE NORTE,LOWTIDE,42,-36.59389667,-72.97890333,,TG-6,MBON_P2P,,no,25x25cm,,AP14-15-16-18
AP180065.jpg,2024-04-07,CHILE,BIOBIO,CONCEPCION,COCHOLGUE NORTE,LOWTIDE,42,-36.59389667,-72.97890333,,TG-6,MBON_P2P,,no,25x25cm,,AP14-15-16-18
AP180066.jpg,2024-04-07,CHILE,BIOBIO,CONCEPCION,COCHOLGUE NORTE,LOWTIDE,42,-36.59389667,-72.97889333,,TG-6,MBON_P2P,,no,25x25cm,,AP14-15-16-18
AP180067.jpg,2024-04-07,CHILE,BIOBIO,CONCEPCION,COCHOLGUE NORTE,LOWTIDE,42,-36.59389333,-72.978895,,TG-6,MBON_P2P,,no,25x25cm,,AP14-15-16-18
AP180068.jpg,2024-04-07,CHILE,BIOBIO,CONCEPCION,COCHOLGUE NORTE,LOWTIDE,42,-36.59389333,-72.978895,,TG-6,MBON_P2P,,no,25x25cm,,AP14-15-16-18
AP180069.jpg,2024-04-07,CHILE,BIOBIO,CONCEPCION,COCHOLGUE NORTE,LOWTIDE,42,-36.59389333,-72.978895,,TG-6,MBON_P2P,,no,25x25cm,,AP14-15-16-18
AP180070.jpg,2024-04-07,CHILE,BIOBIO,CONCEPCION,COCHOLGUE NORTE,LOWTIDE,42,-36.59389667,-72.97889333,,TG-6,MBON_P2P,,no,25x25cm,,AP14-15-16-18
AP180071.jpg,2024-04-07,CHILE,BIOBIO,CONCEPCION,COCHOLGUE NORTE,LOWTIDE,42,-36.59389667,-72.97889333,,TG-6,MBON_P2P,,no,25x25cm,,AP14-15-16-18
AP180072.jpg,2024-04-07,CHILE,BIOBIO,CONCEPCION,COCHOLGUE NORTE,LOWTIDE,42,-36.59389667,-72.97889333,,TG-6,MBON_P2P,,no,25x25cm,,AP14-15-16-18
AP180073.jpg,2024-04-07,CHILE,BIOBIO,CONCEPCION,COCHOLGUE NORTE,LOWTIDE,42,-36.59388833,-72.978905,,TG-6,MBON_P2P,,no,25x25cm,,AP14-15-16-18
AP180074.jpg,2024-04-07,CHILE,BIOBIO,CONCEPCION,COCHOLGUE NORTE,LOWTIDE,42,-36.59388667,-72.97890667,,TG-6,MBON_P2P,,no,25x25cm,,AP14-15-16-18
AP180075.jpg,2024-04-07,CHILE,BIOBIO,CONCEPCION,COCHOLGUE NORTE,LOWTIDE,42,-36.59388333,-72.97890667,,TG-6,MBON_P2P,,no,25x25cm,,AP14-15-16-18
AP180076.jpg,2024-04-07,CHILE,BIOBIO,CONCEPCION,COCHOLGUE NORTE,LOWTIDE,42,-36.59388333,-72.97890667,,TG-6,MBON_P2P,,no,25x25cm,,AP14-15-16-18
AP180077.jpg,2024-04-07,CHILE,BIOBIO,CONCEPCION,COCHOLGUE NORTE,LOWTIDE,42,-36.59388333,-72.97890667,,TG-6,MBON_P2P,,no,25x25cm,,AP14-15-16-18
AP180078.jpg,2024-04-07,CHILE,BIOBIO,CONCEPCION,COCHOLGUE NORTE,LOWTIDE,42,-36.59388333,-72.97890667,,TG-6,MBON_P2P,,no,25x25cm,,AP14-15-16-18
AP180079.jpg,2024-04-07,CHILE,BIOBIO,CONCEPCION,COCHOLGUE NORTE,LOWTIDE,42,-36.59388333,-72.97890667,,TG-6,MBON_P2P,,no,25x25cm,,AP14-15-16-18
AP180080.jpg,2024-04-07,CHILE,BIOBIO,CONCEPCION,COCHOLGUE NORTE,LOWTIDE,42,-36.59388333,-72.97890667,,TG-6,MBON_P2P,,no,25x25cm,,AP14-15-16-18
AP180081.jpg,2024-04-07,CHILE,BIOBIO,CONCEPCION,COCHOLGUE NORTE,LOWTIDE,42,-36.59388333,-72.97890667,,TG-6,MBON_P2P,,no,25x25cm,,AP14-15-16-18
AP180082.jpg,2024-04-07,CHILE,BIOBIO,CONCEPCION,COCHOLGUE NORTE,LOWTIDE,42,-36.59388333,-72.97890667,,TG-6,MBON_P2P,,no,25x25cm,,AP14-15-16-18
AP180083.jpg,2024-04-07,CHILE,BIOBIO,CONCEPCION,COCHOLGUE NORTE,LOWTIDE,42,-36.59388167,-72.97890667,,TG-6,MBON_P2P,,no,25x25cm,,AP14-15-16-18
AP180084.jpg,2024-04-07,CHILE,BIOBIO,CONCEPCION,COCHOLGUE NORTE,LOWTIDE,42,-36.59388167,-72.97890667,,TG-6,MBON_P2P,,no,25x25cm,,AP14-15-16-18
AP180085.jpg,2024-04-07,CHILE,BIOBIO,CONCEPCION,COCHOLGUE NORTE,LOWTIDE,42,-36.593875,-72.97890833,,TG-6,MBON_P2P,,no,25x25cm,,AP14-15-16-18
AP180086.jpg,2024-04-07,CHILE,BIOBIO,CONCEPCION,COCHOLGUE NORTE,LOWTIDE,42,-36.59387167,-72.97890833,,TG-6,MBON_P2P,,no,25x25cm,,AP14-15-16-18
AP180087.jpg,2024-04-07,CHILE,BIOBIO,CONCEPCION,COCHOLGUE NORTE,LOWTIDE,42,-36.59387167,-72.97890833,,TG-6,MBON_P2P,,no,25x25cm,,AP14-15-16-18
AP180088.jpg,2024-04-07,CHILE,BIOBIO,CONCEPCION,COCHOLGUE NORTE,LOWTIDE,42,-36.59387167,-72.97890833,,TG-6,MBON_P2P,,no,25x25cm,,AP14-15-16-18
AP180089.jpg,2024-04-07,CHILE,BIOBIO,CONCEPCION,COCHOLGUE NORTE,LOWTIDE,42,-36.59387,-72.9789,,TG-6,MBON_P2P,,no,25x25cm,,AP14-15-16-18
AP180090.jpg,2024-04-07,CHILE,BIOBIO,CONCEPCION,COCHOLGUE NORTE,LOWTIDE,42,-36.59387,-72.9789,,TG-6,MBON_P2P,,no,25x25cm,,AP14-15-16-18
AP180091.jpg,2024-04-07,CHILE,BIOBIO,CONCEPCION,COCHOLGUE NORTE,LOWTIDE,42,-36.59387,-72.9789,,TG-6,MBON_P2P,,no,25x25cm,,AP14-15-16-18
AP180092.jpg,2024-04-07,CHILE,BIOBIO,CONCEPCION,COCHOLGUE NORTE,LOWTIDE,42,-36.59387,-72.9789,,TG-6,MBON_P2P,,no,25x25cm,,AP14-15-16-18
AP180093.jpg,2024-04-07,CHILE,BIOBIO,CONCEPCION,COCHOLGUE NORTE,LOWTIDE,42,-36.59387,-72.9789,,TG-6,MBON_P2P,,no,25x25cm,,AP14-15-16-18
AP180094.jpg,2024-04-07,CHILE,BIOBIO,CONCEPCION,COCHOLGUE NORTE,LOWTIDE,42,-36.59386833,-72.97889833,,TG-6,MBON_P2P,,no,25x25cm,,AP14-15-16-18
AP180095.jpg,2024-04-07,CHILE,BIOBIO,CONCEPCION,COCHOLGUE NORTE,LOWTIDE,42,-36.59389833,-72.978915,,TG-6,MBON_P2P,,no,25x25cm,,AP14-15-16-18
AP180096.jpg,2024-04-07,CHILE,BIOBIO,CONCEPCION,COCHOLGUE NORTE,LOWTIDE,42,-36.59393,-72.97891,,TG-6,MBON_P2P,,no,25x25cm,,AP14-15-16-18
AP180097.jpg,2024-04-07,CHILE,BIOBIO,CONCEPCION,COCHOLGUE NORTE,LOWTIDE,42,-36.59393167,-72.97890833,,TG-6,MBON_P2P,,no,25x25cm,,AP14-15-16-18
AP180098.jpg,2024-04-07,CHILE,BIOBIO,CONCEPCION,COCHOLGUE NORTE,LOWTIDE,42,-36.59393167,-72.97890833,,TG-6,MBON_P2P,,no,25x25cm,,AP14-15-16-18
AP180099.jpg,2024-04-07,CHILE,BIOBIO,CONCEPCION,COCHOLGUE NORTE,LOWTIDE,42,-36.59393333,-72.97890833,,TG-6,MBON_P2P,,no,25x25cm,,AP14-15-16-18
AP180100.jpg,2024-04-07,CHILE,BIOBIO,CONCEPCION,COCHOLGUE NORTE,LOWTIDE,42,-36.59393333,-72.97889667,,TG-6,MBON_P2P,,no,25x25cm,,AP14-15-16-18
AP180101.jpg,2024-04-07,CHILE,BIOBIO,CONCEPCION,COCHOLGUE NORTE,LOWTIDE,42,-36.59394,-72.97890167,,TG-6,MBON_P2P,,no,25x25cm,,AP14-15-16-18
AP180102.jpg,2024-04-07,CHILE,BIOBIO,CONCEPCION,COCHOLGUE NORTE,LOWTIDE,42,-36.59393167,-72.97890333,,TG-6,MBON_P2P,,no,25x25cm,,AP14-15-16-18
AP180103.jpg,2024-04-07,CHILE,BIOBIO,CONCEPCION,COCHOLGUE NORTE,LOWTIDE,42,-36.59393333,-72.9789,,TG-6,MBON_P2P,,no,25x25cm,,AP14-15-16-18
AP180104.jpg,2024-04-07,CHILE,BIOBIO,CONCEPCION,COCHOLGUE NORTE,LOWTIDE,42,-36.59398833,-72.97885667,,TG-6,MBON_P2P,,no,25x25cm,,AP14-15-16-18
AP180105.jpg,2024-04-07,CHILE,BIOBIO,CONCEPCION,COCHOLGUE NORTE,LOWTIDE,42,-36.59398667,-72.97885667,,TG-6,MBON_P2P,,no,25x25cm,,AP14-15-16-18
AP180106.jpg,2024-04-07,CHILE,BIOBIO,CONCEPCION,COCHOLGUE NORTE,LOWTIDE,42,-36.59399,-72.978865,,TG-6,MBON_P2P,,no,25x25cm,,AP14-15-16-18
AP180107.jpg,2024-04-07,CHILE,BIOBIO,CONCEPCION,COCHOLGUE NORTE,LOWTIDE,42,-36.59399,-72.978865,,TG-6,MBON_P2P,,no,25x25cm,,AP14-15-16-18
AP180108.jpg,2024-04-07,CHILE,BIOBIO,CONCEPCION,COCHOLGUE NORTE,LOWTIDE,42,-36.59399,-72.978865,,TG-6,MBON_P2P,,no,25x25cm,,AP14-15-16-18
AP180109.jpg,2024-04-07,CHILE,BIOBIO,CONCEPCION,COCHOLGUE NORTE,LOWTIDE,42,-36.59399,-72.978865,,TG-6,MBON_P2P,,no,25x25cm,,AP14-15-16-18
AP180110.jpg,2024-04-07,CHILE,BIOBIO,CONCEPCION,COCHOLGUE NORTE,LOWTIDE,42,-36.59399,-72.978865,,TG-6,MBON_P2P,,no,25x25cm,,AP14-15-16-18
AP180111.jpg,2024-04-07,CHILE,BIOBIO,CONCEPCION,COCHOLGUE NORTE,LOWTIDE,42,-36.59399,-72.978865,,TG-6,MBON_P2P,,no,25x25cm,,AP14-15-16-18
AP180112.jpg,2024-04-07,CHILE,BIOBIO,CONCEPCION,COCHOLGUE NORTE,LOWTIDE,42,-36.59399,-72.97885667,,TG-6,MBON_P2P,,no,25x25cm,,AP14-15-16-18
AP180113.jpg,2024-04-07,CHILE,BIOBIO,CONCEPCION,COCHOLGUE NORTE,LOWTIDE,42,-36.59399,-72.97885667,,TG-6,MBON_P2P,,no,25x25cm,,AP14-15-16-18
AP180114.jpg,2024-04-07,CHILE,BIOBIO,CONCEPCION,COCHOLGUE NORTE,LOWTIDE,42,-36.59399,-72.97885667,,TG-6,MBON_P2P,,no,25x25cm,,AP14-15-16-18
AP180115.jpg,2024-04-07,CHILE,BIOBIO,CONCEPCION,COCHOLGUE NORTE,LOWTIDE,42,-36.59399,-72.978855,,TG-6,MBON_P2P,,no,25x25cm,,AP14-15-16-18
AP180116.jpg,2024-04-07,CHILE,BIOBIO,CONCEPCION,COCHOLGUE NORTE,LOWTIDE,42,-36.59399,-72.978855,,TG-6,MBON_P2P,,no,25x25cm,,AP14-15-16-18
AP180117.jpg,2024-04-07,CHILE,BIOBIO,CONCEPCION,COCHOLGUE NORTE,LOWTIDE,42,-36.59403,-72.97883333,,TG-6,MBON_P2P,,no,25x25cm,,AP14-15-16-18
AP180118.jpg,2024-04-07,CHILE,BIOBIO,CONCEPCION,COCHOLGUE NORTE,LOWTIDE,42,-36.59403333,-72.978835,,TG-6,MBON_P2P,,no,25x25cm,,AP14-15-16-18
AP180119.jpg,2024-04-07,CHILE,BIOBIO,CONCEPCION,COCHOLGUE NORTE,LOWTIDE,42,-36.59406667,-72.97884,,TG-6,MBON_P2P,,no,25x25cm,,AP14-15-16-18
AP180120.jpg,2024-04-07,CHILE,BIOBIO,CONCEPCION,COCHOLGUE NORTE,LOWTIDE,42,-36.59407333,-72.97884667,,TG-6,MBON_P2P,,no,25x25cm,,AP14-15-16-18
AP180121.jpg,2024-04-07,CHILE,BIOBIO,CONCEPCION,COCHOLGUE NORTE,LOWTIDE,42,-36.59407333,-72.97884667,,TG-6,MBON_P2P,,no,25x25cm,,AP14-15-16-18
AP180122.jpg,2024-04-07,CHILE,BIOBIO,CONCEPCION,COCHOLGUE NORTE,LOWTIDE,42,-36.59407333,-72.97884667,,TG-6,MBON_P2P,,no,25x25cm,,AP14-15-16-18
AP180123.jpg,2024-04-07,CHILE,BIOBIO,CONCEPCION,COCHOLGUE NORTE,LOWTIDE,42,-36.59407333,-72.97884667,,TG-6,MBON_P2P,,no,25x25cm,,AP14-15-16-18
AP180124.jpg,2024-04-07,CHILE,BIOBIO,CONCEPCION,COCHOLGUE NORTE,LOWTIDE,42,-36.594075,-72.97884667,,TG-6,MBON_P2P,,no,25x25cm,,AP14-15-16-18
AP180125.jpg,2024-04-07,CHILE,BIOBIO,CONCEPCION,COCHOLGUE NORTE,LOWTIDE,42,-36.594075,-72.97884667,,TG-6,MBON_P2P,,no,25x25cm,,AP14-15-16-18
AP180127.jpg,2024-04-07,CHILE,BIOBIO,CONCEPCION,COCHOLGUE NORTE,MIDTIDE,42,-36.59403667,-72.97882,,TG-6,MBON_P2P,,no,25x25cm,,AP14-15-16-18
AP180128.jpg,2024-04-07,CHILE,BIOBIO,CONCEPCION,COCHOLGUE NORTE,MIDTIDE,42,-36.594,-72.97877833,,TG-6,MBON_P2P,,no,25x25cm,,AP14-15-16-18
AP180129.jpg,2024-04-07,CHILE,BIOBIO,CONCEPCION,COCHOLGUE NORTE,MIDTIDE,42,-36.59405333,-72.97894,,TG-6,MBON_P2P,,no,25x25cm,,AP14-15-16-18
AP180130.jpg,2024-04-07,CHILE,BIOBIO,CONCEPCION,COCHOLGUE NORTE,MIDTIDE,42,-36.59405333,-72.97894,,TG-6,MBON_P2P,,no,25x25cm,,AP14-15-16-18
AP180131.jpg,2024-04-07,CHILE,BIOBIO,CONCEPCION,COCHOLGUE NORTE,MIDTIDE,42,-36.59406833,-72.97886,,TG-6,MBON_P2P,,no,25x25cm,,AP14-15-16-18
AP180132.jpg,2024-04-07,CHILE,BIOBIO,CONCEPCION,COCHOLGUE NORTE,MIDTIDE,42,-36.59409833,-72.97881167,,TG-6,MBON_P2P,,no,25x25cm,,AP14-15-16-18
AP180133.jpg,2024-04-07,CHILE,BIOBIO,CONCEPCION,COCHOLGUE NORTE,MIDTIDE,42,-36.59409833,-72.97881167,,TG-6,MBON_P2P,,no,25x25cm,,AP14-15-16-18
AP180134.jpg,2024-04-07,CHILE,BIOBIO,CONCEPCION,COCHOLGUE NORTE,MIDTIDE,42,-36.59410167,-72.97880667,,TG-6,MBON_P2P,,no,25x25cm,,AP14-15-16-18
AP180135.jpg,2024-04-07,CHILE,BIOBIO,CONCEPCION,COCHOLGUE NORTE,MIDTIDE,42,-36.59410667,-72.97880333,,TG-6,MBON_P2P,,no,25x25cm,,AP14-15-16-18
AP180136.jpg,2024-04-07,CHILE,BIOBIO,CONCEPCION,COCHOLGUE NORTE,MIDTIDE,42,-36.59410667,-72.97880333,,TG-6,MBON_P2P,,no,25x25cm,,AP14-15-16-18
AP180137.jpg,2024-04-07,CHILE,BIOBIO,CONCEPCION,COCHOLGUE NORTE,MIDTIDE,42,-36.59412167,-72.97883,,TG-6,MBON_P2P,,no,25x25cm,,AP14-15-16-18
AP180138.jpg,2024-04-07,CHILE,BIOBIO,CONCEPCION,COCHOLGUE NORTE,MIDTIDE,42,-36.59412167,-72.97883,,TG-6,MBON_P2P,,no,25x25cm,,AP14-15-16-18
AP180139.jpg,2024-04-07,CHILE,BIOBIO,CONCEPCION,COCHOLGUE NORTE,MIDTIDE,42,-36.59412167,-72.97882833,,TG-6,MBON_P2P,,no,25x25cm,,AP14-15-16-18
AP180140.jpg,2024-04-07,CHILE,BIOBIO,CONCEPCION,COCHOLGUE NORTE,MIDTIDE,42,-36.59412,-72.97882833,,TG-6,MBON_P2P,,no,25x25cm,,AP14-15-16-18
AP180141.jpg,2024-04-07,CHILE,BIOBIO,CONCEPCION,COCHOLGUE NORTE,MIDTIDE,42,-36.59412,-72.97882833,,TG-6,MBON_P2P,,no,25x25cm,,AP14-15-16-18
AP180142.jpg,2024-04-07,CHILE,BIOBIO,CONCEPCION,COCHOLGUE NORTE,MIDTIDE,42,-36.59410833,-72.97881833,,TG-6,MBON_P2P,,no,25x25cm,,AP14-15-16-18
AP180143.jpg,2024-04-07,CHILE,BIOBIO,CONCEPCION,COCHOLGUE NORTE,MIDTIDE,42,-36.59410667,-72.97881833,,TG-6,MBON_P2P,,no,25x25cm,,AP14-15-16-18
AP180144.jpg,2024-04-07,CHILE,BIOBIO,CONCEPCION,COCHOLGUE NORTE,MIDTIDE,42,-36.59409333,-72.97881833,,TG-6,MBON_P2P,,no,25x25cm,,AP14-15-16-18
AP180145.jpg,2024-04-07,CHILE,BIOBIO,CONCEPCION,COCHOLGUE NORTE,MIDTIDE,42,-36.59409,-72.97881167,,TG-6,MBON_P2P,,no,25x25cm,,AP14-15-16-18
AP180146.jpg,2024-04-07,CHILE,BIOBIO,CONCEPCION,COCHOLGUE NORTE,MIDTIDE,42,-36.59406833,-72.97878833,,TG-6,MBON_P2P,,no,25x25cm,,AP14-15-16-18
AP180147.jpg,2024-04-07,CHILE,BIOBIO,CONCEPCION,COCHOLGUE NORTE,MIDTIDE,42,-36.594015,-72.97879167,,TG-6,MBON_P2P,,no,25x25cm,,AP14-15-16-18
AP180148.jpg,2024-04-07,CHILE,BIOBIO,CONCEPCION,COCHOLGUE NORTE,MIDTIDE,42,-36.59399167,-72.97876833,,TG-6,MBON_P2P,,no,25x25cm,,AP14-15-16-18
AP180149.jpg,2024-04-07,CHILE,BIOBIO,CONCEPCION,COCHOLGUE NORTE,MIDTIDE,42,-36.59399333,-72.978765,,TG-6,MBON_P2P,,no,25x25cm,,AP14-15-16-18
AP180150.jpg,2024-04-07,CHILE,BIOBIO,CONCEPCION,COCHOLGUE NORTE,MIDTIDE,42,-36.59399167,-72.978765,,TG-6,MBON_P2P,,no,25x25cm,,AP14-15-16-18
AP180151.jpg,2024-04-07,CHILE,BIOBIO,CONCEPCION,COCHOLGUE NORTE,MIDTIDE,42,-36.59399167,-72.978765,,TG-6,MBON_P2P,,no,25x25cm,,AP14-15-16-18
AP180152.jpg,2024-04-07,CHILE,BIOBIO,CONCEPCION,COCHOLGUE NORTE,MIDTIDE,42,-36.593865,-72.97893667,,TG-6,MBON_P2P,,no,25x25cm,,AP14-15-16-18
AP180153.jpg,2024-04-07,CHILE,BIOBIO,CONCEPCION,COCHOLGUE NORTE,MIDTIDE,42,-36.593865,-72.97893667,,TG-6,MBON_P2P,,no,25x25cm,,AP14-15-16-18
AP180154.jpg,2024-04-07,CHILE,BIOBIO,CONCEPCION,COCHOLGUE NORTE,MIDTIDE,42,-36.593865,-72.97893667,,TG-6,MBON_P2P,,no,25x25cm,,AP14-15-16-18
AP180155.jpg,2024-04-07,CHILE,BIOBIO,CONCEPCION,COCHOLGUE NORTE,MIDTIDE,42,-36.59445333,-72.9784,,TG-6,MBON_P2P,,no,25x25cm,,AP14-15-16-18
AP180156.jpg,2024-04-07,CHILE,BIOBIO,CONCEPCION,COCHOLGUE NORTE,MIDTIDE,42,-36.594705,-72.978205,,TG-6,MBON_P2P,,no,25x25cm,,AP14-15-16-18
AP180157.jpg,2024-04-07,CHILE,BIOBIO,CONCEPCION,COCHOLGUE NORTE,MIDTIDE,42,-36.59457667,-72.97828667,,TG-6,MBON_P2P,,no,25x25cm,,AP14-15-16-18
AP180158.jpg,2024-04-07,CHILE,BIOBIO,CONCEPCION,COCHOLGUE NORTE,MIDTIDE,42,-36.59457667,-72.97828667,,TG-6,MBON_P2P,,no,25x25cm,,AP14-15-16-18
AP180159.jpg,2024-04-07,CHILE,BIOBIO,CONCEPCION,COCHOLGUE NORTE,MIDTIDE,42,-36.59416833,-72.97833833,,TG-6,MBON_P2P,,no,25x25cm,,AP14-15-16-18
AP180160.jpg,2024-04-07,CHILE,BIOBIO,CONCEPCION,COCHOLGUE NORTE,MIDTIDE,42,-36.59416833,-72.97833833,,TG-6,MBON_P2P,,no,25x25cm,,AP14-15-16-18
AP180161.jpg,2024-04-07,CHILE,BIOBIO,CONCEPCION,COCHOLGUE NORTE,MIDTIDE,42,-36.59402667,-72.978415,,TG-6,MBON_P2P,,no,25x25cm,,AP14-15-16-18
AP180162.jpg,2024-04-07,CHILE,BIOBIO,CONCEPCION,COCHOLGUE NORTE,MIDTIDE,42,-36.59384667,-72.97863667,,TG-6,MBON_P2P,,no,25x25cm,,AP14-15-16-18
AP180163.jpg,2024-04-07,CHILE,BIOBIO,CONCEPCION,COCHOLGUE NORTE,MIDTIDE,42,-36.59383333,-72.97871,,TG-6,MBON_P2P,,no,25x25cm,,AP14-15-16-18
AP180164.jpg,2024-04-07,CHILE,BIOBIO,CONCEPCION,COCHOLGUE NORTE,MIDTIDE,42,-36.59377333,-72.97872333,,TG-6,MBON_P2P,,no,25x25cm,,AP14-15-16-18
AP180165.jpg,2024-04-07,CHILE,BIOBIO,CONCEPCION,COCHOLGUE NORTE,MIDTIDE,42,-36.593785,-72.978735,,TG-6,MBON_P2P,,no,25x25cm,,AP14-15-16-18
AP180166.jpg,2024-04-07,CHILE,BIOBIO,CONCEPCION,COCHOLGUE NORTE,MIDTIDE,42,-36.59376667,-72.978725,,TG-6,MBON_P2P,,no,25x25cm,,AP14-15-16-18
AP180167.jpg,2024-04-07,CHILE,BIOBIO,CONCEPCION,COCHOLGUE NORTE,MIDTIDE,42,-36.59376667,-72.978725,,TG-6,MBON_P2P,,no,25x25cm,,AP14-15-16-18
AP180168.jpg,2024-04-07,CHILE,BIOBIO,CONCEPCION,COCHOLGUE NORTE,MIDTIDE,42,-36.59376667,-72.978725,,TG-6,MBON_P2P,,no,25x25cm,,AP14-15-16-18
AP180169.jpg,2024-04-07,CHILE,BIOBIO,CONCEPCION,COCHOLGUE NORTE,MIDTIDE,42,-36.59378833,-72.97869667,,TG-6,MBON_P2P,,no,25x25cm,,AP14-15-16-18
AP180170.jpg,2024-04-07,CHILE,BIOBIO,CONCEPCION,COCHOLGUE NORTE,MIDTIDE,42,-36.59378833,-72.97869667,,TG-6,MBON_P2P,,no,25x25cm,,AP14-15-16-18
AP180171.jpg,2024-04-07,CHILE,BIOBIO,CONCEPCION,COCHOLGUE NORTE,MIDTIDE,42,-36.59379833,-72.97871,,TG-6,MBON_P2P,,no,25x25cm,,AP14-15-16-18
AP180172.jpg,2024-04-07,CHILE,BIOBIO,CONCEPCION,COCHOLGUE NORTE,MIDTIDE,42,-36.593785,-72.97873667,,TG-6,MBON_P2P,,no,25x25cm,,AP14-15-16-18
AP180173.jpg,2024-04-07,CHILE,BIOBIO,CONCEPCION,COCHOLGUE NORTE,MIDTIDE,42,-36.593785,-72.97873667,,TG-6,MBON_P2P,,no,25x25cm,,AP14-15-16-18
AP180174.jpg,2024-04-07,CHILE,BIOBIO,CONCEPCION,COCHOLGUE NORTE,MIDTIDE,42,-36.593785,-72.97873667,,TG-6,MBON_P2P,,no,25x25cm,,AP14-15-16-18
AP180178.jpg,2024-04-22,CHILE,BIOBIO,CONCEPCION,COCHOLGUE SUR,HIGHTIDE,42,-36.60737833,-72.97932,,TG-6,MBON_P2P,,no,25x25cm,,AP14-15-16-18
AP180179.jpg,2024-04-22,CHILE,BIOBIO,CONCEPCION,COCHOLGUE SUR,HIGHTIDE,42,-36.60738,-72.97933667,,TG-6,MBON_P2P,,no,25x25cm,,AP14-15-16-18
AP180180.jpg,2024-04-22,CHILE,BIOBIO,CONCEPCION,COCHOLGUE SUR,HIGHTIDE,42,-36.607385,-72.97931167,,TG-6,MBON_P2P,,no,25x25cm,,AP14-15-16-18
AP180181.jpg,2024-04-22,CHILE,BIOBIO,CONCEPCION,COCHOLGUE SUR,HIGHTIDE,42,-36.60738833,-72.97930667,,TG-6,MBON_P2P,,no,25x25cm,,AP14-15-16-18
AP180182.jpg,2024-04-22,CHILE,BIOBIO,CONCEPCION,COCHOLGUE SUR,HIGHTIDE,42,-36.60750833,-72.97929333,,TG-6,MBON_P2P,,no,25x25cm,,AP14-15-16-18
AP180183.jpg,2024-04-22,CHILE,BIOBIO,CONCEPCION,COCHOLGUE SUR,HIGHTIDE,42,-36.60751167,-72.97926667,,TG-6,MBON_P2P,,no,25x25cm,,AP14-15-16-18
AP180184.jpg,2024-04-22,CHILE,BIOBIO,CONCEPCION,COCHOLGUE SUR,HIGHTIDE,42,-36.60755667,-72.97919667,,TG-6,MBON_P2P,,no,25x25cm,,AP14-15-16-18
AP180185.jpg,2024-04-22,CHILE,BIOBIO,CONCEPCION,COCHOLGUE SUR,HIGHTIDE,42,-36.60758667,-72.97918667,,TG-6,MBON_P2P,,no,25x25cm,,AP14-15-16-18
AP180186.jpg,2024-04-22,CHILE,BIOBIO,CONCEPCION,COCHOLGUE SUR,HIGHTIDE,42,-36.607595,-72.97919167,,TG-6,MBON_P2P,,no,25x25cm,,AP14-15-16-18
AP180187.jpg,2024-04-22,CHILE,BIOBIO,CONCEPCION,COCHOLGUE SUR,HIGHTIDE,42,-36.60765,-72.97937333,,TG-6,MBON_P2P,,no,25x25cm,,AP14-15-16-18
AP180188.jpg,2024-04-22,CHILE,BIOBIO,CONCEPCION,COCHOLGUE SUR,HIGHTIDE,42,-36.60765,-72.97937333,,TG-6,MBON_P2P,,no,25x25cm,,AP14-15-16-18
AP180189.jpg,2024-04-22,CHILE,BIOBIO,CONCEPCION,COCHOLGUE SUR,HIGHTIDE,42,-36.60764333,-72.97940833,,TG-6,MBON_P2P,,no,25x25cm,,AP14-15-16-18
AP180190.jpg,2024-04-22,CHILE,BIOBIO,CONCEPCION,COCHOLGUE SUR,HIGHTIDE,42,-36.60764333,-72.97940833,,TG-6,MBON_P2P,,no,25x25cm,,AP14-15-16-18
AP180191.jpg,2024-04-22,CHILE,BIOBIO,CONCEPCION,COCHOLGUE SUR,HIGHTIDE,42,-36.60764333,-72.97940833,,TG-6,MBON_P2P,,no,25x25cm,,AP14-15-16-18
AP180192.jpg,2024-04-22,CHILE,BIOBIO,CONCEPCION,COCHOLGUE SUR,HIGHTIDE,42,-36.60766333,-72.97941,,TG-6,MBON_P2P,,no,25x25cm,,AP14-15-16-18
AP180193.jpg,2024-04-22,CHILE,BIOBIO,CONCEPCION,COCHOLGUE SUR,HIGHTIDE,42,-36.60805,-72.97931667,,TG-6,MBON_P2P,,no,25x25cm,,AP14-15-16-18
AP180194.jpg,2024-04-22,CHILE,BIOBIO,CONCEPCION,COCHOLGUE SUR,HIGHTIDE,42,-36.60816333,-72.979665,,TG-6,MBON_P2P,,no,25x25cm,,AP14-15-16-18
AP180195.jpg,2024-04-22,CHILE,BIOBIO,CONCEPCION,COCHOLGUE SUR,HIGHTIDE,42,-36.60832333,-72.98007667,,TG-6,MBON_P2P,,no,25x25cm,,AP14-15-16-18
AP180196.jpg,2024-04-22,CHILE,BIOBIO,CONCEPCION,COCHOLGUE SUR,HIGHTIDE,42,-36.60833667,-72.98011333,,TG-6,MBON_P2P,,no,25x25cm,,AP14-15-16-18
AP180197.jpg,2024-04-22,CHILE,BIOBIO,CONCEPCION,COCHOLGUE SUR,HIGHTIDE,42,-36.60833833,-72.980115,,TG-6,MBON_P2P,,no,25x25cm,,AP14-15-16-18
AP180198.jpg,2024-04-22,CHILE,BIOBIO,CONCEPCION,COCHOLGUE SUR,HIGHTIDE,42,-36.60832333,-72.98011833,,TG-6,MBON_P2P,,no,25x25cm,,AP14-15-16-18
AP180199.jpg,2024-04-22,CHILE,BIOBIO,CONCEPCION,COCHOLGUE SUR,HIGHTIDE,42,-36.60833667,-72.98011667,,TG-6,MBON_P2P,,no,25x25cm,,AP14-15-16-18
AP180200.jpg,2024-04-22,CHILE,BIOBIO,CONCEPCION,COCHOLGUE SUR,HIGHTIDE,42,-36.60833667,-72.98011667,,TG-6,MBON_P2P,,no,25x25cm,,AP14-15-16-18
AP180201.jpg,2024-04-22,CHILE,BIOBIO,CONCEPCION,COCHOLGUE SUR,HIGHTIDE,42,-36.60834,-72.98011667,,TG-6,MBON_P2P,,no,25x25cm,,AP14-15-16-18
AP180202.jpg,2024-04-22,CHILE,BIOBIO,CONCEPCION,COCHOLGUE SUR,HIGHTIDE,42,-36.60834,-72.98011667,,TG-6,MBON_P2P,,no,25x25cm,,AP14-15-16-18
AP180203.jpg,2024-04-22,CHILE,BIOBIO,CONCEPCION,COCHOLGUE SUR,HIGHTIDE,42,-36.60834167,-72.98011667,,TG-6,MBON_P2P,,no,25x25cm,,AP14-15-16-18
AP180204.jpg,2024-04-22,CHILE,BIOBIO,CONCEPCION,COCHOLGUE SUR,HIGHTIDE,42,-36.60846667,-72.98030167,,TG-6,MBON_P2P,,no,25x25cm,,AP14-15-16-18
AP180205.jpg,2024-04-22,CHILE,BIOBIO,CONCEPCION,COCHOLGUE SUR,HIGHTIDE,42,-36.60846667,-72.98030167,,TG-6,MBON_P2P,,no,25x25cm,,AP14-15-16-18
AP180206.jpg,2024-04-22,CHILE,BIOBIO,CONCEPCION,COCHOLGUE SUR,HIGHTIDE,42,-36.60846,-72.98028167,,TG-6,MBON_P2P,,no,25x25cm,,AP14-15-16-18
AP180207.jpg,2024-04-22,CHILE,BIOBIO,CONCEPCION,COCHOLGUE SUR,HIGHTIDE,42,-36.60847333,-72.98024333,,TG-6,MBON_P2P,,no,25x25cm,,AP14-15-16-18
AP180208.jpg,2024-04-22,CHILE,BIOBIO,CONCEPCION,COCHOLGUE SUR,HIGHTIDE,42,-36.60847333,-72.98024333,,TG-6,MBON_P2P,,no,25x25cm,,AP14-15-16-18
AP180209.jpg,2024-04-22,CHILE,BIOBIO,CONCEPCION,COCHOLGUE SUR,HIGHTIDE,42,-36.60852,-72.98032333,,TG-6,MBON_P2P,,no,25x25cm,,AP14-15-16-18
AP180210.jpg,2024-04-22,CHILE,BIOBIO,CONCEPCION,COCHOLGUE SUR,HIGHTIDE,42,-36.60871167,-72.98038667,,TG-6,MBON_P2P,,no,25x25cm,,AP14-15-16-18
AP180211.jpg,2024-04-22,CHILE,BIOBIO,CONCEPCION,COCHOLGUE SUR,HIGHTIDE,42,-36.60877,-72.98036667,,TG-6,MBON_P2P,,no,25x25cm,,AP14-15-16-18
AP180212.jpg,2024-04-22,CHILE,BIOBIO,CONCEPCION,COCHOLGUE SUR,HIGHTIDE,42,-36.60903333,-72.98048,,TG-6,MBON_P2P,,no,25x25cm,,AP14-15-16-18
AP180213.jpg,2024-04-22,CHILE,BIOBIO,CONCEPCION,COCHOLGUE SUR,HIGHTIDE,42,-36.60903167,-72.980485,,TG-6,MBON_P2P,,no,25x25cm,,AP14-15-16-18
AP180214.jpg,2024-04-22,CHILE,BIOBIO,CONCEPCION,COCHOLGUE SUR,HIGHTIDE,42,-36.60903167,-72.980485,,TG-6,MBON_P2P,,no,25x25cm,,AP14-15-16-18
AP180215.jpg,2024-04-22,CHILE,BIOBIO,CONCEPCION,COCHOLGUE SUR,HIGHTIDE,42,-36.60903167,-72.980485,,TG-6,MBON_P2P,,no,25x25cm,,AP14-15-16-18
AP180216.jpg,2024-04-22,CHILE,BIOBIO,CONCEPCION,COCHOLGUE SUR,HIGHTIDE,42,-36.60903333,-72.980485,,TG-6,MBON_P2P,,no,25x25cm,,AP14-15-16-18
AP180217.jpg,2024-04-22,CHILE,BIOBIO,CONCEPCION,COCHOLGUE SUR,HIGHTIDE,42,-36.60903333,-72.980485,,TG-6,MBON_P2P,,no,25x25cm,,AP14-15-16-18
AP180218.jpg,2024-04-22,CHILE,BIOBIO,CONCEPCION,COCHOLGUE SUR,HIGHTIDE,42,-36.60902333,-72.98050167,,TG-6,MBON_P2P,,no,25x25cm,,AP14-15-16-18
AP180219.jpg,2024-04-22,CHILE,BIOBIO,CONCEPCION,COCHOLGUE SUR,HIGHTIDE,42,-36.60902333,-72.98050167,,TG-6,MBON_P2P,,no,25x25cm,,AP14-15-16-18
AP180220.jpg,2024-04-22,CHILE,BIOBIO,CONCEPCION,COCHOLGUE SUR,HIGHTIDE,42,-36.609035,-72.9805,,TG-6,MBON_P2P,,no,25x25cm,,AP14-15-16-18
AP180221.jpg,2024-04-22,CHILE,BIOBIO,CONCEPCION,COCHOLGUE SUR,HIGHTIDE,42,-36.60904833,-72.98050667,,TG-6,MBON_P2P,,no,25x25cm,,AP14-15-16-18
AP180223.jpg,2024-04-22,CHILE,BIOBIO,CONCEPCION,COCHOLGUE SUR,MIDTIDE,42,-36.60904667,-72.98052667,,TG-6,MBON_P2P,,no,25x25cm,,AP14-15-16-18
AP180224.jpg,2024-04-22,CHILE,BIOBIO,CONCEPCION,COCHOLGUE SUR,MIDTIDE,42,-36.60904667,-72.98052667,,TG-6,MBON_P2P,,no,25x25cm,,AP14-15-16-18
AP180225.jpg,2024-04-22,CHILE,BIOBIO,CONCEPCION,COCHOLGUE SUR,MIDTIDE,42,-36.60904,-72.98052833,,TG-6,MBON_P2P,,no,25x25cm,,AP14-15-16-18
AP180226.jpg,2024-04-22,CHILE,BIOBIO,CONCEPCION,COCHOLGUE SUR,MIDTIDE,42,-36.60904333,-72.98052833,,TG-6,MBON_P2P,,no,25x25cm,,AP14-15-16-18
AP180227.jpg,2024-04-22,CHILE,BIOBIO,CONCEPCION,COCHOLGUE SUR,MIDTIDE,42,-36.60904333,-72.98052833,,TG-6,MBON_P2P,,no,25x25cm,,AP14-15-16-18
AP180228.jpg,2024-04-22,CHILE,BIOBIO,CONCEPCION,COCHOLGUE SUR,MIDTIDE,42,-36.609045,-72.98052833,,TG-6,MBON_P2P,,no,25x25cm,,AP14-15-16-18
AP180229.jpg,2024-04-22,CHILE,BIOBIO,CONCEPCION,COCHOLGUE SUR,MIDTIDE,42,-36.60904667,-72.98053,,TG-6,MBON_P2P,,no,25x25cm,,AP14-15-16-18
AP180230.jpg,2024-04-22,CHILE,BIOBIO,CONCEPCION,COCHOLGUE SUR,MIDTIDE,42,-36.60904833,-72.98053,,TG-6,MBON_P2P,,no,25x25cm,,AP14-15-16-18
AP180231.jpg,2024-04-22,CHILE,BIOBIO,CONCEPCION,COCHOLGUE SUR,MIDTIDE,42,-36.60904833,-72.98053,,TG-6,MBON_P2P,,no,25x25cm,,AP14-15-16-18
AP180232.jpg,2024-04-22,CHILE,BIOBIO,CONCEPCION,COCHOLGUE SUR,MIDTIDE,42,-36.60905167,-72.98053,,TG-6,MBON_P2P,,no,25x25cm,,AP14-15-16-18
AP180233.jpg,2024-04-22,CHILE,BIOBIO,CONCEPCION,COCHOLGUE SUR,MIDTIDE,42,-36.60907167,-72.98051833,,TG-6,MBON_P2P,,no,25x25cm,,AP14-15-16-18
AP180234.jpg,2024-04-22,CHILE,BIOBIO,CONCEPCION,COCHOLGUE SUR,MIDTIDE,42,-36.60907167,-72.98051833,,TG-6,MBON_P2P,,no,25x25cm,,AP14-15-16-18
AP180235.jpg,2024-04-22,CHILE,BIOBIO,CONCEPCION,COCHOLGUE SUR,MIDTIDE,42,-36.60907333,-72.98052,,TG-6,MBON_P2P,,no,25x25cm,,AP14-15-16-18
AP180236.jpg,2024-04-22,CHILE,BIOBIO,CONCEPCION,COCHOLGUE SUR,MIDTIDE,42,-36.60907667,-72.98052,,TG-6,MBON_P2P,,no,25x25cm,,AP14-15-16-18
AP180237.jpg,2024-04-22,CHILE,BIOBIO,CONCEPCION,COCHOLGUE SUR,MIDTIDE,42,-36.60907667,-72.98052,,TG-6,MBON_P2P,,no,25x25cm,,AP14-15-16-18
AP180238.jpg,2024-04-22,CHILE,BIOBIO,CONCEPCION,COCHOLGUE SUR,MIDTIDE,42,-36.60909,-72.980515,,TG-6,MBON_P2P,,no,25x25cm,,AP14-15-16-18
AP180239.jpg,2024-04-22,CHILE,BIOBIO,CONCEPCION,COCHOLGUE SUR,MIDTIDE,42,-36.60909,-72.980515,,TG-6,MBON_P2P,,no,25x25cm,,AP14-15-16-18
AP180240.jpg,2024-04-22,CHILE,BIOBIO,CONCEPCION,COCHOLGUE SUR,MIDTIDE,42,-36.60908833,-72.98051,,TG-6,MBON_P2P,,no,25x25cm,,AP14-15-16-18
AP180241.jpg,2024-04-22,CHILE,BIOBIO,CONCEPCION,COCHOLGUE SUR,MIDTIDE,42,-36.60909,-72.98051,,TG-6,MBON_P2P,,no,25x25cm,,AP14-15-16-18
AP180242.jpg,2024-04-22,CHILE,BIOBIO,CONCEPCION,COCHOLGUE SUR,MIDTIDE,42,-36.60911667,-72.98052333,,TG-6,MBON_P2P,,no,25x25cm,,AP14-15-16-18
AP180243.jpg,2024-04-22,CHILE,BIOBIO,CONCEPCION,COCHOLGUE SUR,MIDTIDE,42,-36.609145,-72.98052167,,TG-6,MBON_P2P,,no,25x25cm,,AP14-15-16-18
AP180244.jpg,2024-04-22,CHILE,BIOBIO,CONCEPCION,COCHOLGUE SUR,MIDTIDE,42,-36.609145,-72.98052167,,TG-6,MBON_P2P,,no,25x25cm,,AP14-15-16-18
AP180245.jpg,2024-04-22,CHILE,BIOBIO,CONCEPCION,COCHOLGUE SUR,MIDTIDE,42,-36.609145,-72.98052,,TG-6,MBON_P2P,,no,25x25cm,,AP14-15-16-18
AP180246.jpg,2024-04-22,CHILE,BIOBIO,CONCEPCION,COCHOLGUE SUR,MIDTIDE,42,-36.609145,-72.98052,,TG-6,MBON_P2P,,no,25x25cm,,AP14-15-16-18
AP180247.jpg,2024-04-22,CHILE,BIOBIO,CONCEPCION,COCHOLGUE SUR,MIDTIDE,42,-36.60914167,-72.98052667,,TG-6,MBON_P2P,,no,25x25cm,,AP14-15-16-18
AP180248.jpg,2024-04-22,CHILE,BIOBIO,CONCEPCION,COCHOLGUE SUR,MIDTIDE,42,-36.60912333,-72.98055333,,TG-6,MBON_P2P,,no,25x25cm,,AP14-15-16-18
AP180249.jpg,2024-04-22,CHILE,BIOBIO,CONCEPCION,COCHOLGUE SUR,MIDTIDE,42,-36.60912333,-72.98055333,,TG-6,MBON_P2P,,no,25x25cm,,AP14-15-16-18
AP180250.jpg,2024-04-22,CHILE,BIOBIO,CONCEPCION,COCHOLGUE SUR,MIDTIDE,42,-36.60912,-72.98054333,,TG-6,MBON_P2P,,no,25x25cm,,AP14-15-16-18
AP180251.jpg,2024-04-22,CHILE,BIOBIO,CONCEPCION,COCHOLGUE SUR,MIDTIDE,42,-36.60913333,-72.98027,,TG-6,MBON_P2P,,no,25x25cm,,AP14-15-16-18
AP180252.jpg,2024-04-22,CHILE,BIOBIO,CONCEPCION,COCHOLGUE SUR,MIDTIDE,42,-36.609135,-72.98020333,,TG-6,MBON_P2P,,no,25x25cm,,AP14-15-16-18
AP180253.jpg,2024-04-22,CHILE,BIOBIO,CONCEPCION,COCHOLGUE SUR,MIDTIDE,42,-36.609135,-72.98020333,,TG-6,MBON_P2P,,no,25x25cm,,AP14-15-16-18
AP180254.jpg,2024-04-22,CHILE,BIOBIO,CONCEPCION,COCHOLGUE SUR,MIDTIDE,42,-36.609135,-72.98020333,,TG-6,MBON_P2P,,no,25x25cm,,AP14-15-16-18
AP180255.jpg,2024-04-22,CHILE,BIOBIO,CONCEPCION,COCHOLGUE SUR,MIDTIDE,42,-36.609135,-72.98020333,,TG-6,MBON_P2P,,no,25x25cm,,AP14-15-16-18
AP180256.jpg,2024-04-22,CHILE,BIOBIO,CONCEPCION,COCHOLGUE SUR,MIDTIDE,42,-36.609135,-72.98020333,,TG-6,MBON_P2P,,no,25x25cm,,AP14-15-16-18
AP180257.jpg,2024-04-22,CHILE,BIOBIO,CONCEPCION,COCHOLGUE SUR,MIDTIDE,42,-36.609135,-72.98020333,,TG-6,MBON_P2P,,no,25x25cm,,AP14-15-16-18
AP180258.jpg,2024-04-22,CHILE,BIOBIO,CONCEPCION,COCHOLGUE SUR,MIDTIDE,42,-36.60914,-72.98022167,,TG-6,MBON_P2P,,no,25x25cm,,AP14-15-16-18
AP180259.jpg,2024-04-22,CHILE,BIOBIO,CONCEPCION,COCHOLGUE SUR,MIDTIDE,42,-36.60914,-72.98022167,,TG-6,MBON_P2P,,no,25x25cm,,AP14-15-16-18
AP180260.jpg,2024-04-22,CHILE,BIOBIO,CONCEPCION,COCHOLGUE SUR,MIDTIDE,42,-36.60914,-72.98022333,,TG-6,MBON_P2P,,no,25x25cm,,AP14-15-16-18
AP180261.jpg,2024-04-22,CHILE,BIOBIO,CONCEPCION,COCHOLGUE SUR,MIDTIDE,42,-36.60914333,-72.98021,,TG-6,MBON_P2P,,no,25x25cm,,AP14-15-16-18
AP180262.jpg,2024-04-22,CHILE,BIOBIO,CONCEPCION,COCHOLGUE SUR,MIDTIDE,42,-36.60914333,-72.98021,,TG-6,MBON_P2P,,no,25x25cm,,AP14-15-16-18
AP180263.jpg,2024-04-22,CHILE,BIOBIO,CONCEPCION,COCHOLGUE SUR,MIDTIDE,42,-36.60908833,-72.98014833,,TG-6,MBON_P2P,,no,25x25cm,,AP14-15-16-18
AP180264.jpg,2024-04-22,CHILE,BIOBIO,CONCEPCION,COCHOLGUE SUR,MIDTIDE,42,-36.60908833,-72.98014833,,TG-6,MBON_P2P,,no,25x25cm,,AP14-15-16-18
AP180265.jpg,2024-04-22,CHILE,BIOBIO,CONCEPCION,COCHOLGUE SUR,MIDTIDE,42,-36.60914667,-72.980215,,TG-6,MBON_P2P,,no,25x25cm,,AP14-15-16-18
AP180266.jpg,2024-04-22,CHILE,BIOBIO,CONCEPCION,COCHOLGUE SUR,MIDTIDE,42,-36.60914667,-72.980215,,TG-6,MBON_P2P,,no,25x25cm,,AP14-15-16-18
AP180268.jpg,2024-04-22,CHILE,BIOBIO,CONCEPCION,COCHOLGUE SUR,MIDTIDE,42,-36.60914833,-72.98021,,TG-6,MBON_P2P,,no,25x25cm,,AP14-15-16-18
AP180269.jpg,2024-04-22,CHILE,BIOBIO,CONCEPCION,COCHOLGUE SUR,MIDTIDE,42,-36.60915,-72.98021,,TG-6,MBON_P2P,,no,25x25cm,,AP14-15-16-18
AP180270.jpg,2024-04-22,CHILE,BIOBIO,CONCEPCION,COCHOLGUE SUR,MIDTIDE,42,-36.60915,-72.98021,,TG-6,MBON_P2P,,no,25x25cm,,AP14-15-16-18
AP180271.jpg,2024-04-22,CHILE,BIOBIO,CONCEPCION,COCHOLGUE SUR,MIDTIDE,42,-36.60914167,-72.98020333,,TG-6,MBON_P2P,,no,25x25cm,,AP14-15-16-18
AP180272.jpg,2024-04-22,CHILE,BIOBIO,CONCEPCION,COCHOLGUE SUR,MIDTIDE,42,-36.60914167,-72.98020333,,TG-6,MBON_P2P,,no,25x25cm,,AP14-15-16-18
AP180273.jpg,2024-04-22,CHILE,BIOBIO,CONCEPCION,COCHOLGUE SUR,MIDTIDE,42,-36.60914167,-72.98020333,,TG-6,MBON_P2P,,no,25x25cm,,AP14-15-16-18
AP180274.jpg,2024-04-22,CHILE,BIOBIO,CONCEPCION,COCHOLGUE SUR,MIDTIDE,42,-36.60914167,-72.98020333,,TG-6,MBON_P2P,,no,25x25cm,,AP14-15-16-18
AP180275.jpg,2024-04-22,CHILE,BIOBIO,CONCEPCION,COCHOLGUE SUR,MIDTIDE,42,-36.609135,-72.98021167,,TG-6,MBON_P2P,,no,25x25cm,,AP14-15-16-18
AP180276.jpg,2024-04-22,CHILE,BIOBIO,CONCEPCION,COCHOLGUE SUR,MIDTIDE,42,-36.609135,-72.98021333,,TG-6,MBON_P2P,,no,25x25cm,,AP14-15-16-18
AP180277.jpg,2024-04-22,CHILE,BIOBIO,CONCEPCION,COCHOLGUE SUR,MIDTIDE,42,-36.60915167,-72.98019,,TG-6,MBON_P2P,,no,25x25cm,,AP14-15-16-18
AP180278.jpg,2024-04-22,CHILE,BIOBIO,CONCEPCION,COCHOLGUE SUR,MIDTIDE,42,-36.60914667,-72.98019667,,TG-6,MBON_P2P,,no,25x25cm,,AP14-15-16-18
AP180279.jpg,2024-04-22,CHILE,BIOBIO,CONCEPCION,COCHOLGUE SUR,MIDTIDE,42,-36.60737833,-72.97932,,TG-6,MBON_P2P,,no,25x25cm,,AP14-15-16-18
AP180280.jpg,2024-04-22,CHILE,BIOBIO,CONCEPCION,COCHOLGUE SUR,MIDTIDE,42,-36.60737833,-72.97932,,TG-6,MBON_P2P,,no,25x25cm,,AP14-15-16-18
AP180281.jpg,2024-04-22,CHILE,BIOBIO,CONCEPCION,COCHOLGUE SUR,MIDTIDE,42,-36.60737833,-72.97932,,TG-6,MBON_P2P,,no,25x25cm,,AP14-15-16-18
AP180282.jpg,2024-04-22,CHILE,BIOBIO,CONCEPCION,COCHOLGUE SUR,MIDTIDE,42,-36.60886667,-72.9804,,TG-6,MBON_P2P,,no,25x25cm,,AP14-15-16-18
AP180283.jpg,2024-04-22,CHILE,BIOBIO,CONCEPCION,COCHOLGUE SUR,MIDTIDE,42,-36.60886667,-72.9804,,TG-6,MBON_P2P,,no,25x25cm,,AP14-15-16-18
AP180284.jpg,2024-04-22,CHILE,BIOBIO,CONCEPCION,COCHOLGUE SUR,MIDTIDE,42,-36.60897667,-72.98035167,,TG-6,MBON_P2P,,no,25x25cm,,AP14-15-16-18
AP180285.jpg,2024-04-22,CHILE,BIOBIO,CONCEPCION,COCHOLGUE SUR,MIDTIDE,42,-36.609005,-72.98036,,TG-6,MBON_P2P,,no,25x25cm,,AP14-15-16-18
AP180286.jpg,2024-04-22,CHILE,BIOBIO,CONCEPCION,COCHOLGUE SUR,MIDTIDE,42,-36.60901833,-72.98038,,TG-6,MBON_P2P,,no,25x25cm,,AP14-15-16-18
AP180287.jpg,2024-04-22,CHILE,BIOBIO,CONCEPCION,COCHOLGUE SUR,MIDTIDE,42,-36.60904,-72.980475,,TG-6,MBON_P2P,,no,25x25cm,,AP14-15-16-18
AP180288.jpg,2024-04-22,CHILE,BIOBIO,CONCEPCION,COCHOLGUE SUR,MIDTIDE,42,-36.60905333,-72.98051833,,TG-6,MBON_P2P,,no,25x25cm,,AP14-15-16-18
AP180289.jpg,2024-04-22,CHILE,BIOBIO,CONCEPCION,COCHOLGUE SUR,MIDTIDE,42,-36.609055,-72.98052,,TG-6,MBON_P2P,,no,25x25cm,,AP14-15-16-18
AP180290.jpg,2024-04-22,CHILE,BIOBIO,CONCEPCION,COCHOLGUE SUR,MIDTIDE,42,-36.60905667,-72.98052167,,TG-6,MBON_P2P,,no,25x25cm,,AP14-15-16-18
AP180291.jpg,2024-04-22,CHILE,BIOBIO,CONCEPCION,COCHOLGUE SUR,MIDTIDE,42,-36.60905833,-72.98052333,,TG-6,MBON_P2P,,no,25x25cm,,AP14-15-16-18
AP180292.jpg,2024-04-22,CHILE,BIOBIO,CONCEPCION,COCHOLGUE SUR,MIDTIDE,42,-36.60905833,-72.980525,,TG-6,MBON_P2P,,no,25x25cm,,AP14-15-16-18
AP180293.jpg,2024-04-22,CHILE,BIOBIO,CONCEPCION,COCHOLGUE SUR,MIDTIDE,42,-36.60906,-72.98052667,,TG-6,MBON_P2P,,no,25x25cm,,AP14-15-16-18
AP180295.jpg,2024-04-22,CHILE,BIOBIO,CONCEPCION,COCHOLGUE SUR,MIDTIDE,42,-36.60907833,-72.98053667,,TG-6,MBON_P2P,,no,25x25cm,,AP14-15-16-18
AP180296.jpg,2024-04-22,CHILE,BIOBIO,CONCEPCION,COCHOLGUE SUR,MIDTIDE,42,-36.60907833,-72.98053833,,TG-6,MBON_P2P,,no,25x25cm,,AP14-15-16-18
AP180297.jpg,2024-04-22,CHILE,BIOBIO,CONCEPCION,COCHOLGUE SUR,MIDTIDE,42,-36.60908,-72.98054,,TG-6,MBON_P2P,,no,25x25cm,,AP14-15-16-18
AP180298.jpg,2024-04-22,CHILE,BIOBIO,CONCEPCION,COCHOLGUE SUR,MIDTIDE,42,-36.60908333,-72.98053667,,TG-6,MBON_P2P,,no,25x25cm,,AP14-15-16-18
AP180299.jpg,2024-04-22,CHILE,BIOBIO,CONCEPCION,COCHOLGUE SUR,MIDTIDE,42,-36.609085,-72.98053833,,TG-6,MBON_P2P,,no,25x25cm,,AP14-15-16-18
AP180300.jpg,2024-04-22,CHILE,BIOBIO,CONCEPCION,COCHOLGUE SUR,MIDTIDE,42,-36.60908667,-72.98053833,,TG-6,MBON_P2P,,no,25x25cm,,AP14-15-16-18
AP180301.jpg,2024-04-22,CHILE,BIOBIO,CONCEPCION,COCHOLGUE SUR,MIDTIDE,42,-36.60908667,-72.98052667,,TG-6,MBON_P2P,,no,25x25cm,,AP14-15-16-18
AP180302.jpg,2024-04-22,CHILE,BIOBIO,CONCEPCION,COCHOLGUE SUR,MIDTIDE,42,-36.60908667,-72.98052667,,TG-6,MBON_P2P,,no,25x25cm,,AP14-15-16-18
AP180303.jpg,2024-04-22,CHILE,BIOBIO,CONCEPCION,COCHOLGUE SUR,MIDTIDE,42,-36.6091,-72.98054333,,TG-6,MBON_P2P,,no,25x25cm,,AP14-15-16-18
AP180304.jpg,2024-04-22,CHILE,BIOBIO,CONCEPCION,COCHOLGUE SUR,MIDTIDE,42,-36.6091,-72.98054333,,TG-6,MBON_P2P,,no,25x25cm,,AP14-15-16-18
AP180305.jpg,2024-04-22,CHILE,BIOBIO,CONCEPCION,COCHOLGUE SUR,MIDTIDE,42,-36.60910167,-72.980545,,TG-6,MBON_P2P,,no,25x25cm,,AP14-15-16-18
AP180306.jpg,2024-04-22,CHILE,BIOBIO,CONCEPCION,COCHOLGUE SUR,MIDTIDE,42,-36.60910167,-72.98054667,,TG-6,MBON_P2P,,no,25x25cm,,AP14-15-16-18
AP180307.jpg,2024-04-22,CHILE,BIOBIO,CONCEPCION,COCHOLGUE SUR,MIDTIDE,42,-36.609095,-72.98055,,TG-6,MBON_P2P,,no,25x25cm,,AP14-15-16-18
AP180309.jpg,2024-04-22,CHILE,BIOBIO,CONCEPCION,COCHOLGUE SUR,MIDTIDE,42,-36.609095,-72.98055,,TG-6,MBON_P2P,,no,25x25cm,,AP14-15-16-18
AP180310.jpg,2024-04-22,CHILE,BIOBIO,CONCEPCION,COCHOLGUE SUR,MIDTIDE,42,-36.6091,-72.98055167,,TG-6,MBON_P2P,,no,25x25cm,,AP14-15-16-18
AP180311.jpg,2024-04-22,CHILE,BIOBIO,CONCEPCION,COCHOLGUE SUR,MIDTIDE,42,-36.60906333,-72.98066667,,TG-6,MBON_P2P,,no,25x25cm,,AP14-15-16-18
AP180312.jpg,2024-04-22,CHILE,BIOBIO,CONCEPCION,COCHOLGUE SUR,MIDTIDE,42,-36.60905667,-72.98066167,,TG-6,MBON_P2P,,no,25x25cm,,AP14-15-16-18
AP180313.jpg,2024-04-22,CHILE,BIOBIO,CONCEPCION,COCHOLGUE SUR,MIDTIDE,42,-36.60903833,-72.980655,,TG-6,MBON_P2P,,no,25x25cm,,AP14-15-16-18
AP180314.jpg,2024-04-22,CHILE,BIOBIO,CONCEPCION,COCHOLGUE SUR,MIDTIDE,42,-36.609045,-72.98066,,TG-6,MBON_P2P,,no,25x25cm,,AP14-15-16-18
AP180315.jpg,2024-04-22,CHILE,BIOBIO,CONCEPCION,COCHOLGUE SUR,MIDTIDE,42,-36.60898833,-72.98063167,,TG-6,MBON_P2P,,no,25x25cm,,AP14-15-16-18
AP180316.jpg,2024-04-22,CHILE,BIOBIO,CONCEPCION,COCHOLGUE SUR,MIDTIDE,42,-36.60898833,-72.980635,,TG-6,MBON_P2P,,no,25x25cm,,AP14-15-16-18
AP180317.jpg,2024-04-22,CHILE,BIOBIO,CONCEPCION,COCHOLGUE SUR,MIDTIDE,42,-36.60899,-72.98062167,,TG-6,MBON_P2P,,no,25x25cm,,AP14-15-16-18
AP180318.jpg,2024-04-22,CHILE,BIOBIO,CONCEPCION,COCHOLGUE SUR,MIDTIDE,42,-36.60884,-72.98049,,TG-6,MBON_P2P,,no,25x25cm,,AP14-15-16-18
AP180500.jpg,2024-10-15,CHILE,BIOBIO,CONCEPCION,COCHOLGUE NORTE,HIGHTIDE,42,-36.59482333,-72.97805333,,TG-6,MBON_P2P,,no,25x25cm,,AP14-15-16-18
AP180501.jpg,2024-10-15,CHILE,BIOBIO,CONCEPCION,COCHOLGUE NORTE,HIGHTIDE,42,-36.594785,-72.97813833,,TG-6,MBON_P2P,,no,25x25cm,,AP14-15-16-18
AP180502.jpg,2024-10-15,CHILE,BIOBIO,CONCEPCION,COCHOLGUE NORTE,HIGHTIDE,42,-36.594785,-72.97813833,,TG-6,MBON_P2P,,no,25x25cm,,AP14-15-16-18
AP180503.jpg,2024-10-15,CHILE,BIOBIO,CONCEPCION,COCHOLGUE NORTE,HIGHTIDE,42,-36.594785,-72.97814333,,TG-6,MBON_P2P,,no,25x25cm,,AP14-15-16-18
AP180504.jpg,2024-10-15,CHILE,BIOBIO,CONCEPCION,COCHOLGUE NORTE,HIGHTIDE,42,-36.594785,-72.97814333,,TG-6,MBON_P2P,,no,25x25cm,,AP14-15-16-18
AP180505.jpg,2024-10-15,CHILE,BIOBIO,CONCEPCION,COCHOLGUE NORTE,HIGHTIDE,42,-36.59484167,-72.97825167,,TG-6,MBON_P2P,,no,25x25cm,,AP14-15-16-18
AP180506.jpg,2024-10-15,CHILE,BIOBIO,CONCEPCION,COCHOLGUE NORTE,HIGHTIDE,42,-36.59484167,-72.97825167,,TG-6,MBON_P2P,,no,25x25cm,,AP14-15-16-18
AP180507.jpg,2024-10-15,CHILE,BIOBIO,CONCEPCION,COCHOLGUE NORTE,HIGHTIDE,42,-36.59484667,-72.97844167,,TG-6,MBON_P2P,,no,25x25cm,,AP14-15-16-18
AP180508.jpg,2024-10-15,CHILE,BIOBIO,CONCEPCION,COCHOLGUE NORTE,HIGHTIDE,42,-36.59484667,-72.97844167,,TG-6,MBON_P2P,,no,25x25cm,,AP14-15-16-18
AP180509.jpg,2024-10-15,CHILE,BIOBIO,CONCEPCION,COCHOLGUE NORTE,HIGHTIDE,42,-36.59485,-72.97844,,TG-6,MBON_P2P,,no,25x25cm,,AP14-15-16-18
AP180510.jpg,2024-10-15,CHILE,BIOBIO,CONCEPCION,COCHOLGUE NORTE,HIGHTIDE,42,-36.59483167,-72.97846833,,TG-6,MBON_P2P,,no,25x25cm,,AP14-15-16-18
AP180511.jpg,2024-10-15,CHILE,BIOBIO,CONCEPCION,COCHOLGUE NORTE,HIGHTIDE,42,-36.59483167,-72.97846833,,TG-6,MBON_P2P,,no,25x25cm,,AP14-15-16-18
AP180512.jpg,2024-10-15,CHILE,BIOBIO,CONCEPCION,COCHOLGUE NORTE,HIGHTIDE,42,-36.59481667,-72.97847833,,TG-6,MBON_P2P,,no,25x25cm,,AP14-15-16-18
AP180513.jpg,2024-10-15,CHILE,BIOBIO,CONCEPCION,COCHOLGUE NORTE,HIGHTIDE,42,-36.59481667,-72.97847833,,TG-6,MBON_P2P,,no,25x25cm,,AP14-15-16-18
AP180514.jpg,2024-10-15,CHILE,BIOBIO,CONCEPCION,COCHOLGUE NORTE,HIGHTIDE,42,-36.59483,-72.97848667,,TG-6,MBON_P2P,,no,25x25cm,,AP14-15-16-18
AP180515.jpg,2024-10-15,CHILE,BIOBIO,CONCEPCION,COCHOLGUE NORTE,HIGHTIDE,42,-36.59483,-72.97848667,,TG-6,MBON_P2P,,no,25x25cm,,AP14-15-16-18
AP180516.jpg,2024-10-15,CHILE,BIOBIO,CONCEPCION,COCHOLGUE NORTE,HIGHTIDE,42,-36.59484,-72.97849167,,TG-6,MBON_P2P,,no,25x25cm,,AP14-15-16-18
AP180517.jpg,2024-10-15,CHILE,BIOBIO,CONCEPCION,COCHOLGUE NORTE,HIGHTIDE,42,-36.59484,-72.97849167,,TG-6,MBON_P2P,,no,25x25cm,,AP14-15-16-18
AP180518.jpg,2024-10-15,CHILE,BIOBIO,CONCEPCION,COCHOLGUE NORTE,HIGHTIDE,42,-36.59479333,-72.97848833,,TG-6,MBON_P2P,,no,25x25cm,,AP14-15-16-18
AP180519.jpg,2024-10-15,CHILE,BIOBIO,CONCEPCION,COCHOLGUE NORTE,HIGHTIDE,42,-36.594725,-72.97850167,,TG-6,MBON_P2P,,no,25x25cm,,AP14-15-16-18
AP180520.jpg,2024-10-15,CHILE,BIOBIO,CONCEPCION,COCHOLGUE NORTE,HIGHTIDE,42,-36.59457167,-72.978505,,TG-6,MBON_P2P,,no,25x25cm,,AP14-15-16-18
AP180521.jpg,2024-10-15,CHILE,BIOBIO,CONCEPCION,COCHOLGUE NORTE,HIGHTIDE,42,-36.59453,-72.97850667,,TG-6,MBON_P2P,,no,25x25cm,,AP14-15-16-18
AP180522.jpg,2024-10-15,CHILE,BIOBIO,CONCEPCION,COCHOLGUE NORTE,HIGHTIDE,42,-36.59453,-72.97850667,,TG-6,MBON_P2P,,no,25x25cm,,AP14-15-16-18
AP180523.jpg,2024-10-15,CHILE,BIOBIO,CONCEPCION,COCHOLGUE NORTE,HIGHTIDE,42,-36.59456167,-72.97850667,,TG-6,MBON_P2P,,no,25x25cm,,AP14-15-16-18
AP180524.jpg,2024-10-15,CHILE,BIOBIO,CONCEPCION,COCHOLGUE NORTE,HIGHTIDE,42,-36.59456167,-72.97850667,,TG-6,MBON_P2P,,no,25x25cm,,AP14-15-16-18
AP180525.jpg,2024-10-15,CHILE,BIOBIO,CONCEPCION,COCHOLGUE NORTE,HIGHTIDE,42,-36.59454167,-72.97852,,TG-6,MBON_P2P,,no,25x25cm,,AP14-15-16-18
AP180526.jpg,2024-10-15,CHILE,BIOBIO,CONCEPCION,COCHOLGUE NORTE,HIGHTIDE,42,-36.59454167,-72.97852,,TG-6,MBON_P2P,,no,25x25cm,,AP14-15-16-18
AP180527.jpg,2024-10-15,CHILE,BIOBIO,CONCEPCION,COCHOLGUE NORTE,HIGHTIDE,42,-36.59453333,-72.97853167,,TG-6,MBON_P2P,,no,25x25cm,,AP14-15-16-18
AP180528.jpg,2024-10-15,CHILE,BIOBIO,CONCEPCION,COCHOLGUE NORTE,HIGHTIDE,42,-36.59453333,-72.97853167,,TG-6,MBON_P2P,,no,25x25cm,,AP14-15-16-18
AP180529.jpg,2024-10-15,CHILE,BIOBIO,CONCEPCION,COCHOLGUE NORTE,HIGHTIDE,42,-36.59453333,-72.97853167,,TG-6,MBON_P2P,,no,25x25cm,,AP14-15-16-18
AP180530.jpg,2024-10-15,CHILE,BIOBIO,CONCEPCION,COCHOLGUE NORTE,HIGHTIDE,42,-36.594525,-72.97851333,,TG-6,MBON_P2P,,no,25x25cm,,AP14-15-16-18
AP180531.jpg,2024-10-15,CHILE,BIOBIO,CONCEPCION,COCHOLGUE NORTE,HIGHTIDE,42,-36.594525,-72.97851333,,TG-6,MBON_P2P,,no,25x25cm,,AP14-15-16-18
AP180532.jpg,2024-10-15,CHILE,BIOBIO,CONCEPCION,COCHOLGUE NORTE,HIGHTIDE,42,-36.594525,-72.97851333,,TG-6,MBON_P2P,,no,25x25cm,,AP14-15-16-18
AP180533.jpg,2024-10-15,CHILE,BIOBIO,CONCEPCION,COCHOLGUE NORTE,HIGHTIDE,42,-36.594525,-72.97851333,,TG-6,MBON_P2P,,no,25x25cm,,AP14-15-16-18
AP180534.jpg,2024-10-15,CHILE,BIOBIO,CONCEPCION,COCHOLGUE NORTE,HIGHTIDE,42,-36.59452333,-72.97851333,,TG-6,MBON_P2P,,no,25x25cm,,AP14-15-16-18
AP180535.jpg,2024-10-15,CHILE,BIOBIO,CONCEPCION,COCHOLGUE NORTE,HIGHTIDE,42,-36.59452333,-72.97851333,,TG-6,MBON_P2P,,no,25x25cm,,AP14-15-16-18
AP180536.jpg,2024-10-15,CHILE,BIOBIO,CONCEPCION,COCHOLGUE NORTE,HIGHTIDE,42,-36.59452333,-72.97851333,,TG-6,MBON_P2P,,no,25x25cm,,AP14-15-16-18
AP180537.jpg,2024-10-15,CHILE,BIOBIO,CONCEPCION,COCHOLGUE NORTE,HIGHTIDE,42,-36.59448,-72.97848667,,TG-6,MBON_P2P,,no,25x25cm,,AP14-15-16-18
AP180538.jpg,2024-10-15,CHILE,BIOBIO,CONCEPCION,COCHOLGUE NORTE,HIGHTIDE,42,-36.594455,-72.97853333,,TG-6,MBON_P2P,,no,25x25cm,,AP14-15-16-18
AP180539.jpg,2024-10-15,CHILE,BIOBIO,CONCEPCION,COCHOLGUE NORTE,HIGHTIDE,42,-36.594455,-72.97853333,,TG-6,MBON_P2P,,no,25x25cm,,AP14-15-16-18
AP180540.jpg,2024-10-15,CHILE,BIOBIO,CONCEPCION,COCHOLGUE NORTE,HIGHTIDE,42,-36.59443333,-72.97854167,,TG-6,MBON_P2P,,no,25x25cm,,AP14-15-16-18
AP180541.jpg,2024-10-15,CHILE,BIOBIO,CONCEPCION,COCHOLGUE NORTE,HIGHTIDE,42,-36.59443333,-72.97854167,,TG-6,MBON_P2P,,no,25x25cm,,AP14-15-16-18
AP180542.jpg,2024-10-15,CHILE,BIOBIO,CONCEPCION,COCHOLGUE NORTE,HIGHTIDE,42,-36.59441,-72.97851667,,TG-6,MBON_P2P,,no,25x25cm,,AP14-15-16-18
AP180543.jpg,2024-10-15,CHILE,BIOBIO,CONCEPCION,COCHOLGUE NORTE,HIGHTIDE,42,-36.59434833,-72.97856333,,TG-6,MBON_P2P,,no,25x25cm,,AP14-15-16-18
AP180544.jpg,2024-10-15,CHILE,BIOBIO,CONCEPCION,COCHOLGUE NORTE,HIGHTIDE,42,-36.59434833,-72.97856333,,TG-6,MBON_P2P,,no,25x25cm,,AP14-15-16-18
AP180545.jpg,2024-10-15,CHILE,BIOBIO,CONCEPCION,COCHOLGUE NORTE,HIGHTIDE,42,-36.59434167,-72.978555,,TG-6,MBON_P2P,,no,25x25cm,,AP14-15-16-18
AP180546.jpg,2024-10-15,CHILE,BIOBIO,CONCEPCION,COCHOLGUE NORTE,HIGHTIDE,42,-36.59434167,-72.978555,,TG-6,MBON_P2P,,no,25x25cm,,AP14-15-16-18
AP180547.jpg,2024-10-15,CHILE,BIOBIO,CONCEPCION,COCHOLGUE NORTE,HIGHTIDE,42,-36.59434,-72.978555,,TG-6,MBON_P2P,,no,25x25cm,,AP14-15-16-18
AP180548.jpg,2024-10-15,CHILE,BIOBIO,CONCEPCION,COCHOLGUE NORTE,HIGHTIDE,42,-36.59434,-72.978555,,TG-6,MBON_P2P,,no,25x25cm,,AP14-15-16-18
AP180549.jpg,2024-10-15,CHILE,BIOBIO,CONCEPCION,COCHOLGUE NORTE,HIGHTIDE,42,-36.59434,-72.978555,,TG-6,MBON_P2P,,no,25x25cm,,AP14-15-16-18
AP180550.jpg,2024-10-15,CHILE,BIOBIO,CONCEPCION,COCHOLGUE NORTE,HIGHTIDE,42,-36.59434,-72.978555,,TG-6,MBON_P2P,,no,25x25cm,,AP14-15-16-18
AP180551.jpg,2024-10-15,CHILE,BIOBIO,CONCEPCION,COCHOLGUE NORTE,HIGHTIDE,42,-36.59434,-72.978555,,TG-6,MBON_P2P,,no,25x25cm,,AP14-15-16-18
AP180552.jpg,2024-10-15,CHILE,BIOBIO,CONCEPCION,COCHOLGUE NORTE,HIGHTIDE,42,-36.59434,-72.978555,,TG-6,MBON_P2P,,no,25x25cm,,AP14-15-16-18
AP180553.jpg,2024-10-15,CHILE,BIOBIO,CONCEPCION,COCHOLGUE NORTE,HIGHTIDE,42,-36.59432667,-72.97856167,,TG-6,MBON_P2P,,no,25x25cm,,AP14-15-16-18
AP180554.jpg,2024-10-15,CHILE,BIOBIO,CONCEPCION,COCHOLGUE NORTE,HIGHTIDE,42,-36.59432667,-72.97856167,,TG-6,MBON_P2P,,no,25x25cm,,AP14-15-16-18
AP180555.jpg,2024-10-15,CHILE,BIOBIO,CONCEPCION,COCHOLGUE NORTE,HIGHTIDE,42,-36.59432333,-72.97854167,,TG-6,MBON_P2P,,no,25x25cm,,AP14-15-16-18
AP180556.jpg,2024-10-15,CHILE,BIOBIO,CONCEPCION,COCHOLGUE NORTE,HIGHTIDE,42,-36.59432333,-72.97854167,,TG-6,MBON_P2P,,no,25x25cm,,AP14-15-16-18
AP180557.jpg,2024-10-15,CHILE,BIOBIO,CONCEPCION,COCHOLGUE NORTE,HIGHTIDE,42,-36.59432333,-72.97854167,,TG-6,MBON_P2P,,no,25x25cm,,AP14-15-16-18
AP180558.jpg,2024-10-15,CHILE,BIOBIO,CONCEPCION,COCHOLGUE NORTE,HIGHTIDE,42,-36.59432333,-72.97854167,,TG-6,MBON_P2P,,no,25x25cm,,AP14-15-16-18
AP180559.jpg,2024-10-15,CHILE,BIOBIO,CONCEPCION,COCHOLGUE NORTE,HIGHTIDE,42,-36.59431333,-72.97856,,TG-6,MBON_P2P,,no,25x25cm,,AP14-15-16-18
AP180560.jpg,2024-10-15,CHILE,BIOBIO,CONCEPCION,COCHOLGUE NORTE,HIGHTIDE,42,-36.59430833,-72.97854667,,TG-6,MBON_P2P,,no,25x25cm,,AP14-15-16-18
AP180562.jpg,2024-10-15,CHILE,BIOBIO,CONCEPCION,COCHOLGUE NORTE,MIDTIDE,42,-36.59419167,-72.97855667,,TG-6,MBON_P2P,,no,25x25cm,,AP14-15-16-18
AP180563.jpg,2024-10-15,CHILE,BIOBIO,CONCEPCION,COCHOLGUE NORTE,MIDTIDE,42,-36.59411167,-72.97865333,,TG-6,MBON_P2P,,no,25x25cm,,AP14-15-16-18
AP180564.jpg,2024-10-15,CHILE,BIOBIO,CONCEPCION,COCHOLGUE NORTE,MIDTIDE,42,-36.59411167,-72.97865333,,TG-6,MBON_P2P,,no,25x25cm,,AP14-15-16-18
AP180565.jpg,2024-10-15,CHILE,BIOBIO,CONCEPCION,COCHOLGUE NORTE,MIDTIDE,42,-36.59414167,-72.97864833,,TG-6,MBON_P2P,,no,25x25cm,,AP14-15-16-18
AP180566.jpg,2024-10-15,CHILE,BIOBIO,CONCEPCION,COCHOLGUE NORTE,MIDTIDE,42,-36.59414167,-72.97864833,,TG-6,MBON_P2P,,no,25x25cm,,AP14-15-16-18
AP180567.jpg,2024-10-15,CHILE,BIOBIO,CONCEPCION,COCHOLGUE NORTE,MIDTIDE,42,-36.59414167,-72.97864833,,TG-6,MBON_P2P,,no,25x25cm,,AP14-15-16-18
AP180568.jpg,2024-10-15,CHILE,BIOBIO,CONCEPCION,COCHOLGUE NORTE,MIDTIDE,42,-36.59414333,-72.97866,,TG-6,MBON_P2P,,no,25x25cm,,AP14-15-16-18
AP180569.jpg,2024-10-15,CHILE,BIOBIO,CONCEPCION,COCHOLGUE NORTE,MIDTIDE,42,-36.59414333,-72.97866,,TG-6,MBON_P2P,,no,25x25cm,,AP14-15-16-18
AP180570.jpg,2024-10-15,CHILE,BIOBIO,CONCEPCION,COCHOLGUE NORTE,MIDTIDE,42,-36.59414333,-72.97866,,TG-6,MBON_P2P,,no,25x25cm,,AP14-15-16-18
AP180571.jpg,2024-10-15,CHILE,BIOBIO,CONCEPCION,COCHOLGUE NORTE,MIDTIDE,42,-36.59413667,-72.97867167,,TG-6,MBON_P2P,,no,25x25cm,,AP14-15-16-18
AP180572.jpg,2024-10-15,CHILE,BIOBIO,CONCEPCION,COCHOLGUE NORTE,MIDTIDE,42,-36.59413667,-72.97867167,,TG-6,MBON_P2P,,no,25x25cm,,AP14-15-16-18
AP180573.jpg,2024-10-15,CHILE,BIOBIO,CONCEPCION,COCHOLGUE NORTE,MIDTIDE,42,-36.59414167,-72.97867833,,TG-6,MBON_P2P,,no,25x25cm,,AP14-15-16-18
AP180574.jpg,2024-10-15,CHILE,BIOBIO,CONCEPCION,COCHOLGUE NORTE,MIDTIDE,42,-36.59414167,-72.97867833,,TG-6,MBON_P2P,,no,25x25cm,,AP14-15-16-18
AP180575.jpg,2024-10-15,CHILE,BIOBIO,CONCEPCION,COCHOLGUE NORTE,MIDTIDE,42,-36.59414167,-72.97867833,,TG-6,MBON_P2P,,no,25x25cm,,AP14-15-16-18
AP180576.jpg,2024-10-15,CHILE,BIOBIO,CONCEPCION,COCHOLGUE NORTE,MIDTIDE,42,-36.59414167,-72.97869,,TG-6,MBON_P2P,,no,25x25cm,,AP14-15-16-18
AP180577.jpg,2024-10-15,CHILE,BIOBIO,CONCEPCION,COCHOLGUE NORTE,MIDTIDE,42,-36.59414167,-72.97869,,TG-6,MBON_P2P,,no,25x25cm,,AP14-15-16-18
AP180578.jpg,2024-10-15,CHILE,BIOBIO,CONCEPCION,COCHOLGUE NORTE,MIDTIDE,42,-36.59414167,-72.97867833,,TG-6,MBON_P2P,,no,25x25cm,,AP14-15-16-18
AP180579.jpg,2024-10-15,CHILE,BIOBIO,CONCEPCION,COCHOLGUE NORTE,MIDTIDE,42,-36.59414167,-72.97867833,,TG-6,MBON_P2P,,no,25x25cm,,AP14-15-16-18
AP180580.jpg,2024-10-15,CHILE,BIOBIO,CONCEPCION,COCHOLGUE NORTE,MIDTIDE,42,-36.59414,-72.97868,,TG-6,MBON_P2P,,no,25x25cm,,AP14-15-16-18
AP180581.jpg,2024-10-15,CHILE,BIOBIO,CONCEPCION,COCHOLGUE NORTE,MIDTIDE,42,-36.59414,-72.97868,,TG-6,MBON_P2P,,no,25x25cm,,AP14-15-16-18
AP180582.jpg,2024-10-15,CHILE,BIOBIO,CONCEPCION,COCHOLGUE NORTE,MIDTIDE,42,-36.59414,-72.97868,,TG-6,MBON_P2P,,no,25x25cm,,AP14-15-16-18
AP180583.jpg,2024-10-15,CHILE,BIOBIO,CONCEPCION,COCHOLGUE NORTE,MIDTIDE,42,-36.59414,-72.97868,,TG-6,MBON_P2P,,no,25x25cm,,AP14-15-16-18
AP180584.jpg,2024-10-15,CHILE,BIOBIO,CONCEPCION,COCHOLGUE NORTE,MIDTIDE,42,-36.59414,-72.97868,,TG-6,MBON_P2P,,no,25x25cm,,AP14-15-16-18
AP180585.jpg,2024-10-15,CHILE,BIOBIO,CONCEPCION,COCHOLGUE NORTE,MIDTIDE,42,-36.59414,-72.97868167,,TG-6,MBON_P2P,,no,25x25cm,,AP14-15-16-18
AP180586.jpg,2024-10-15,CHILE,BIOBIO,CONCEPCION,COCHOLGUE NORTE,MIDTIDE,42,-36.59414,-72.97868167,,TG-6,MBON_P2P,,no,25x25cm,,AP14-15-16-18
AP180587.jpg,2024-10-15,CHILE,BIOBIO,CONCEPCION,COCHOLGUE NORTE,MIDTIDE,42,-36.59414,-72.97868167,,TG-6,MBON_P2P,,no,25x25cm,,AP14-15-16-18
AP180588.jpg,2024-10-15,CHILE,BIOBIO,CONCEPCION,COCHOLGUE NORTE,MIDTIDE,42,-36.59414,-72.97868167,,TG-6,MBON_P2P,,no,25x25cm,,AP14-15-16-18
AP180589.jpg,2024-10-15,CHILE,BIOBIO,CONCEPCION,COCHOLGUE NORTE,MIDTIDE,42,-36.59414,-72.97868167,,TG-6,MBON_P2P,,no,25x25cm,,AP14-15-16-18
AP180590.jpg,2024-10-15,CHILE,BIOBIO,CONCEPCION,COCHOLGUE NORTE,MIDTIDE,42,-36.59413833,-72.97868167,,TG-6,MBON_P2P,,no,25x25cm,,AP14-15-16-18
AP180591.jpg,2024-10-15,CHILE,BIOBIO,CONCEPCION,COCHOLGUE NORTE,MIDTIDE,42,-36.59413833,-72.97868167,,TG-6,MBON_P2P,,no,25x25cm,,AP14-15-16-18
AP180592.jpg,2024-10-15,CHILE,BIOBIO,CONCEPCION,COCHOLGUE NORTE,MIDTIDE,42,-36.59413833,-72.97868167,,TG-6,MBON_P2P,,no,25x25cm,,AP14-15-16-18
AP180593.jpg,2024-10-15,CHILE,BIOBIO,CONCEPCION,COCHOLGUE NORTE,MIDTIDE,42,-36.59413667,-72.97868333,,TG-6,MBON_P2P,,no,25x25cm,,AP14-15-16-18
AP180594.jpg,2024-10-15,CHILE,BIOBIO,CONCEPCION,COCHOLGUE NORTE,MIDTIDE,42,-36.59413667,-72.97868333,,TG-6,MBON_P2P,,no,25x25cm,,AP14-15-16-18
AP180595.jpg,2024-10-15,CHILE,BIOBIO,CONCEPCION,COCHOLGUE NORTE,MIDTIDE,42,-36.59409167,-72.97867,,TG-6,MBON_P2P,,no,25x25cm,,AP14-15-16-18
AP180596.jpg,2024-10-15,CHILE,BIOBIO,CONCEPCION,COCHOLGUE NORTE,MIDTIDE,42,-36.59406333,-72.97868667,,TG-6,MBON_P2P,,no,25x25cm,,AP14-15-16-18
AP180597.jpg,2024-10-15,CHILE,BIOBIO,CONCEPCION,COCHOLGUE NORTE,MIDTIDE,42,-36.59406333,-72.97868667,,TG-6,MBON_P2P,,no,25x25cm,,AP14-15-16-18
AP180598.jpg,2024-10-15,CHILE,BIOBIO,CONCEPCION,COCHOLGUE NORTE,MIDTIDE,42,-36.59406333,-72.97868667,,TG-6,MBON_P2P,,no,25x25cm,,AP14-15-16-18
AP180599.jpg,2024-10-15,CHILE,BIOBIO,CONCEPCION,COCHOLGUE NORTE,MIDTIDE,42,-36.59406333,-72.97868667,,TG-6,MBON_P2P,,no,25x25cm,,AP14-15-16-18
AP180600.jpg,2024-10-15,CHILE,BIOBIO,CONCEPCION,COCHOLGUE NORTE,MIDTIDE,42,-36.59406333,-72.97868667,,TG-6,MBON_P2P,,no,25x25cm,,AP14-15-16-18
AP180601.jpg,2024-10-15,CHILE,BIOBIO,CONCEPCION,COCHOLGUE NORTE,MIDTIDE,42,-36.59405667,-72.97869667,,TG-6,MBON_P2P,,no,25x25cm,,AP14-15-16-18
AP180602.jpg,2024-10-15,CHILE,BIOBIO,CONCEPCION,COCHOLGUE NORTE,MIDTIDE,42,-36.594045,-72.97873833,,TG-6,MBON_P2P,,no,25x25cm,,AP14-15-16-18
AP180603.jpg,2024-10-15,CHILE,BIOBIO,CONCEPCION,COCHOLGUE NORTE,MIDTIDE,42,-36.59402833,-72.97874333,,TG-6,MBON_P2P,,no,25x25cm,,AP14-15-16-18
AP180604.jpg,2024-10-15,CHILE,BIOBIO,CONCEPCION,COCHOLGUE NORTE,MIDTIDE,42,-36.59401,-72.97874833,,TG-6,MBON_P2P,,no,25x25cm,,AP14-15-16-18
AP180605.jpg,2024-10-15,CHILE,BIOBIO,CONCEPCION,COCHOLGUE NORTE,MIDTIDE,42,-36.59401,-72.97874833,,TG-6,MBON_P2P,,no,25x25cm,,AP14-15-16-18
AP180606.jpg,2024-10-15,CHILE,BIOBIO,CONCEPCION,COCHOLGUE NORTE,MIDTIDE,42,-36.59391833,-72.97880667,,TG-6,MBON_P2P,,no,25x25cm,,AP14-15-16-18
AP180607.jpg,2024-10-15,CHILE,BIOBIO,CONCEPCION,COCHOLGUE NORTE,MIDTIDE,42,-36.59391833,-72.97880667,,TG-6,MBON_P2P,,no,25x25cm,,AP14-15-16-18
AP180608.jpg,2024-10-15,CHILE,BIOBIO,CONCEPCION,COCHOLGUE NORTE,MIDTIDE,42,-36.59390333,-72.97881333,,TG-6,MBON_P2P,,no,25x25cm,,AP14-15-16-18
AP180609.jpg,2024-10-15,CHILE,BIOBIO,CONCEPCION,COCHOLGUE NORTE,MIDTIDE,42,-36.59390333,-72.97881333,,TG-6,MBON_P2P,,no,25x25cm,,AP14-15-16-18
AP180610.jpg,2024-10-15,CHILE,BIOBIO,CONCEPCION,COCHOLGUE NORTE,MIDTIDE,42,-36.59390333,-72.978815,,TG-6,MBON_P2P,,no,25x25cm,,AP14-15-16-18
AP180611.jpg,2024-10-15,CHILE,BIOBIO,CONCEPCION,COCHOLGUE NORTE,MIDTIDE,42,-36.59390333,-72.978815,,TG-6,MBON_P2P,,no,25x25cm,,AP14-15-16-18
AP180612.jpg,2024-10-15,CHILE,BIOBIO,CONCEPCION,COCHOLGUE NORTE,MIDTIDE,42,-36.59391,-72.97881,,TG-6,MBON_P2P,,no,25x25cm,,AP14-15-16-18
AP180613.jpg,2024-10-15,CHILE,BIOBIO,CONCEPCION,COCHOLGUE NORTE,MIDTIDE,42,-36.59390833,-72.97881,,TG-6,MBON_P2P,,no,25x25cm,,AP14-15-16-18
AP180614.jpg,2024-10-15,CHILE,BIOBIO,CONCEPCION,COCHOLGUE NORTE,MIDTIDE,42,-36.59390833,-72.97881,,TG-6,MBON_P2P,,no,25x25cm,,AP14-15-16-18
AP180615.jpg,2024-10-15,CHILE,BIOBIO,CONCEPCION,COCHOLGUE NORTE,MIDTIDE,42,-36.593925,-72.97882167,,TG-6,MBON_P2P,,no,25x25cm,,AP14-15-16-18
AP180616.jpg,2024-10-15,CHILE,BIOBIO,CONCEPCION,COCHOLGUE NORTE,MIDTIDE,42,-36.59393333,-72.97883833,,TG-6,MBON_P2P,,no,25x25cm,,AP14-15-16-18
AP180617.jpg,2024-10-15,CHILE,BIOBIO,CONCEPCION,COCHOLGUE NORTE,MIDTIDE,42,-36.59393333,-72.97883833,,TG-6,MBON_P2P,,no,25x25cm,,AP14-15-16-18
AP180618.jpg,2024-10-15,CHILE,BIOBIO,CONCEPCION,COCHOLGUE NORTE,MIDTIDE,42,-36.59393333,-72.97884,,TG-6,MBON_P2P,,no,25x25cm,,AP14-15-16-18
AP180619.jpg,2024-10-15,CHILE,BIOBIO,CONCEPCION,COCHOLGUE NORTE,MIDTIDE,42,-36.59393333,-72.97884,,TG-6,MBON_P2P,,no,25x25cm,,AP14-15-16-18
AP180620.jpg,2024-10-15,CHILE,BIOBIO,CONCEPCION,COCHOLGUE NORTE,MIDTIDE,42,-36.593925,-72.97882667,,TG-6,MBON_P2P,,no,25x25cm,,AP14-15-16-18
AP180621.jpg,2024-10-15,CHILE,BIOBIO,CONCEPCION,COCHOLGUE NORTE,MIDTIDE,42,-36.59391,-72.97882333,,TG-6,MBON_P2P,,no,25x25cm,,AP14-15-16-18
AP180622.jpg,2024-10-15,CHILE,BIOBIO,CONCEPCION,COCHOLGUE NORTE,MIDTIDE,42,-36.593905,-72.97882333,,TG-6,MBON_P2P,,no,25x25cm,,AP14-15-16-18
AP180624.jpg,2024-10-15,CHILE,BIOBIO,CONCEPCION,COCHOLGUE NORTE,LOWTIDE,42,-36.59390333,-72.97883167,,TG-6,MBON_P2P,,no,25x25cm,,AP14-15-16-18
AP180625.jpg,2024-10-15,CHILE,BIOBIO,CONCEPCION,COCHOLGUE NORTE,LOWTIDE,42,-36.59390333,-72.97883333,,TG-6,MBON_P2P,,no,25x25cm,,AP14-15-16-18
AP180626.jpg,2024-10-15,CHILE,BIOBIO,CONCEPCION,COCHOLGUE NORTE,LOWTIDE,42,-36.5939,-72.97883833,,TG-6,MBON_P2P,,no,25x25cm,,AP14-15-16-18
AP180627.jpg,2024-10-15,CHILE,BIOBIO,CONCEPCION,COCHOLGUE NORTE,LOWTIDE,42,-36.5939,-72.97884,,TG-6,MBON_P2P,,no,25x25cm,,AP14-15-16-18
AP180628.jpg,2024-10-15,CHILE,BIOBIO,CONCEPCION,COCHOLGUE NORTE,LOWTIDE,42,-36.59389833,-72.97884333,,TG-6,MBON_P2P,,no,25x25cm,,AP14-15-16-18
AP180629.jpg,2024-10-15,CHILE,BIOBIO,CONCEPCION,COCHOLGUE NORTE,LOWTIDE,42,-36.5939,-72.978845,,TG-6,MBON_P2P,,no,25x25cm,,AP14-15-16-18
AP180630.jpg,2024-10-15,CHILE,BIOBIO,CONCEPCION,COCHOLGUE NORTE,LOWTIDE,42,-36.59388333,-72.97890167,,TG-6,MBON_P2P,,no,25x25cm,,AP14-15-16-18
AP180631.jpg,2024-10-15,CHILE,BIOBIO,CONCEPCION,COCHOLGUE NORTE,LOWTIDE,42,-36.59387833,-72.97891833,,TG-6,MBON_P2P,,no,25x25cm,,AP14-15-16-18
AP180632.jpg,2024-10-15,CHILE,BIOBIO,CONCEPCION,COCHOLGUE NORTE,LOWTIDE,42,-36.59386833,-72.97891833,,TG-6,MBON_P2P,,no,25x25cm,,AP14-15-16-18
AP180633.jpg,2024-10-15,CHILE,BIOBIO,CONCEPCION,COCHOLGUE NORTE,LOWTIDE,42,-36.59388,-72.97891,,TG-6,MBON_P2P,,no,25x25cm,,AP14-15-16-18
AP180634.jpg,2024-10-15,CHILE,BIOBIO,CONCEPCION,COCHOLGUE NORTE,LOWTIDE,42,-36.59388,-72.97891,,TG-6,MBON_P2P,,no,25x25cm,,AP14-15-16-18
AP180635.jpg,2024-10-15,CHILE,BIOBIO,CONCEPCION,COCHOLGUE NORTE,LOWTIDE,42,-36.593885,-72.978895,,TG-6,MBON_P2P,,no,25x25cm,,AP14-15-16-18
AP180636.jpg,2024-10-15,CHILE,BIOBIO,CONCEPCION,COCHOLGUE NORTE,LOWTIDE,42,-36.593885,-72.97889667,,TG-6,MBON_P2P,,no,25x25cm,,AP14-15-16-18
AP180637.jpg,2024-10-15,CHILE,BIOBIO,CONCEPCION,COCHOLGUE NORTE,LOWTIDE,42,-36.593895,-72.9789,,TG-6,MBON_P2P,,no,25x25cm,,AP14-15-16-18
AP180638.jpg,2024-10-15,CHILE,BIOBIO,CONCEPCION,COCHOLGUE NORTE,LOWTIDE,42,-36.593895,-72.97890333,,TG-6,MBON_P2P,,no,25x25cm,,AP14-15-16-18
AP180639.jpg,2024-10-15,CHILE,BIOBIO,CONCEPCION,COCHOLGUE NORTE,LOWTIDE,42,-36.59388333,-72.97888833,,TG-6,MBON_P2P,,no,25x25cm,,AP14-15-16-18
AP180640.jpg,2024-10-15,CHILE,BIOBIO,CONCEPCION,COCHOLGUE NORTE,LOWTIDE,42,-36.59388333,-72.97889,,TG-6,MBON_P2P,,no,25x25cm,,AP14-15-16-18
AP180641.jpg,2024-10-15,CHILE,BIOBIO,CONCEPCION,COCHOLGUE NORTE,LOWTIDE,42,-36.59388333,-72.97889167,,TG-6,MBON_P2P,,no,25x25cm,,AP14-15-16-18
AP180642.jpg,2024-10-15,CHILE,BIOBIO,CONCEPCION,COCHOLGUE NORTE,LOWTIDE,42,-36.59388333,-72.978895,,TG-6,MBON_P2P,,no,25x25cm,,AP14-15-16-18
AP180643.jpg,2024-10-15,CHILE,BIOBIO,CONCEPCION,COCHOLGUE NORTE,LOWTIDE,42,-36.59389667,-72.97890833,,TG-6,MBON_P2P,,no,25x25cm,,AP14-15-16-18
AP180644.jpg,2024-10-15,CHILE,BIOBIO,CONCEPCION,COCHOLGUE NORTE,LOWTIDE,42,-36.59389667,-72.97890833,,TG-6,MBON_P2P,,no,25x25cm,,AP14-15-16-18
AP180645.jpg,2024-10-15,CHILE,BIOBIO,CONCEPCION,COCHOLGUE NORTE,LOWTIDE,42,-36.59389667,-72.97891,,TG-6,MBON_P2P,,no,25x25cm,,AP14-15-16-18
AP180646.jpg,2024-10-15,CHILE,BIOBIO,CONCEPCION,COCHOLGUE NORTE,LOWTIDE,42,-36.593885,-72.97891167,,TG-6,MBON_P2P,,no,25x25cm,,AP14-15-16-18
AP180647.jpg,2024-10-15,CHILE,BIOBIO,CONCEPCION,COCHOLGUE NORTE,LOWTIDE,42,-36.59386667,-72.97891667,,TG-6,MBON_P2P,,no,25x25cm,,AP14-15-16-18
AP180648.jpg,2024-10-15,CHILE,BIOBIO,CONCEPCION,COCHOLGUE NORTE,LOWTIDE,42,-36.59386167,-72.97893667,,TG-6,MBON_P2P,,no,25x25cm,,AP14-15-16-18
AP180649.jpg,2024-10-15,CHILE,BIOBIO,CONCEPCION,COCHOLGUE NORTE,LOWTIDE,42,-36.59388333,-72.97893,,TG-6,MBON_P2P,,no,25x25cm,,AP14-15-16-18
AP180650.jpg,2024-10-15,CHILE,BIOBIO,CONCEPCION,COCHOLGUE NORTE,LOWTIDE,42,-36.593885,-72.97893,,TG-6,MBON_P2P,,no,25x25cm,,AP14-15-16-18
AP180651.jpg,2024-10-15,CHILE,BIOBIO,CONCEPCION,COCHOLGUE NORTE,LOWTIDE,42,-36.59388,-72.97893,,TG-6,MBON_P2P,,no,25x25cm,,AP14-15-16-18
AP180652.jpg,2024-10-15,CHILE,BIOBIO,CONCEPCION,COCHOLGUE NORTE,LOWTIDE,42,-36.59386833,-72.97892667,,TG-6,MBON_P2P,,no,25x25cm,,AP14-15-16-18
AP180653.jpg,2024-10-15,CHILE,BIOBIO,CONCEPCION,COCHOLGUE NORTE,LOWTIDE,42,-36.59386333,-72.978935,,TG-6,MBON_P2P,,no,25x25cm,,AP14-15-16-18
AP180654.jpg,2024-10-15,CHILE,BIOBIO,CONCEPCION,COCHOLGUE NORTE,LOWTIDE,42,-36.593865,-72.97893667,,TG-6,MBON_P2P,,no,25x25cm,,AP14-15-16-18
AP180655.jpg,2024-10-15,CHILE,BIOBIO,CONCEPCION,COCHOLGUE NORTE,LOWTIDE,42,-36.593865,-72.97893667,,TG-6,MBON_P2P,,no,25x25cm,,AP14-15-16-18
AP180656.jpg,2024-10-15,CHILE,BIOBIO,CONCEPCION,COCHOLGUE NORTE,LOWTIDE,42,-36.593865,-72.97893667,,TG-6,MBON_P2P,,no,25x25cm,,AP14-15-16-18
AP180657.jpg,2024-10-15,CHILE,BIOBIO,CONCEPCION,COCHOLGUE NORTE,LOWTIDE,42,-36.59391,-72.978905,,TG-6,MBON_P2P,,no,25x25cm,,AP14-15-16-18
AP180658.jpg,2024-10-15,CHILE,BIOBIO,CONCEPCION,COCHOLGUE NORTE,LOWTIDE,42,-36.59391,-72.978905,,TG-6,MBON_P2P,,no,25x25cm,,AP14-15-16-18
AP180659.jpg,2024-10-15,CHILE,BIOBIO,CONCEPCION,COCHOLGUE NORTE,LOWTIDE,42,-36.593915,-72.97889833,,TG-6,MBON_P2P,,no,25x25cm,,AP14-15-16-18
AP180660.jpg,2024-10-15,CHILE,BIOBIO,CONCEPCION,COCHOLGUE NORTE,LOWTIDE,42,-36.593915,-72.97889833,,TG-6,MBON_P2P,,no,25x25cm,,AP14-15-16-18
AP180661.jpg,2024-10-15,CHILE,BIOBIO,CONCEPCION,COCHOLGUE NORTE,LOWTIDE,42,-36.593925,-72.97889833,,TG-6,MBON_P2P,,no,25x25cm,,AP14-15-16-18
AP180662.jpg,2024-10-15,CHILE,BIOBIO,CONCEPCION,COCHOLGUE NORTE,LOWTIDE,42,-36.593925,-72.97889833,,TG-6,MBON_P2P,,no,25x25cm,,AP14-15-16-18
AP180663.jpg,2024-10-15,CHILE,BIOBIO,CONCEPCION,COCHOLGUE NORTE,LOWTIDE,42,-36.593925,-72.9789,,TG-6,MBON_P2P,,no,25x25cm,,AP14-15-16-18
AP180664.jpg,2024-10-15,CHILE,BIOBIO,CONCEPCION,COCHOLGUE NORTE,LOWTIDE,42,-36.593925,-72.97889167,,TG-6,MBON_P2P,,no,25x25cm,,AP14-15-16-18
AP180665.jpg,2024-10-15,CHILE,BIOBIO,CONCEPCION,COCHOLGUE NORTE,LOWTIDE,42,-36.593925,-72.97889167,,TG-6,MBON_P2P,,no,25x25cm,,AP14-15-16-18
AP180666.jpg,2024-10-15,CHILE,BIOBIO,CONCEPCION,COCHOLGUE NORTE,LOWTIDE,42,-36.59395333,-72.97895333,,TG-6,MBON_P2P,,no,25x25cm,,AP14-15-16-18
AP180667.jpg,2024-10-15,CHILE,BIOBIO,CONCEPCION,COCHOLGUE NORTE,LOWTIDE,42,-36.59395333,-72.97895333,,TG-6,MBON_P2P,,no,25x25cm,,AP14-15-16-18
AP180668.jpg,2024-10-15,CHILE,BIOBIO,CONCEPCION,COCHOLGUE NORTE,LOWTIDE,42,-36.59395333,-72.97895333,,TG-6,MBON_P2P,,no,25x25cm,,AP14-15-16-18
AP180669.jpg,2024-10-15,CHILE,BIOBIO,CONCEPCION,COCHOLGUE NORTE,LOWTIDE,42,-36.59395667,-72.978955,,TG-6,MBON_P2P,,no,25x25cm,,AP14-15-16-18
AP180670.jpg,2024-10-15,CHILE,BIOBIO,CONCEPCION,COCHOLGUE NORTE,LOWTIDE,42,-36.594,-72.978995,,TG-6,MBON_P2P,,no,25x25cm,,AP14-15-16-18
AP180671.jpg,2024-10-15,CHILE,BIOBIO,CONCEPCION,COCHOLGUE NORTE,LOWTIDE,42,-36.594,-72.978995,,TG-6,MBON_P2P,,no,25x25cm,,AP14-15-16-18
AP180672.jpg,2024-10-15,CHILE,BIOBIO,CONCEPCION,COCHOLGUE NORTE,LOWTIDE,42,-36.594,-72.978995,,TG-6,MBON_P2P,,no,25x25cm,,AP14-15-16-18
AP180673.jpg,2024-10-15,CHILE,BIOBIO,CONCEPCION,COCHOLGUE NORTE,LOWTIDE,42,-36.59400167,-72.978995,,TG-6,MBON_P2P,,no,25x25cm,,AP14-15-16-18
AP180674.jpg,2024-10-15,CHILE,BIOBIO,CONCEPCION,COCHOLGUE NORTE,LOWTIDE,42,-36.59400167,-72.978995,,TG-6,MBON_P2P,,no,25x25cm,,AP14-15-16-18
AP180675.jpg,2024-10-15,CHILE,BIOBIO,CONCEPCION,COCHOLGUE NORTE,LOWTIDE,42,-36.594015,-72.979005,,TG-6,MBON_P2P,,no,25x25cm,,AP14-15-16-18
AP180676.jpg,2024-10-15,CHILE,BIOBIO,CONCEPCION,COCHOLGUE NORTE,LOWTIDE,42,-36.594015,-72.979005,,TG-6,MBON_P2P,,no,25x25cm,,AP14-15-16-18
AP180677.jpg,2024-10-15,CHILE,BIOBIO,CONCEPCION,COCHOLGUE NORTE,LOWTIDE,42,-36.594005,-72.97900167,,TG-6,MBON_P2P,,no,25x25cm,,AP14-15-16-18
AP180678.jpg,2024-10-15,CHILE,BIOBIO,CONCEPCION,COCHOLGUE NORTE,LOWTIDE,42,-36.594005,-72.97899167,,TG-6,MBON_P2P,,no,25x25cm,,AP14-15-16-18
AP180679.jpg,2024-10-15,CHILE,BIOBIO,CONCEPCION,COCHOLGUE NORTE,LOWTIDE,42,-36.594035,-72.978975,,TG-6,MBON_P2P,,no,25x25cm,,AP14-15-16-18
AP180680.jpg,2024-10-15,CHILE,BIOBIO,CONCEPCION,COCHOLGUE NORTE,LOWTIDE,42,-36.594035,-72.978975,,TG-6,MBON_P2P,,no,25x25cm,,AP14-15-16-18
AP180681.jpg,2024-10-15,CHILE,BIOBIO,CONCEPCION,COCHOLGUE NORTE,LOWTIDE,42,-36.594035,-72.978975,,TG-6,MBON_P2P,,no,25x25cm,,AP14-15-16-18
AP180682.jpg,2024-10-15,CHILE,BIOBIO,CONCEPCION,COCHOLGUE NORTE,LOWTIDE,42,-36.59403667,-72.97897333,,TG-6,MBON_P2P,,no,25x25cm,,AP14-15-16-18
AP180683.jpg,2024-10-15,CHILE,BIOBIO,CONCEPCION,COCHOLGUE NORTE,LOWTIDE,42,-36.59403167,-72.978965,,TG-6,MBON_P2P,,no,25x25cm,,AP14-15-16-18
AP180684.jpg,2024-10-15,CHILE,BIOBIO,CONCEPCION,COCHOLGUE NORTE,LOWTIDE,42,-36.59403333,-72.978965,,TG-6,MBON_P2P,,no,25x25cm,,AP14-15-16-18
AP180685.jpg,2024-10-15,CHILE,BIOBIO,CONCEPCION,COCHOLGUE NORTE,LOWTIDE,42,-36.59403333,-72.978965,,TG-6,MBON_P2P,,no,25x25cm,,AP14-15-16-18
AP180686.jpg,2024-10-15,CHILE,BIOBIO,CONCEPCION,COCHOLGUE NORTE,LOWTIDE,42,-36.59403333,-72.978965,,TG-6,MBON_P2P,,no,25x25cm,,AP14-15-16-18
AP180687.jpg,2024-10-15,CHILE,BIOBIO,CONCEPCION,COCHOLGUE NORTE,LOWTIDE,42,-36.59403333,-72.978965,,TG-6,MBON_P2P,,no,25x25cm,,AP14-15-16-18
AP180692.jpg,2024-10-22,CHILE,BIOBIO,CONCEPCION,DICHATO,LOWTIDE,42,-36.54074667,-72.93463667,,TG-6,MBON_P2P,,no,25x25cm,,AP14-15-16-18
AP180693.jpg,2024-10-22,CHILE,BIOBIO,CONCEPCION,DICHATO,LOWTIDE,42,-36.54078833,-72.934525,,TG-6,MBON_P2P,,no,25x25cm,,AP14-15-16-18
AP180695.jpg,2024-10-22,CHILE,BIOBIO,CONCEPCION,DICHATO,LOWTIDE,42,-36.54079,-72.934525,,TG-6,MBON_P2P,,no,25x25cm,,AP14-15-16-18
AP180696.jpg,2024-10-22,CHILE,BIOBIO,CONCEPCION,DICHATO,LOWTIDE,42,-36.540785,-72.93449167,,TG-6,MBON_P2P,,no,25x25cm,,AP14-15-16-18
AP180697.jpg,2024-10-22,CHILE,BIOBIO,CONCEPCION,DICHATO,LOWTIDE,42,-36.540785,-72.93449167,,TG-6,MBON_P2P,,no,25x25cm,,AP14-15-16-18
AP180698.jpg,2024-10-22,CHILE,BIOBIO,CONCEPCION,DICHATO,LOWTIDE,42,-36.54070333,-72.93454,,TG-6,MBON_P2P,,no,25x25cm,,AP14-15-16-18
AP180699.jpg,2024-10-22,CHILE,BIOBIO,CONCEPCION,DICHATO,LOWTIDE,42,-36.54071167,-72.93453,,TG-6,MBON_P2P,,no,25x25cm,,AP14-15-16-18
AP180700.jpg,2024-10-22,CHILE,BIOBIO,CONCEPCION,DICHATO,LOWTIDE,42,-36.53946833,-72.933625,,TG-6,MBON_P2P,,no,25x25cm,,AP14-15-16-18
AP180701.jpg,2024-10-22,CHILE,BIOBIO,CONCEPCION,DICHATO,LOWTIDE,42,-36.539465,-72.93370667,,TG-6,MBON_P2P,,no,25x25cm,,AP14-15-16-18
AP180703.jpg,2024-10-22,CHILE,BIOBIO,CONCEPCION,DICHATO,MIDTIDE,42,-36.539455,-72.93370667,,TG-6,MBON_P2P,,no,25x25cm,,AP14-15-16-18
AP180704.jpg,2024-10-22,CHILE,BIOBIO,CONCEPCION,DICHATO,MIDTIDE,42,-36.53944833,-72.93372,,TG-6,MBON_P2P,,no,25x25cm,,AP14-15-16-18
AP180705.jpg,2024-10-22,CHILE,BIOBIO,CONCEPCION,DICHATO,MIDTIDE,42,-36.53944833,-72.93372333,,TG-6,MBON_P2P,,no,25x25cm,,AP14-15-16-18
AP180706.jpg,2024-10-22,CHILE,BIOBIO,CONCEPCION,DICHATO,MIDTIDE,42,-36.53944833,-72.93372333,,TG-6,MBON_P2P,,no,25x25cm,,AP14-15-16-18
AP180707.jpg,2024-10-22,CHILE,BIOBIO,CONCEPCION,DICHATO,MIDTIDE,42,-36.53944667,-72.933725,,TG-6,MBON_P2P,,no,25x25cm,,AP14-15-16-18
AP180708.jpg,2024-10-22,CHILE,BIOBIO,CONCEPCION,DICHATO,MIDTIDE,42,-36.53944167,-72.93373833,,TG-6,MBON_P2P,,no,25x25cm,,AP14-15-16-18
AP180709.jpg,2024-10-22,CHILE,BIOBIO,CONCEPCION,DICHATO,MIDTIDE,42,-36.53944167,-72.93373833,,TG-6,MBON_P2P,,no,25x25cm,,AP14-15-16-18
AP180710.jpg,2024-10-22,CHILE,BIOBIO,CONCEPCION,DICHATO,MIDTIDE,42,-36.53944167,-72.93374,,TG-6,MBON_P2P,,no,25x25cm,,AP14-15-16-18
AP180711.jpg,2024-10-22,CHILE,BIOBIO,CONCEPCION,DICHATO,MIDTIDE,42,-36.53944167,-72.93374,,TG-6,MBON_P2P,,no,25x25cm,,AP14-15-16-18
AP180712.jpg,2024-10-22,CHILE,BIOBIO,CONCEPCION,DICHATO,MIDTIDE,42,-36.53944167,-72.93374167,,TG-6,MBON_P2P,,no,25x25cm,,AP14-15-16-18
AP180713.jpg,2024-10-22,CHILE,BIOBIO,CONCEPCION,DICHATO,MIDTIDE,42,-36.53944167,-72.933745,,TG-6,MBON_P2P,,no,25x25cm,,AP14-15-16-18
AP180714.jpg,2024-10-22,CHILE,BIOBIO,CONCEPCION,DICHATO,MIDTIDE,42,-36.53945,-72.93373833,,TG-6,MBON_P2P,,no,25x25cm,,AP14-15-16-18
AP180715.jpg,2024-10-22,CHILE,BIOBIO,CONCEPCION,DICHATO,MIDTIDE,42,-36.53944167,-72.93374833,,TG-6,MBON_P2P,,no,25x25cm,,AP14-15-16-18
AP180716.jpg,2024-10-22,CHILE,BIOBIO,CONCEPCION,DICHATO,MIDTIDE,42,-36.53944,-72.93375333,,TG-6,MBON_P2P,,no,25x25cm,,AP14-15-16-18
AP180717.jpg,2024-10-22,CHILE,BIOBIO,CONCEPCION,DICHATO,MIDTIDE,42,-36.53944,-72.93375333,,TG-6,MBON_P2P,,no,25x25cm,,AP14-15-16-18
AP180718.jpg,2024-10-22,CHILE,BIOBIO,CONCEPCION,DICHATO,MIDTIDE,42,-36.53944,-72.93375333,,TG-6,MBON_P2P,,no,25x25cm,,AP14-15-16-18
AP180719.jpg,2024-10-22,CHILE,BIOBIO,CONCEPCION,DICHATO,MIDTIDE,42,-36.53944,-72.933755,,TG-6,MBON_P2P,,no,25x25cm,,AP14-15-16-18
AP180720.jpg,2024-10-22,CHILE,BIOBIO,CONCEPCION,DICHATO,MIDTIDE,42,-36.53943833,-72.933755,,TG-6,MBON_P2P,,no,25x25cm,,AP14-15-16-18
AP180721.jpg,2024-10-22,CHILE,BIOBIO,CONCEPCION,DICHATO,MIDTIDE,42,-36.53943167,-72.933765,,TG-6,MBON_P2P,,no,25x25cm,,AP14-15-16-18
AP180722.jpg,2024-10-22,CHILE,BIOBIO,CONCEPCION,DICHATO,MIDTIDE,42,-36.53943167,-72.93376667,,TG-6,MBON_P2P,,no,25x25cm,,AP14-15-16-18
AP180723.jpg,2024-10-22,CHILE,BIOBIO,CONCEPCION,DICHATO,MIDTIDE,42,-36.53935833,-72.93380167,,TG-6,MBON_P2P,,no,25x25cm,,AP14-15-16-18
AP180724.jpg,2024-10-22,CHILE,BIOBIO,CONCEPCION,DICHATO,MIDTIDE,42,-36.539325,-72.93380833,,TG-6,MBON_P2P,,no,25x25cm,,AP14-15-16-18
AP180725.jpg,2024-10-22,CHILE,BIOBIO,CONCEPCION,DICHATO,MIDTIDE,42,-36.539325,-72.93380833,,TG-6,MBON_P2P,,no,25x25cm,,AP14-15-16-18
AP180726.jpg,2024-10-22,CHILE,BIOBIO,CONCEPCION,DICHATO,MIDTIDE,42,-36.539325,-72.93380833,,TG-6,MBON_P2P,,no,25x25cm,,AP14-15-16-18
AP180727.jpg,2024-10-22,CHILE,BIOBIO,CONCEPCION,DICHATO,MIDTIDE,42,-36.539325,-72.93380833,,TG-6,MBON_P2P,,no,25x25cm,,AP14-15-16-18
AP180728.jpg,2024-10-22,CHILE,BIOBIO,CONCEPCION,DICHATO,MIDTIDE,42,-36.539325,-72.93380833,,TG-6,MBON_P2P,,no,25x25cm,,AP14-15-16-18
AP180729.jpg,2024-10-22,CHILE,BIOBIO,CONCEPCION,DICHATO,MIDTIDE,42,-36.53932333,-72.93381,,TG-6,MBON_P2P,,no,25x25cm,,AP14-15-16-18
AP180730.jpg,2024-10-22,CHILE,BIOBIO,CONCEPCION,DICHATO,MIDTIDE,42,-36.53932333,-72.93381,,TG-6,MBON_P2P,,no,25x25cm,,AP14-15-16-18
AP180731.jpg,2024-10-22,CHILE,BIOBIO,CONCEPCION,DICHATO,MIDTIDE,42,-36.53932167,-72.93381333,,TG-6,MBON_P2P,,no,25x25cm,,AP14-15-16-18
AP180732.jpg,2024-10-22,CHILE,BIOBIO,CONCEPCION,DICHATO,MIDTIDE,42,-36.53932167,-72.93381333,,TG-6,MBON_P2P,,no,25x25cm,,AP14-15-16-18
AP180733.jpg,2024-10-22,CHILE,BIOBIO,CONCEPCION,DICHATO,MIDTIDE,42,-36.53932167,-72.93381333,,TG-6,MBON_P2P,,no,25x25cm,,AP14-15-16-18
AP180734.jpg,2024-10-22,CHILE,BIOBIO,CONCEPCION,DICHATO,MIDTIDE,42,-36.53932,-72.933815,,TG-6,MBON_P2P,,no,25x25cm,,AP14-15-16-18
AP180735.jpg,2024-10-22,CHILE,BIOBIO,CONCEPCION,DICHATO,MIDTIDE,42,-36.53932,-72.933815,,TG-6,MBON_P2P,,no,25x25cm,,AP14-15-16-18
AP180736.jpg,2024-10-22,CHILE,BIOBIO,CONCEPCION,DICHATO,MIDTIDE,42,-36.539135,-72.93383333,,TG-6,MBON_P2P,,no,25x25cm,,AP14-15-16-18
AP180737.jpg,2024-10-22,CHILE,BIOBIO,CONCEPCION,DICHATO,MIDTIDE,42,-36.53915833,-72.933825,,TG-6,MBON_P2P,,no,25x25cm,,AP14-15-16-18
AP180738.jpg,2024-10-22,CHILE,BIOBIO,CONCEPCION,DICHATO,MIDTIDE,42,-36.53915833,-72.933825,,TG-6,MBON_P2P,,no,25x25cm,,AP14-15-16-18
AP180739.jpg,2024-10-22,CHILE,BIOBIO,CONCEPCION,DICHATO,MIDTIDE,42,-36.53915833,-72.933825,,TG-6,MBON_P2P,,no,25x25cm,,AP14-15-16-18
AP180740.jpg,2024-10-22,CHILE,BIOBIO,CONCEPCION,DICHATO,MIDTIDE,42,-36.53915667,-72.933825,,TG-6,MBON_P2P,,no,25x25cm,,AP14-15-16-18
AP180741.jpg,2024-10-22,CHILE,BIOBIO,CONCEPCION,DICHATO,MIDTIDE,42,-36.53915667,-72.933825,,TG-6,MBON_P2P,,no,25x25cm,,AP14-15-16-18
AP180742.jpg,2024-10-22,CHILE,BIOBIO,CONCEPCION,DICHATO,MIDTIDE,42,-36.53914667,-72.93384333,,TG-6,MBON_P2P,,no,25x25cm,,AP14-15-16-18
AP180743.jpg,2024-10-22,CHILE,BIOBIO,CONCEPCION,DICHATO,MIDTIDE,42,-36.53914667,-72.93384333,,TG-6,MBON_P2P,,no,25x25cm,,AP14-15-16-18
AP180744.jpg,2024-10-22,CHILE,BIOBIO,CONCEPCION,DICHATO,MIDTIDE,42,-36.539145,-72.933845,,TG-6,MBON_P2P,,no,25x25cm,,AP14-15-16-18
AP180745.jpg,2024-10-22,CHILE,BIOBIO,CONCEPCION,DICHATO,MIDTIDE,42,-36.53914667,-72.93383833,,TG-6,MBON_P2P,,no,25x25cm,,AP14-15-16-18
AP180746.jpg,2024-10-22,CHILE,BIOBIO,CONCEPCION,DICHATO,MIDTIDE,42,-36.53914667,-72.933835,,TG-6,MBON_P2P,,no,25x25cm,,AP14-15-16-18
AP180747.jpg,2024-10-22,CHILE,BIOBIO,CONCEPCION,DICHATO,MIDTIDE,42,-36.53914667,-72.933835,,TG-6,MBON_P2P,,no,25x25cm,,AP14-15-16-18
AP180748.jpg,2024-10-22,CHILE,BIOBIO,CONCEPCION,DICHATO,MIDTIDE,42,-36.53914667,-72.933835,,TG-6,MBON_P2P,,no,25x25cm,,AP14-15-16-18
AP180749.jpg,2024-10-22,CHILE,BIOBIO,CONCEPCION,DICHATO,MIDTIDE,42,-36.53903833,-72.93381833,,TG-6,MBON_P2P,,no,25x25cm,,AP14-15-16-18
AP180750.jpg,2024-10-22,CHILE,BIOBIO,CONCEPCION,DICHATO,MIDTIDE,42,-36.53903833,-72.93381833,,TG-6,MBON_P2P,,no,25x25cm,,AP14-15-16-18
AP180751.jpg,2024-10-22,CHILE,BIOBIO,CONCEPCION,DICHATO,MIDTIDE,42,-36.53900167,-72.93382,,TG-6,MBON_P2P,,no,25x25cm,,AP14-15-16-18
AP180752.jpg,2024-10-22,CHILE,BIOBIO,CONCEPCION,DICHATO,MIDTIDE,42,-36.53900167,-72.93382,,TG-6,MBON_P2P,,no,25x25cm,,AP14-15-16-18
AP180753.jpg,2024-10-22,CHILE,BIOBIO,CONCEPCION,DICHATO,MIDTIDE,42,-36.538975,-72.93379833,,TG-6,MBON_P2P,,no,25x25cm,,AP14-15-16-18
AP180754.jpg,2024-10-22,CHILE,BIOBIO,CONCEPCION,DICHATO,MIDTIDE,42,-36.53893,-72.93378167,,TG-6,MBON_P2P,,no,25x25cm,,AP14-15-16-18
AP180755.jpg,2024-10-22,CHILE,BIOBIO,CONCEPCION,DICHATO,MIDTIDE,42,-36.53893,-72.93378167,,TG-6,MBON_P2P,,no,25x25cm,,AP14-15-16-18
AP180757.jpg,2024-10-22,CHILE,BIOBIO,CONCEPCION,DICHATO,HIGHTIDE,42,-36.53892333,-72.93378167,,TG-6,MBON_P2P,,no,25x25cm,,AP14-15-16-18
AP180758.jpg,2024-10-22,CHILE,BIOBIO,CONCEPCION,DICHATO,HIGHTIDE,42,-36.53892667,-72.93377167,,TG-6,MBON_P2P,,no,25x25cm,,AP14-15-16-18
AP180759.jpg,2024-10-22,CHILE,BIOBIO,CONCEPCION,DICHATO,HIGHTIDE,42,-36.53892667,-72.93377167,,TG-6,MBON_P2P,,no,25x25cm,,AP14-15-16-18
AP180760.jpg,2024-10-22,CHILE,BIOBIO,CONCEPCION,DICHATO,HIGHTIDE,42,-36.53892667,-72.93377167,,TG-6,MBON_P2P,,no,25x25cm,,AP14-15-16-18
AP180761.jpg,2024-10-22,CHILE,BIOBIO,CONCEPCION,DICHATO,HIGHTIDE,42,-36.53895167,-72.93377333,,TG-6,MBON_P2P,,no,25x25cm,,AP14-15-16-18
AP180762.jpg,2024-10-22,CHILE,BIOBIO,CONCEPCION,DICHATO,HIGHTIDE,42,-36.53895167,-72.93377333,,TG-6,MBON_P2P,,no,25x25cm,,AP14-15-16-18
AP180763.jpg,2024-10-22,CHILE,BIOBIO,CONCEPCION,DICHATO,HIGHTIDE,42,-36.538975,-72.93376333,,TG-6,MBON_P2P,,no,25x25cm,,AP14-15-16-18
AP180764.jpg,2024-10-22,CHILE,BIOBIO,CONCEPCION,DICHATO,HIGHTIDE,42,-36.538975,-72.93376333,,TG-6,MBON_P2P,,no,25x25cm,,AP14-15-16-18
AP180765.jpg,2024-10-22,CHILE,BIOBIO,CONCEPCION,DICHATO,HIGHTIDE,42,-36.53900167,-72.93375,,TG-6,MBON_P2P,,no,25x25cm,,AP14-15-16-18
AP180766.jpg,2024-10-22,CHILE,BIOBIO,CONCEPCION,DICHATO,HIGHTIDE,42,-36.53900167,-72.93375,,TG-6,MBON_P2P,,no,25x25cm,,AP14-15-16-18
AP180767.jpg,2024-10-22,CHILE,BIOBIO,CONCEPCION,DICHATO,HIGHTIDE,42,-36.53900167,-72.93375,,TG-6,MBON_P2P,,no,25x25cm,,AP14-15-16-18
AP180768.jpg,2024-10-22,CHILE,BIOBIO,CONCEPCION,DICHATO,HIGHTIDE,42,-36.53901667,-72.93376833,,TG-6,MBON_P2P,,no,25x25cm,,AP14-15-16-18
AP180769.jpg,2024-10-22,CHILE,BIOBIO,CONCEPCION,DICHATO,HIGHTIDE,42,-36.53901667,-72.93376833,,TG-6,MBON_P2P,,no,25x25cm,,AP14-15-16-18
AP180770.jpg,2024-10-22,CHILE,BIOBIO,CONCEPCION,DICHATO,HIGHTIDE,42,-36.53903667,-72.933775,,TG-6,MBON_P2P,,no,25x25cm,,AP14-15-16-18
AP180771.jpg,2024-10-22,CHILE,BIOBIO,CONCEPCION,DICHATO,HIGHTIDE,42,-36.53907167,-72.93376833,,TG-6,MBON_P2P,,no,25x25cm,,AP14-15-16-18
AP180772.jpg,2024-10-22,CHILE,BIOBIO,CONCEPCION,DICHATO,HIGHTIDE,42,-36.539075,-72.93376167,,TG-6,MBON_P2P,,no,25x25cm,,AP14-15-16-18
AP180773.jpg,2024-10-22,CHILE,BIOBIO,CONCEPCION,DICHATO,HIGHTIDE,42,-36.539075,-72.93376167,,TG-6,MBON_P2P,,no,25x25cm,,AP14-15-16-18
AP180774.jpg,2024-10-22,CHILE,BIOBIO,CONCEPCION,DICHATO,HIGHTIDE,42,-36.5391,-72.93374667,,TG-6,MBON_P2P,,no,25x25cm,,AP14-15-16-18
AP180775.jpg,2024-10-22,CHILE,BIOBIO,CONCEPCION,DICHATO,HIGHTIDE,42,-36.5391,-72.93374667,,TG-6,MBON_P2P,,no,25x25cm,,AP14-15-16-18
AP180776.jpg,2024-10-22,CHILE,BIOBIO,CONCEPCION,DICHATO,HIGHTIDE,42,-36.53911,-72.93372,,TG-6,MBON_P2P,,no,25x25cm,,AP14-15-16-18
AP180777.jpg,2024-10-22,CHILE,BIOBIO,CONCEPCION,DICHATO,HIGHTIDE,42,-36.53911,-72.93372,,TG-6,MBON_P2P,,no,25x25cm,,AP14-15-16-18
AP180778.jpg,2024-10-22,CHILE,BIOBIO,CONCEPCION,DICHATO,HIGHTIDE,42,-36.53914,-72.933735,,TG-6,MBON_P2P,,no,25x25cm,,AP14-15-16-18
AP180779.jpg,2024-10-22,CHILE,BIOBIO,CONCEPCION,DICHATO,HIGHTIDE,42,-36.53918,-72.93375167,,TG-6,MBON_P2P,,no,25x25cm,,AP14-15-16-18
AP180780.jpg,2024-10-22,CHILE,BIOBIO,CONCEPCION,DICHATO,HIGHTIDE,42,-36.53918,-72.93375167,,TG-6,MBON_P2P,,no,25x25cm,,AP14-15-16-18
AP180781.jpg,2024-10-22,CHILE,BIOBIO,CONCEPCION,DICHATO,HIGHTIDE,42,-36.539185,-72.933755,,TG-6,MBON_P2P,,no,25x25cm,,AP14-15-16-18
AP180782.jpg,2024-10-22,CHILE,BIOBIO,CONCEPCION,DICHATO,HIGHTIDE,42,-36.539185,-72.933755,,TG-6,MBON_P2P,,no,25x25cm,,AP14-15-16-18
AP180783.jpg,2024-10-22,CHILE,BIOBIO,CONCEPCION,DICHATO,HIGHTIDE,42,-36.539185,-72.933755,,TG-6,MBON_P2P,,no,25x25cm,,AP14-15-16-18
AP180784.jpg,2024-10-22,CHILE,BIOBIO,CONCEPCION,DICHATO,HIGHTIDE,42,-36.539205,-72.933755,,TG-6,MBON_P2P,,no,25x25cm,,AP14-15-16-18
AP180785.jpg,2024-10-22,CHILE,BIOBIO,CONCEPCION,DICHATO,HIGHTIDE,42,-36.539205,-72.933755,,TG-6,MBON_P2P,,no,25x25cm,,AP14-15-16-18
AP180786.jpg,2024-10-22,CHILE,BIOBIO,CONCEPCION,DICHATO,HIGHTIDE,42,-36.539235,-72.93372833,,TG-6,MBON_P2P,,no,25x25cm,,AP14-15-16-18
AP180787.jpg,2024-10-22,CHILE,BIOBIO,CONCEPCION,DICHATO,HIGHTIDE,42,-36.539235,-72.93372833,,TG-6,MBON_P2P,,no,25x25cm,,AP14-15-16-18
AP180788.jpg,2024-10-22,CHILE,BIOBIO,CONCEPCION,DICHATO,HIGHTIDE,42,-36.53925167,-72.93370667,,TG-6,MBON_P2P,,no,25x25cm,,AP14-15-16-18
AP180789.jpg,2024-10-22,CHILE,BIOBIO,CONCEPCION,DICHATO,HIGHTIDE,42,-36.53925167,-72.93370667,,TG-6,MBON_P2P,,no,25x25cm,,AP14-15-16-18
AP180790.jpg,2024-10-22,CHILE,BIOBIO,CONCEPCION,DICHATO,HIGHTIDE,42,-36.53924167,-72.93369,,TG-6,MBON_P2P,,no,25x25cm,,AP14-15-16-18
AP180791.jpg,2024-10-22,CHILE,BIOBIO,CONCEPCION,DICHATO,HIGHTIDE,42,-36.53924167,-72.93369,,TG-6,MBON_P2P,,no,25x25cm,,AP14-15-16-18
AP180792.jpg,2024-10-22,CHILE,BIOBIO,CONCEPCION,DICHATO,HIGHTIDE,42,-36.53924167,-72.93369,,TG-6,MBON_P2P,,no,25x25cm,,AP14-15-16-18
AP180793.jpg,2024-10-22,CHILE,BIOBIO,CONCEPCION,DICHATO,HIGHTIDE,42,-36.53923333,-72.93368667,,TG-6,MBON_P2P,,no,25x25cm,,AP14-15-16-18
AP180794.jpg,2024-10-22,CHILE,BIOBIO,CONCEPCION,DICHATO,HIGHTIDE,42,-36.53923333,-72.93368667,,TG-6,MBON_P2P,,no,25x25cm,,AP14-15-16-18
AP180795.jpg,2024-10-22,CHILE,BIOBIO,CONCEPCION,DICHATO,HIGHTIDE,42,-36.53923667,-72.93367667,,TG-6,MBON_P2P,,no,25x25cm,,AP14-15-16-18
AP180796.jpg,2024-10-22,CHILE,BIOBIO,CONCEPCION,DICHATO,HIGHTIDE,42,-36.53923667,-72.93367667,,TG-6,MBON_P2P,,no,25x25cm,,AP14-15-16-18
AP180797.jpg,2024-10-22,CHILE,BIOBIO,CONCEPCION,DICHATO,HIGHTIDE,42,-36.53923833,-72.93367333,,TG-6,MBON_P2P,,no,25x25cm,,AP14-15-16-18
AP180798.jpg,2024-10-22,CHILE,BIOBIO,CONCEPCION,DICHATO,HIGHTIDE,42,-36.53923833,-72.93367333,,TG-6,MBON_P2P,,no,25x25cm,,AP14-15-16-18
AP180799.jpg,2024-10-22,CHILE,BIOBIO,CONCEPCION,DICHATO,HIGHTIDE,42,-36.53923833,-72.93367333,,TG-6,MBON_P2P,,no,25x25cm,,AP14-15-16-18
AP180800.jpg,2024-10-22,CHILE,BIOBIO,CONCEPCION,DICHATO,HIGHTIDE,42,-36.53923833,-72.93367333,,TG-6,MBON_P2P,,no,25x25cm,,AP14-15-16-18
AP180801.jpg,2024-10-22,CHILE,BIOBIO,CONCEPCION,DICHATO,HIGHTIDE,42,-36.53923833,-72.93362833,,TG-6,MBON_P2P,,no,25x25cm,,AP14-15-16-18
AP180802.jpg,2024-10-22,CHILE,BIOBIO,CONCEPCION,DICHATO,HIGHTIDE,42,-36.53923833,-72.93362833,,TG-6,MBON_P2P,,no,25x25cm,,AP14-15-16-18
AP180803.jpg,2024-10-22,CHILE,BIOBIO,CONCEPCION,DICHATO,HIGHTIDE,42,-36.53922667,-72.93360833,,TG-6,MBON_P2P,,no,25x25cm,,AP14-15-16-18
AP180804.jpg,2024-10-22,CHILE,BIOBIO,CONCEPCION,DICHATO,HIGHTIDE,42,-36.53922667,-72.93360833,,TG-6,MBON_P2P,,no,25x25cm,,AP14-15-16-18
AP180805.jpg,2024-10-22,CHILE,BIOBIO,CONCEPCION,DICHATO,HIGHTIDE,42,-36.53922667,-72.93360833,,TG-6,MBON_P2P,,no,25x25cm,,AP14-15-16-18
AP180806.jpg,2024-10-22,CHILE,BIOBIO,CONCEPCION,DICHATO,HIGHTIDE,42,-36.53924667,-72.93362167,,TG-6,MBON_P2P,,no,25x25cm,,AP14-15-16-18
AP180807.jpg,2024-10-22,CHILE,BIOBIO,CONCEPCION,DICHATO,HIGHTIDE,42,-36.53924667,-72.93362167,,TG-6,MBON_P2P,,no,25x25cm,,AP14-15-16-18
AP180808.jpg,2024-10-22,CHILE,BIOBIO,CONCEPCION,DICHATO,HIGHTIDE,42,-36.53924667,-72.93362167,,TG-6,MBON_P2P,,no,25x25cm,,AP14-15-16-18
AP180809.jpg,2024-10-22,CHILE,BIOBIO,CONCEPCION,DICHATO,HIGHTIDE,42,-36.53925333,-72.93363833,,TG-6,MBON_P2P,,no,25x25cm,,AP14-15-16-18
AP180810.jpg,2024-10-22,CHILE,BIOBIO,CONCEPCION,DICHATO,HIGHTIDE,42,-36.53925333,-72.93363833,,TG-6,MBON_P2P,,no,25x25cm,,AP14-15-16-18
AP180811.jpg,2024-10-22,CHILE,BIOBIO,CONCEPCION,DICHATO,HIGHTIDE,42,-36.53925667,-72.93364833,,TG-6,MBON_P2P,,no,25x25cm,,AP14-15-16-18
AP180812.jpg,2024-10-22,CHILE,BIOBIO,CONCEPCION,DICHATO,HIGHTIDE,42,-36.5393,-72.933665,,TG-6,MBON_P2P,,no,25x25cm,,AP14-15-16-18
AP180813.jpg,2024-10-22,CHILE,BIOBIO,CONCEPCION,DICHATO,HIGHTIDE,42,-36.53928833,-72.933765,,TG-6,MBON_P2P,,no,25x25cm,,AP14-15-16-18
AP180814.jpg,2024-10-22,CHILE,BIOBIO,CONCEPCION,DICHATO,HIGHTIDE,42,-36.53928833,-72.933765,,TG-6,MBON_P2P,,no,25x25cm,,AP14-15-16-18
AP180815.jpg,2024-10-22,CHILE,BIOBIO,CONCEPCION,DICHATO,HIGHTIDE,42,-36.53929333,-72.93377833,,TG-6,MBON_P2P,,no,25x25cm,,AP14-15-16-18
AP180816.jpg,2024-10-22,CHILE,BIOBIO,CONCEPCION,DICHATO,HIGHTIDE,42,-36.53929333,-72.93377833,,TG-6,MBON_P2P,,no,25x25cm,,AP14-15-16-18
AP180817.jpg,2024-10-22,CHILE,BIOBIO,CONCEPCION,DICHATO,HIGHTIDE,42,-36.53930333,-72.93378667,,TG-6,MBON_P2P,,no,25x25cm,,AP14-15-16-18
