Image ID,Image name,Annotation status,Points,BRY,CNCA,CNTR,CRB,MOB,MOG,SP,WPOT,SC,Unc,MAA,MAEC,MAEF,MAEN,MAF,MAG,MALA,MALCB,MAS
4992943,AP140190.jpg,Unconfirmed,100,0.000,0.000,0.000,1.000,13.000,0.000,0.000,0.000,1.000,0.000,4.000,0.000,0.000,0.000,37.000,0.000,0.000,0.000,44.000
4992942,AP140191.jpg,Unconfirmed,100,0.000,0.000,0.000,0.000,7.000,0.000,0.000,0.000,1.000,0.000,23.000,0.000,0.000,1.000,53.000,0.000,0.000,0.000,15.000
4992941,AP140192.jpg,Unconfirmed,100,0.000,0.000,0.000,0.000,0.000,0.000,0.000,0.000,3.000,0.000,36.000,0.000,0.000,5.000,51.000,0.000,0.000,0.000,5.000
4992940,AP140193.jpg,Unconfirmed,100,0.000,0.000,0.000,0.000,9.000,0.000,0.000,0.000,0.000,0.000,12.000,0.000,0.000,1.000,42.000,0.000,0.000,0.000,36.000
4992939,AP140194.jpg,Unconfirmed,100,0.000,0.000,1.000,0.000,23.000,0.000,0.000,0.000,7.000,0.000,3.000,0.000,0.000,0.000,58.000,0.000,0.000,0.000,8.000
4992936,AP140195.jpg,Unconfirmed,100,0.000,0.000,1.000,0.000,10.000,0.000,0.000,0.000,1.000,0.000,23.000,0.000,0.000,0.000,60.000,0.000,0.000,0.000,5.000
4992938,AP140196.jpg,Unconfirmed,100,0.000,0.000,0.000,0.000,22.000,0.000,0.000,0.000,0.000,0.000,5.000,0.000,0.000,0.000,72.000,0.000,0.000,0.000,1.000
4992935,AP140197.jpg,Unconfirmed,100,0.000,0.000,3.000,0.000,31.000,0.000,0.000,0.000,9.000,1.000,9.000,0.000,0.000,1.000,46.000,0.000,0.000,0.000,0.000
4992933,AP140198.jpg,Unconfirmed,100,0.000,0.000,1.000,0.000,8.000,0.000,0.000,0.000,5.000,0.000,27.000,0.000,0.000,1.000,50.000,0.000,0.000,0.000,8.000
4992934,AP140199.jpg,Unconfirmed,100,0.000,0.000,0.000,0.000,10.000,0.000,0.000,0.000,0.000,0.000,30.000,0.000,0.000,0.000,57.000,0.000,0.000,0.000,3.000
4992932,AP140200.jpg,Unconfirmed,100,0.000,0.000,3.000,3.000,23.000,1.000,0.000,0.000,2.000,0.000,9.000,0.000,0.000,0.000,57.000,0.000,0.000,0.000,2.000
4992931,AP140201.jpg,Unconfirmed,100,0.000,0.000,0.000,0.000,31.000,0.000,0.000,0.000,1.000,0.000,23.000,0.000,0.000,0.000,39.000,0.000,0.000,0.000,6.000
4992929,AP140202.jpg,Unconfirmed,100,0.000,0.000,0.000,0.000,6.000,0.000,0.000,0.000,0.000,0.000,40.000,0.000,0.000,0.000,48.000,0.000,0.000,0.000,6.000
4992928,AP140203.jpg,Unconfirmed,100,0.000,0.000,2.000,0.000,27.000,1.000,0.000,0.000,6.000,0.000,20.000,0.000,0.000,1.000,42.000,0.000,0.000,0.000,1.000
4992927,AP140204.jpg,Unconfirmed,100,0.000,0.000,0.000,1.000,26.000,0.000,0.000,0.000,1.000,0.000,5.000,0.000,0.000,0.000,66.000,0.000,0.000,0.000,1.000
4992926,AP140205.jpg,Unconfirmed,100,0.000,0.000,5.000,2.000,36.000,0.000,0.000,0.000,5.000,0.000,7.000,0.000,0.000,0.000,45.000,0.000,0.000,0.000,0.000
4992924,AP140206.jpg,Unconfirmed,100,0.000,0.000,0.000,2.000,20.000,0.000,0.000,0.000,1.000,0.000,19.000,0.000,0.000,0.000,58.000,0.000,0.000,0.000,0.000
4992923,AP140207.jpg,Unconfirmed,100,0.000,0.000,0.000,0.000,8.000,0.000,0.000,0.000,0.000,0.000,26.000,0.000,0.000,0.000,65.000,0.000,0.000,0.000,1.000
4992922,AP140208.jpg,Unconfirmed,100,0.000,0.000,0.000,0.000,42.000,0.000,0.000,0.000,0.000,0.000,2.000,0.000,0.000,0.000,53.000,0.000,0.000,0.000,3.000
4992921,AP140209.jpg,Unconfirmed,100,0.000,0.000,0.000,0.000,10.000,0.000,0.000,0.000,1.000,0.000,0.000,0.000,0.000,0.000,86.000,2.000,0.000,0.000,1.000
4992920,AP140210.jpg,Unconfirmed,100,0.000,0.000,4.000,0.000,26.000,0.000,0.000,0.000,0.000,1.000,0.000,0.000,0.000,0.000,69.000,0.000,0.000,0.000,0.000
4992918,AP140211.jpg,Unconfirmed,100,0.000,0.000,3.000,0.000,21.000,0.000,0.000,0.000,0.000,0.000,1.000,0.000,0.000,0.000,59.000,2.000,0.000,0.000,14.000
4992917,AP140212.jpg,Unconfirmed,100,0.000,0.000,0.000,0.000,21.000,0.000,0.000,0.000,1.000,0.000,5.000,0.000,0.000,0.000,73.000,0.000,0.000,0.000,0.000
4992916,AP140213.jpg,Unconfirmed,100,0.000,0.000,0.000,0.000,0.000,0.000,0.000,0.000,1.000,0.000,1.000,0.000,0.000,0.000,97.000,0.000,0.000,0.000,1.000
4992915,AP140214.jpg,Unconfirmed,100,0.000,0.000,0.000,0.000,4.000,0.000,0.000,0.000,7.000,0.000,2.000,0.000,0.000,3.000,83.000,0.000,0.000,0.000,1.000
4992914,AP140215.jpg,Unconfirmed,100,0.000,0.000,0.000,0.000,5.000,0.000,0.000,0.000,35.000,0.000,0.000,0.000,0.000,9.000,51.000,0.000,0.000,0.000,0.000
4992913,AP140216.jpg,Unconfirmed,100,0.000,0.000,1.000,0.000,8.000,0.000,0.000,0.000,3.000,0.000,0.000,0.000,0.000,1.000,71.000,0.000,0.000,0.000,16.000
4992912,AP140217.jpg,Unconfirmed,100,0.000,0.000,0.000,0.000,5.000,0.000,0.000,0.000,4.000,0.000,1.000,0.000,0.000,0.000,90.000,0.000,0.000,0.000,0.000
4992911,AP140218.jpg,Unconfirmed,100,0.000,0.000,0.000,0.000,7.000,0.000,0.000,0.000,3.000,0.000,4.000,0.000,0.000,11.000,72.000,0.000,0.000,0.000,3.000
4992910,AP140219.jpg,Unconfirmed,100,0.000,0.000,0.000,0.000,18.000,0.000,0.000,0.000,2.000,0.000,0.000,0.000,0.000,6.000,72.000,0.000,0.000,0.000,2.000
4992909,AP140220.jpg,Unconfirmed,100,0.000,0.000,0.000,0.000,7.000,0.000,0.000,0.000,6.000,0.000,1.000,0.000,0.000,1.000,75.000,0.000,0.000,0.000,10.000
4992907,AP140221.jpg,Unconfirmed,100,0.000,0.000,0.000,0.000,27.000,0.000,0.000,0.000,2.000,0.000,22.000,0.000,0.000,14.000,30.000,0.000,0.000,0.000,5.000
4992906,AP140222.jpg,Unconfirmed,100,0.000,0.000,0.000,0.000,0.000,0.000,0.000,0.000,2.000,0.000,3.000,0.000,0.000,1.000,92.000,1.000,0.000,0.000,1.000
4992905,AP140223.jpg,Unconfirmed,100,0.000,0.000,0.000,0.000,26.000,0.000,0.000,0.000,3.000,0.000,11.000,0.000,0.000,4.000,54.000,0.000,0.000,0.000,2.000
4992904,AP140224.jpg,Unconfirmed,100,0.000,0.000,0.000,0.000,15.000,0.000,0.000,0.000,1.000,0.000,4.000,0.000,0.000,1.000,79.000,0.000,0.000,0.000,0.000
4992903,AP140225.jpg,Unconfirmed,100,0.000,0.000,0.000,10.000,28.000,0.000,0.000,0.000,2.000,0.000,1.000,0.000,0.000,7.000,51.000,0.000,0.000,0.000,1.000
4992902,AP140226.jpg,Unconfirmed,100,0.000,0.000,2.000,6.000,23.000,0.000,0.000,0.000,9.000,0.000,0.000,0.000,0.000,2.000,58.000,0.000,0.000,0.000,0.000
4992901,AP140227.jpg,Unconfirmed,100,0.000,0.000,0.000,0.000,46.000,0.000,0.000,0.000,0.000,0.000,0.000,1.000,0.000,1.000,49.000,0.000,0.000,0.000,3.000
4992900,AP140228.jpg,Unconfirmed,100,0.000,0.000,0.000,1.000,51.000,0.000,0.000,0.000,1.000,0.000,0.000,0.000,0.000,16.000,31.000,0.000,0.000,0.000,0.000
4992898,AP140229.jpg,Unconfirmed,100,0.000,0.000,1.000,1.000,23.000,0.000,0.000,0.000,5.000,0.000,5.000,0.000,0.000,7.000,53.000,2.000,0.000,0.000,3.000
4992897,AP140230.jpg,Unconfirmed,100,0.000,0.000,0.000,0.000,47.000,0.000,0.000,0.000,13.000,0.000,2.000,0.000,0.000,12.000,18.000,0.000,0.000,0.000,8.000
4992896,AP140231.jpg,Unconfirmed,100,0.000,0.000,1.000,3.000,14.000,0.000,0.000,0.000,1.000,0.000,0.000,0.000,0.000,1.000,80.000,0.000,0.000,0.000,0.000
4992895,AP140232.jpg,Unconfirmed,100,0.000,0.000,1.000,0.000,38.000,0.000,0.000,0.000,8.000,0.000,2.000,0.000,0.000,6.000,44.000,0.000,0.000,0.000,1.000
4992894,AP140233.jpg,Unconfirmed,100,0.000,0.000,1.000,0.000,21.000,0.000,0.000,0.000,1.000,0.000,6.000,0.000,0.000,0.000,65.000,1.000,0.000,0.000,5.000
4992893,AP140234.jpg,Unconfirmed,100,0.000,0.000,1.000,0.000,25.000,0.000,0.000,0.000,3.000,0.000,7.000,0.000,0.000,1.000,47.000,0.000,0.000,0.000,16.000
4992892,AP140235.jpg,Unconfirmed,100,0.000,0.000,5.000,4.000,26.000,0.000,0.000,0.000,10.000,0.000,4.000,0.000,0.000,6.000,44.000,0.000,0.000,0.000,1.000
4992891,AP140236.jpg,Unconfirmed,100,0.000,0.000,0.000,0.000,5.000,0.000,0.000,0.000,2.000,0.000,18.000,0.000,0.000,9.000,66.000,0.000,0.000,0.000,0.000
4992890,AP140237.jpg,Unconfirmed,100,0.000,0.000,0.000,0.000,2.000,0.000,0.000,0.000,22.000,0.000,5.000,0.000,0.000,1.000,70.000,0.000,0.000,0.000,0.000
4992889,AP140238.jpg,Unconfirmed,100,0.000,0.000,0.000,0.000,3.000,0.000,0.000,0.000,12.000,0.000,1.000,0.000,0.000,0.000,84.000,0.000,0.000,0.000,0.000
4992887,AP140239.jpg,Unconfirmed,100,0.000,0.000,0.000,0.000,1.000,0.000,0.000,0.000,7.000,0.000,22.000,0.000,0.000,3.000,67.000,0.000,0.000,0.000,0.000
4992886,AP140240.jpg,Unconfirmed,100,0.000,0.000,0.000,0.000,3.000,0.000,0.000,0.000,4.000,0.000,10.000,0.000,0.000,0.000,81.000,0.000,0.000,0.000,2.000
4992885,AP140241.jpg,Unconfirmed,100,0.000,0.000,0.000,0.000,93.000,0.000,0.000,0.000,0.000,0.000,0.000,0.000,0.000,0.000,7.000,0.000,0.000,0.000,0.000
4992884,AP140242.jpg,Unconfirmed,100,0.000,0.000,1.000,13.000,56.000,0.000,0.000,0.000,4.000,1.000,2.000,0.000,0.000,3.000,19.000,1.000,0.000,0.000,0.000
4992883,AP140243.jpg,Unconfirmed,100,0.000,0.000,0.000,0.000,11.000,0.000,0.000,0.000,0.000,0.000,37.000,0.000,0.000,0.000,42.000,0.000,0.000,0.000,10.000
4992882,AP140244.jpg,Unconfirmed,100,0.000,0.000,0.000,0.000,2.000,0.000,0.000,0.000,0.000,0.000,7.000,0.000,0.000,0.000,89.000,0.000,0.000,0.000,2.000
4992881,AP140245.jpg,Unconfirmed,100,0.000,0.000,1.000,5.000,55.000,0.000,0.000,0.000,0.000,0.000,0.000,0.000,0.000,0.000,30.000,1.000,0.000,0.000,8.000
4992880,AP140246.jpg,Unconfirmed,100,0.000,0.000,1.000,0.000,77.000,0.000,0.000,0.000,0.000,0.000,1.000,0.000,0.000,0.000,15.000,3.000,0.000,0.000,3.000
4992879,AP140247.jpg,Unconfirmed,100,0.000,0.000,0.000,0.000,91.000,0.000,0.000,0.000,0.000,0.000,0.000,0.000,0.000,0.000,9.000,0.000,0.000,0.000,0.000
4992878,AP140248.jpg,Unconfirmed,100,0.000,0.000,0.000,3.000,86.000,0.000,0.000,0.000,1.000,0.000,1.000,0.000,0.000,0.000,8.000,1.000,0.000,0.000,0.000
4992877,AP140249.jpg,Unconfirmed,100,0.000,0.000,0.000,5.000,86.000,0.000,0.000,0.000,2.000,0.000,2.000,0.000,0.000,0.000,4.000,0.000,0.000,0.000,1.000
4992876,AP140250.jpg,Unconfirmed,100,0.000,0.000,0.000,0.000,80.000,0.000,0.000,0.000,2.000,0.000,2.000,0.000,0.000,1.000,14.000,0.000,0.000,0.000,1.000
4992875,AP140251.jpg,Unconfirmed,100,0.000,0.000,0.000,0.000,61.000,0.000,0.000,0.000,1.000,0.000,0.000,0.000,0.000,0.000,33.000,1.000,0.000,0.000,4.000
4992874,AP140252.jpg,Unconfirmed,100,0.000,0.000,0.000,0.000,96.000,0.000,0.000,0.000,0.000,0.000,1.000,0.000,0.000,0.000,3.000,0.000,0.000,0.000,0.000
4992872,AP140253.jpg,Unconfirmed,100,0.000,0.000,2.000,0.000,71.000,0.000,0.000,0.000,0.000,0.000,0.000,0.000,0.000,0.000,21.000,4.000,0.000,0.000,2.000
4992871,AP140254.jpg,Unconfirmed,100,0.000,0.000,2.000,0.000,58.000,0.000,0.000,0.000,2.000,0.000,6.000,2.000,0.000,0.000,24.000,5.000,0.000,0.000,1.000
4992870,AP140255.jpg,Unconfirmed,100,0.000,0.000,1.000,0.000,46.000,0.000,0.000,0.000,2.000,0.000,8.000,0.000,0.000,0.000,37.000,0.000,0.000,0.000,6.000
4992869,AP140256.jpg,Unconfirmed,100,0.000,0.000,0.000,0.000,57.000,0.000,0.000,0.000,1.000,0.000,5.000,0.000,0.000,0.000,35.000,1.000,0.000,0.000,1.000
4992868,AP140257.jpg,Unconfirmed,100,0.000,0.000,0.000,0.000,100.000,0.000,0.000,0.000,0.000,0.000,0.000,0.000,0.000,0.000,0.000,0.000,0.000,0.000,0.000
4992867,AP140258.jpg,Unconfirmed,100,0.000,0.000,0.000,1.000,94.000,0.000,0.000,0.000,0.000,0.000,2.000,0.000,0.000,0.000,3.000,0.000,0.000,0.000,0.000
4992866,AP140259.jpg,Unconfirmed,100,0.000,0.000,0.000,6.000,78.000,0.000,0.000,0.000,11.000,0.000,0.000,0.000,0.000,2.000,3.000,0.000,0.000,0.000,0.000
4992864,AP140260.jpg,Unconfirmed,100,0.000,0.000,0.000,1.000,44.000,0.000,0.000,0.000,40.000,0.000,0.000,0.000,0.000,2.000,1.000,0.000,0.000,0.000,12.000
4992863,AP140261.jpg,Unconfirmed,100,0.000,0.000,0.000,0.000,77.000,0.000,0.000,0.000,0.000,0.000,1.000,0.000,0.000,0.000,19.000,2.000,0.000,0.000,1.000
4992862,AP140262.jpg,Unconfirmed,100,0.000,0.000,0.000,0.000,95.000,0.000,0.000,0.000,0.000,0.000,2.000,0.000,0.000,0.000,3.000,0.000,0.000,0.000,0.000
4992860,AP140263.jpg,Unconfirmed,100,0.000,0.000,0.000,0.000,80.000,0.000,0.000,0.000,0.000,0.000,10.000,0.000,0.000,0.000,9.000,0.000,0.000,0.000,1.000
4992859,AP140264.jpg,Unconfirmed,100,0.000,0.000,1.000,0.000,88.000,0.000,0.000,0.000,1.000,0.000,1.000,0.000,0.000,0.000,3.000,0.000,0.000,0.000,6.000
4992858,AP140265.jpg,Unconfirmed,100,0.000,0.000,0.000,6.000,94.000,0.000,0.000,0.000,0.000,0.000,0.000,0.000,0.000,0.000,0.000,0.000,0.000,0.000,0.000
4992857,AP140266.jpg,Unconfirmed,100,0.000,0.000,0.000,0.000,31.000,0.000,0.000,0.000,0.000,0.000,17.000,0.000,0.000,0.000,51.000,1.000,0.000,0.000,0.000
4992855,AP140267.jpg,Unconfirmed,100,0.000,0.000,1.000,0.000,90.000,0.000,0.000,0.000,1.000,0.000,6.000,0.000,0.000,0.000,1.000,0.000,0.000,0.000,1.000
4992856,AP140268.jpg,Unconfirmed,100,0.000,0.000,0.000,0.000,60.000,0.000,0.000,0.000,1.000,0.000,5.000,0.000,0.000,0.000,15.000,6.000,0.000,0.000,13.000
4992854,AP140269.jpg,Unconfirmed,100,0.000,0.000,0.000,0.000,81.000,0.000,0.000,0.000,0.000,0.000,4.000,0.000,0.000,0.000,4.000,4.000,0.000,0.000,7.000
4992853,AP140270.jpg,Unconfirmed,100,0.000,0.000,0.000,0.000,81.000,0.000,0.000,0.000,1.000,0.000,4.000,0.000,0.000,0.000,13.000,0.000,0.000,0.000,1.000
4992851,AP140271.jpg,Unconfirmed,100,0.000,0.000,1.000,0.000,79.000,0.000,0.000,0.000,0.000,0.000,1.000,0.000,0.000,0.000,12.000,2.000,0.000,0.000,5.000
4992850,AP140272.jpg,Unconfirmed,100,0.000,0.000,1.000,0.000,82.000,0.000,0.000,0.000,3.000,0.000,4.000,0.000,0.000,0.000,10.000,0.000,0.000,0.000,0.000
4992849,AP140273.jpg,Unconfirmed,100,0.000,0.000,0.000,0.000,96.000,0.000,0.000,0.000,1.000,0.000,0.000,0.000,0.000,0.000,1.000,0.000,0.000,0.000,2.000
4992848,AP140274.jpg,Unconfirmed,100,0.000,0.000,0.000,0.000,100.000,0.000,0.000,0.000,0.000,0.000,0.000,0.000,0.000,0.000,0.000,0.000,0.000,0.000,0.000
4992847,AP140275.jpg,Unconfirmed,100,0.000,0.000,0.000,0.000,69.000,0.000,0.000,0.000,1.000,0.000,3.000,0.000,0.000,0.000,24.000,0.000,0.000,0.000,3.000
4992846,AP140276.jpg,Unconfirmed,100,0.000,0.000,0.000,0.000,69.000,0.000,0.000,0.000,0.000,0.000,3.000,0.000,0.000,0.000,18.000,0.000,0.000,0.000,10.000
4992845,AP140277.jpg,Unconfirmed,100,0.000,0.000,0.000,0.000,73.000,0.000,0.000,0.000,0.000,0.000,5.000,0.000,0.000,0.000,15.000,0.000,0.000,0.000,7.000
4992844,AP140278.jpg,Unconfirmed,100,0.000,0.000,0.000,0.000,88.000,0.000,0.000,0.000,1.000,0.000,0.000,0.000,0.000,0.000,2.000,0.000,0.000,0.000,9.000
4992843,AP140279.jpg,Unconfirmed,100,0.000,0.000,0.000,0.000,75.000,0.000,0.000,0.000,0.000,0.000,2.000,0.000,0.000,0.000,13.000,0.000,0.000,0.000,10.000
4992842,AP140280.jpg,Unconfirmed,100,0.000,0.000,0.000,0.000,60.000,0.000,0.000,0.000,1.000,0.000,6.000,0.000,0.000,1.000,19.000,3.000,0.000,0.000,10.000
4992840,AP140281.jpg,Unconfirmed,100,0.000,0.000,0.000,0.000,65.000,0.000,0.000,0.000,2.000,0.000,6.000,0.000,0.000,0.000,19.000,2.000,0.000,0.000,6.000
4992839,AP140282.jpg,Unconfirmed,100,0.000,0.000,0.000,0.000,74.000,0.000,0.000,0.000,0.000,0.000,0.000,0.000,0.000,0.000,11.000,2.000,0.000,0.000,13.000
4992838,AP140283.jpg,Unconfirmed,100,0.000,0.000,0.000,0.000,81.000,0.000,0.000,0.000,0.000,0.000,1.000,0.000,0.000,0.000,5.000,1.000,0.000,0.000,12.000
4992837,AP140284.jpg,Unconfirmed,100,0.000,0.000,0.000,0.000,75.000,0.000,0.000,0.000,0.000,0.000,1.000,0.000,0.000,0.000,14.000,3.000,0.000,0.000,7.000
4992836,AP140285.jpg,Unconfirmed,100,0.000,0.000,1.000,0.000,95.000,0.000,0.000,0.000,1.000,0.000,0.000,0.000,0.000,0.000,0.000,2.000,0.000,0.000,1.000
4992835,AP140286.jpg,Unconfirmed,100,0.000,0.000,2.000,0.000,59.000,0.000,0.000,0.000,0.000,0.000,3.000,1.000,0.000,0.000,20.000,0.000,0.000,0.000,15.000
4992834,AP140287.jpg,Unconfirmed,100,0.000,0.000,0.000,0.000,91.000,0.000,0.000,0.000,0.000,0.000,2.000,0.000,0.000,0.000,1.000,1.000,0.000,0.000,5.000
4992832,AP140288.jpg,Unconfirmed,100,0.000,0.000,0.000,0.000,83.000,0.000,0.000,0.000,3.000,0.000,0.000,0.000,0.000,0.000,6.000,4.000,0.000,0.000,4.000
4992833,AP140289.jpg,Unconfirmed,100,0.000,0.000,0.000,1.000,98.000,0.000,0.000,0.000,0.000,0.000,0.000,0.000,0.000,0.000,0.000,0.000,0.000,0.000,1.000
4992831,AP140290.jpg,Unconfirmed,100,0.000,0.000,0.000,0.000,89.000,0.000,0.000,0.000,1.000,1.000,0.000,0.000,0.000,0.000,4.000,1.000,0.000,0.000,4.000
4992829,AP140291.jpg,Unconfirmed,100,0.000,0.000,1.000,0.000,65.000,0.000,0.000,0.000,0.000,0.000,0.000,0.000,0.000,0.000,17.000,5.000,0.000,0.000,12.000
4992830,AP140292.jpg,Unconfirmed,100,0.000,0.000,0.000,0.000,95.000,0.000,0.000,0.000,0.000,0.000,2.000,0.000,0.000,1.000,1.000,0.000,0.000,0.000,1.000
4992828,AP140293.jpg,Unconfirmed,100,0.000,0.000,0.000,0.000,51.000,0.000,0.000,0.000,0.000,0.000,5.000,0.000,0.000,4.000,26.000,0.000,0.000,0.000,14.000
4992825,AP140294.jpg,Unconfirmed,100,0.000,0.000,0.000,1.000,80.000,0.000,0.000,0.000,1.000,0.000,0.000,0.000,0.000,1.000,10.000,0.000,0.000,0.000,7.000
4992826,AP140295.jpg,Unconfirmed,100,0.000,0.000,0.000,0.000,60.000,0.000,0.000,0.000,0.000,0.000,3.000,0.000,0.000,0.000,16.000,0.000,0.000,0.000,21.000
4992824,AP140296.jpg,Unconfirmed,100,0.000,0.000,0.000,0.000,92.000,0.000,0.000,0.000,6.000,0.000,0.000,0.000,0.000,0.000,0.000,0.000,0.000,0.000,2.000
4992823,AP140297.jpg,Unconfirmed,100,0.000,0.000,0.000,0.000,95.000,0.000,0.000,0.000,0.000,0.000,0.000,0.000,0.000,0.000,1.000,0.000,0.000,0.000,4.000
4992822,AP140298.jpg,Unconfirmed,100,0.000,0.000,0.000,0.000,68.000,0.000,0.000,0.000,0.000,0.000,0.000,0.000,0.000,0.000,10.000,0.000,0.000,0.000,22.000
4992821,AP140299.jpg,Unconfirmed,100,0.000,0.000,0.000,1.000,56.000,0.000,0.000,0.000,0.000,0.000,1.000,0.000,0.000,0.000,28.000,0.000,0.000,0.000,14.000
4992820,AP140300.jpg,Unconfirmed,100,0.000,0.000,0.000,6.000,56.000,0.000,0.000,0.000,0.000,0.000,2.000,0.000,0.000,0.000,23.000,0.000,0.000,0.000,13.000
4992818,AP140301.jpg,Unconfirmed,100,0.000,0.000,0.000,1.000,71.000,0.000,0.000,0.000,0.000,0.000,2.000,0.000,0.000,0.000,18.000,0.000,0.000,0.000,8.000
4992819,AP140302.jpg,Unconfirmed,100,0.000,0.000,0.000,0.000,52.000,0.000,0.000,0.000,4.000,1.000,1.000,0.000,0.000,2.000,16.000,0.000,0.000,0.000,24.000
4992816,AP140303.jpg,Unconfirmed,100,0.000,0.000,0.000,1.000,69.000,0.000,0.000,0.000,0.000,0.000,0.000,0.000,0.000,1.000,15.000,0.000,0.000,0.000,14.000
4992817,AP140304.jpg,Unconfirmed,100,0.000,0.000,0.000,2.000,81.000,0.000,0.000,0.000,3.000,0.000,0.000,0.000,0.000,1.000,5.000,0.000,0.000,0.000,8.000
4992815,AP140305.jpg,Unconfirmed,100,0.000,0.000,0.000,0.000,37.000,0.000,0.000,0.000,1.000,0.000,2.000,0.000,0.000,0.000,43.000,0.000,0.000,0.000,17.000
4992813,AP140306.jpg,Unconfirmed,100,0.000,0.000,0.000,0.000,53.000,0.000,0.000,0.000,0.000,0.000,1.000,0.000,0.000,0.000,16.000,0.000,0.000,0.000,30.000
4992812,AP140307.jpg,Unconfirmed,100,0.000,0.000,1.000,2.000,85.000,0.000,0.000,0.000,0.000,0.000,1.000,0.000,0.000,0.000,10.000,0.000,0.000,0.000,1.000
4992811,AP140308.jpg,Unconfirmed,100,0.000,0.000,0.000,0.000,65.000,0.000,0.000,0.000,0.000,0.000,0.000,0.000,0.000,0.000,20.000,0.000,0.000,0.000,15.000
4992810,AP140309.jpg,Unconfirmed,100,0.000,0.000,0.000,8.000,67.000,0.000,0.000,0.000,5.000,0.000,2.000,0.000,0.000,2.000,10.000,0.000,0.000,0.000,6.000
4992809,AP140310.jpg,Unconfirmed,100,0.000,0.000,0.000,7.000,84.000,0.000,0.000,0.000,0.000,0.000,2.000,0.000,0.000,0.000,3.000,0.000,0.000,0.000,4.000
4992808,AP140311.jpg,Unconfirmed,100,0.000,0.000,0.000,0.000,62.000,0.000,0.000,0.000,0.000,0.000,2.000,0.000,0.000,0.000,30.000,0.000,0.000,0.000,6.000
4992807,AP140312.jpg,Unconfirmed,100,0.000,0.000,0.000,5.000,77.000,0.000,0.000,0.000,1.000,0.000,0.000,0.000,0.000,0.000,10.000,0.000,0.000,0.000,7.000
4992805,AP140313.jpg,Unconfirmed,100,0.000,0.000,0.000,0.000,69.000,0.000,0.000,0.000,1.000,0.000,0.000,1.000,0.000,2.000,19.000,0.000,0.000,0.000,8.000
4992806,AP140314.jpg,Unconfirmed,100,0.000,0.000,0.000,0.000,72.000,0.000,0.000,0.000,0.000,0.000,1.000,0.000,0.000,0.000,11.000,0.000,0.000,0.000,16.000
4992804,AP140315.jpg,Unconfirmed,100,0.000,0.000,0.000,4.000,18.000,0.000,0.000,0.000,0.000,0.000,1.000,0.000,0.000,4.000,52.000,0.000,0.000,0.000,21.000
4992803,AP140316.jpg,Unconfirmed,100,0.000,0.000,0.000,0.000,57.000,0.000,0.000,0.000,0.000,0.000,2.000,0.000,0.000,0.000,5.000,0.000,0.000,0.000,36.000
4992802,AP140317.jpg,Unconfirmed,100,0.000,0.000,0.000,0.000,62.000,0.000,0.000,0.000,1.000,0.000,0.000,0.000,0.000,1.000,12.000,0.000,0.000,0.000,24.000
4992796,AP140318.jpg,Unconfirmed,100,0.000,0.000,0.000,21.000,36.000,0.000,0.000,0.000,1.000,0.000,1.000,0.000,0.000,1.000,28.000,0.000,0.000,0.000,12.000
4992801,AP140319.jpg,Unconfirmed,100,0.000,0.000,2.000,30.000,29.000,0.000,0.000,0.000,12.000,0.000,0.000,0.000,0.000,2.000,15.000,0.000,0.000,0.000,10.000
4992800,AP140320.jpg,Unconfirmed,100,0.000,0.000,1.000,7.000,56.000,0.000,0.000,0.000,3.000,0.000,2.000,0.000,0.000,7.000,24.000,0.000,0.000,0.000,0.000
4992798,AP140321.jpg,Unconfirmed,100,0.000,0.000,0.000,13.000,64.000,0.000,0.000,0.000,2.000,0.000,1.000,0.000,0.000,0.000,15.000,0.000,0.000,0.000,5.000
4992797,AP140322.jpg,Unconfirmed,100,0.000,0.000,0.000,0.000,98.000,0.000,0.000,0.000,0.000,0.000,0.000,0.000,0.000,0.000,2.000,0.000,0.000,0.000,0.000
4992795,AP140323.jpg,Unconfirmed,100,0.000,0.000,0.000,0.000,99.000,0.000,0.000,0.000,1.000,0.000,0.000,0.000,0.000,0.000,0.000,0.000,0.000,0.000,0.000
4992794,AP140324.jpg,Unconfirmed,100,0.000,0.000,0.000,0.000,100.000,0.000,0.000,0.000,0.000,0.000,0.000,0.000,0.000,0.000,0.000,0.000,0.000,0.000,0.000
4992793,AP140325.jpg,Unconfirmed,100,0.000,0.000,0.000,0.000,74.000,0.000,0.000,0.000,0.000,0.000,0.000,0.000,0.000,0.000,15.000,0.000,0.000,0.000,11.000
4992792,AP140326.jpg,Unconfirmed,100,0.000,0.000,0.000,0.000,85.000,0.000,0.000,0.000,0.000,0.000,1.000,0.000,0.000,0.000,8.000,0.000,0.000,0.000,6.000
4992791,AP140327.jpg,Unconfirmed,100,0.000,0.000,0.000,0.000,72.000,0.000,0.000,0.000,0.000,0.000,0.000,0.000,0.000,0.000,12.000,0.000,0.000,0.000,16.000
4992790,AP140328.jpg,Unconfirmed,100,0.000,0.000,0.000,1.000,68.000,0.000,0.000,0.000,0.000,0.000,0.000,0.000,0.000,0.000,11.000,0.000,0.000,0.000,20.000
4992789,AP140329.jpg,Unconfirmed,100,0.000,0.000,0.000,0.000,85.000,0.000,0.000,0.000,3.000,0.000,1.000,0.000,0.000,0.000,9.000,0.000,0.000,0.000,2.000
4992787,AP140330.jpg,Unconfirmed,100,0.000,0.000,0.000,1.000,88.000,0.000,0.000,0.000,0.000,0.000,0.000,0.000,0.000,1.000,6.000,0.000,0.000,0.000,4.000
4992788,AP140331.jpg,Unconfirmed,100,0.000,0.000,0.000,0.000,93.000,0.000,0.000,0.000,0.000,0.000,1.000,0.000,0.000,0.000,3.000,0.000,0.000,0.000,3.000
4992786,AP140332.jpg,Unconfirmed,100,0.000,0.000,0.000,6.000,58.000,0.000,0.000,0.000,7.000,0.000,3.000,0.000,0.000,3.000,15.000,0.000,0.000,0.000,8.000
4992785,AP140333.jpg,Unconfirmed,100,0.000,0.000,0.000,0.000,95.000,0.000,0.000,0.000,4.000,0.000,0.000,0.000,0.000,0.000,1.000,0.000,0.000,0.000,0.000
4992783,AP140334.jpg,Unconfirmed,100,0.000,0.000,0.000,39.000,27.000,0.000,0.000,0.000,0.000,0.000,2.000,0.000,0.000,2.000,22.000,1.000,0.000,0.000,7.000
4992782,AP140335.jpg,Unconfirmed,100,0.000,0.000,0.000,0.000,31.000,0.000,0.000,0.000,2.000,0.000,4.000,0.000,0.000,1.000,39.000,0.000,0.000,0.000,23.000
4992779,AP140336.jpg,Unconfirmed,100,0.000,0.000,0.000,20.000,59.000,0.000,0.000,0.000,3.000,0.000,1.000,0.000,0.000,2.000,12.000,0.000,0.000,0.000,3.000
4992780,AP140337.jpg,Unconfirmed,100,0.000,0.000,0.000,0.000,62.000,0.000,0.000,0.000,0.000,0.000,1.000,0.000,0.000,0.000,12.000,0.000,0.000,0.000,25.000
4992778,AP140338.jpg,Unconfirmed,100,0.000,0.000,0.000,2.000,56.000,0.000,0.000,0.000,0.000,0.000,0.000,0.000,0.000,0.000,27.000,0.000,0.000,0.000,15.000
4992776,AP140339.jpg,Unconfirmed,100,0.000,0.000,0.000,11.000,52.000,0.000,0.000,0.000,1.000,0.000,0.000,0.000,0.000,0.000,32.000,0.000,0.000,0.000,4.000
4992777,AP140340.jpg,Unconfirmed,100,0.000,0.000,0.000,0.000,59.000,0.000,0.000,0.000,0.000,0.000,0.000,0.000,0.000,3.000,18.000,0.000,0.000,0.000,20.000
4992775,AP140341.jpg,Unconfirmed,100,0.000,0.000,0.000,0.000,72.000,0.000,0.000,0.000,1.000,0.000,1.000,0.000,0.000,0.000,17.000,0.000,0.000,0.000,9.000
4992774,AP140342.jpg,Unconfirmed,100,0.000,0.000,0.000,0.000,82.000,0.000,0.000,0.000,0.000,0.000,0.000,0.000,0.000,0.000,13.000,0.000,0.000,0.000,5.000
4992773,AP140346.jpg,Unconfirmed,100,0.000,0.000,0.000,1.000,19.000,0.000,0.000,0.000,4.000,0.000,8.000,1.000,0.000,2.000,50.000,0.000,0.000,0.000,15.000
4992772,AP140347.jpg,Unconfirmed,100,0.000,0.000,0.000,0.000,28.000,0.000,0.000,0.000,3.000,0.000,2.000,0.000,0.000,8.000,44.000,0.000,0.000,0.000,15.000
4992770,AP140348.jpg,Unconfirmed,100,0.000,0.000,0.000,5.000,33.000,0.000,0.000,0.000,17.000,0.000,0.000,0.000,0.000,15.000,17.000,0.000,0.000,0.000,13.000
4992769,AP140349.jpg,Unconfirmed,100,0.000,0.000,0.000,0.000,48.000,0.000,0.000,0.000,3.000,0.000,14.000,0.000,0.000,7.000,22.000,0.000,0.000,0.000,6.000
4992768,AP140350.jpg,Unconfirmed,100,0.000,0.000,0.000,5.000,29.000,0.000,0.000,0.000,11.000,0.000,8.000,0.000,0.000,2.000,14.000,0.000,0.000,0.000,31.000
4992767,AP140351.jpg,Unconfirmed,100,0.000,0.000,0.000,0.000,55.000,0.000,0.000,0.000,4.000,0.000,2.000,0.000,0.000,4.000,14.000,0.000,0.000,0.000,21.000
4992766,AP140352.jpg,Unconfirmed,100,0.000,0.000,0.000,0.000,63.000,0.000,0.000,0.000,2.000,0.000,6.000,0.000,0.000,0.000,17.000,0.000,0.000,0.000,12.000
4992765,AP140353.jpg,Unconfirmed,100,0.000,0.000,0.000,1.000,67.000,0.000,0.000,0.000,2.000,0.000,6.000,0.000,0.000,5.000,15.000,0.000,0.000,0.000,4.000
4992764,AP140354.jpg,Unconfirmed,100,0.000,0.000,0.000,5.000,62.000,0.000,0.000,0.000,7.000,0.000,1.000,0.000,0.000,12.000,10.000,0.000,0.000,0.000,3.000
4992763,AP140355.jpg,Unconfirmed,100,0.000,0.000,0.000,6.000,34.000,0.000,0.000,0.000,25.000,0.000,0.000,0.000,0.000,22.000,5.000,0.000,0.000,0.000,8.000
4992762,AP140356.jpg,Unconfirmed,100,0.000,0.000,0.000,2.000,43.000,0.000,0.000,0.000,32.000,0.000,3.000,0.000,0.000,5.000,2.000,0.000,0.000,0.000,13.000
4992761,AP140357.jpg,Unconfirmed,100,0.000,0.000,0.000,0.000,62.000,0.000,0.000,0.000,0.000,0.000,0.000,0.000,0.000,1.000,14.000,0.000,0.000,0.000,23.000
4992759,AP140358.jpg,Unconfirmed,100,0.000,0.000,0.000,1.000,71.000,0.000,0.000,0.000,5.000,0.000,0.000,0.000,0.000,3.000,6.000,0.000,0.000,0.000,14.000
4992758,AP140359.jpg,Unconfirmed,100,0.000,0.000,0.000,21.000,41.000,0.000,0.000,0.000,3.000,0.000,1.000,0.000,0.000,15.000,5.000,0.000,0.000,0.000,14.000
4992757,AP140360.jpg,Unconfirmed,100,0.000,0.000,0.000,3.000,73.000,0.000,0.000,0.000,1.000,0.000,0.000,0.000,0.000,9.000,6.000,0.000,0.000,0.000,8.000
4992756,AP140361.jpg,Unconfirmed,100,0.000,0.000,0.000,5.000,62.000,0.000,0.000,0.000,7.000,0.000,2.000,0.000,0.000,12.000,2.000,0.000,0.000,0.000,10.000
4992755,AP140362.jpg,Unconfirmed,100,0.000,0.000,0.000,0.000,78.000,0.000,0.000,0.000,3.000,0.000,0.000,0.000,0.000,4.000,10.000,0.000,0.000,0.000,5.000
4992752,AP140363.jpg,Unconfirmed,100,0.000,0.000,0.000,11.000,58.000,0.000,0.000,0.000,5.000,1.000,1.000,0.000,0.000,7.000,13.000,1.000,0.000,0.000,3.000
4992753,AP140364.jpg,Unconfirmed,100,0.000,0.000,0.000,3.000,69.000,0.000,0.000,0.000,3.000,0.000,2.000,0.000,0.000,5.000,14.000,0.000,0.000,0.000,4.000
4992751,AP140365.jpg,Unconfirmed,100,0.000,0.000,0.000,0.000,81.000,0.000,0.000,0.000,6.000,0.000,0.000,0.000,0.000,7.000,1.000,0.000,0.000,0.000,5.000
4992750,AP140366.jpg,Unconfirmed,100,0.000,0.000,0.000,3.000,70.000,1.000,0.000,0.000,5.000,0.000,0.000,0.000,0.000,14.000,3.000,0.000,0.000,0.000,4.000
4992749,AP140367.jpg,Unconfirmed,100,0.000,0.000,0.000,13.000,44.000,0.000,0.000,0.000,10.000,0.000,0.000,0.000,0.000,18.000,3.000,0.000,0.000,0.000,12.000
4992748,AP140368.jpg,Unconfirmed,100,0.000,0.000,0.000,7.000,74.000,0.000,0.000,0.000,2.000,0.000,1.000,0.000,0.000,13.000,2.000,0.000,0.000,0.000,1.000
4992747,AP140369.jpg,Unconfirmed,100,0.000,0.000,0.000,38.000,21.000,1.000,0.000,0.000,3.000,0.000,2.000,0.000,0.000,10.000,10.000,0.000,0.000,0.000,15.000
4992743,AP140370.jpg,Unconfirmed,100,0.000,0.000,0.000,0.000,54.000,0.000,0.000,0.000,1.000,0.000,6.000,0.000,0.000,3.000,24.000,0.000,0.000,0.000,12.000
4992745,AP140371.jpg,Unconfirmed,100,0.000,0.000,0.000,28.000,19.000,0.000,0.000,0.000,24.000,0.000,1.000,0.000,0.000,23.000,1.000,1.000,0.000,0.000,3.000
4992744,AP140372.jpg,Unconfirmed,100,0.000,0.000,0.000,0.000,78.000,0.000,0.000,0.000,6.000,0.000,0.000,0.000,0.000,3.000,3.000,0.000,0.000,0.000,10.000
4992742,AP140373.jpg,Unconfirmed,100,0.000,0.000,0.000,0.000,86.000,0.000,0.000,0.000,4.000,0.000,0.000,0.000,0.000,1.000,0.000,0.000,0.000,0.000,9.000
4992741,AP140374.jpg,Unconfirmed,100,0.000,0.000,0.000,0.000,35.000,0.000,0.000,0.000,5.000,0.000,4.000,0.000,0.000,10.000,39.000,0.000,0.000,0.000,7.000
4992740,AP140375.jpg,Unconfirmed,100,0.000,0.000,0.000,0.000,58.000,0.000,0.000,0.000,6.000,0.000,1.000,0.000,0.000,7.000,15.000,0.000,0.000,0.000,13.000
4992739,AP140376.jpg,Unconfirmed,100,0.000,0.000,0.000,1.000,47.000,0.000,0.000,0.000,0.000,0.000,0.000,1.000,0.000,14.000,21.000,0.000,0.000,0.000,16.000
4992738,AP140377.jpg,Unconfirmed,100,0.000,0.000,0.000,0.000,42.000,0.000,0.000,0.000,2.000,0.000,1.000,0.000,0.000,9.000,19.000,0.000,0.000,0.000,27.000
4992737,AP140378.jpg,Unconfirmed,100,0.000,0.000,0.000,0.000,58.000,0.000,0.000,0.000,1.000,0.000,1.000,0.000,0.000,5.000,18.000,0.000,0.000,0.000,17.000
4992736,AP140379.jpg,Unconfirmed,100,0.000,0.000,0.000,0.000,81.000,0.000,0.000,0.000,1.000,0.000,0.000,0.000,0.000,0.000,9.000,0.000,0.000,0.000,9.000
4992735,AP140380.jpg,Unconfirmed,100,0.000,0.000,0.000,0.000,69.000,0.000,0.000,0.000,1.000,0.000,2.000,0.000,0.000,0.000,8.000,0.000,0.000,0.000,20.000
4992732,AP140381.jpg,Unconfirmed,100,0.000,0.000,0.000,0.000,81.000,0.000,0.000,0.000,0.000,0.000,0.000,0.000,0.000,2.000,4.000,0.000,0.000,0.000,13.000
4992733,AP140382.jpg,Unconfirmed,100,0.000,0.000,0.000,1.000,58.000,0.000,0.000,0.000,3.000,0.000,0.000,0.000,0.000,12.000,9.000,0.000,0.000,0.000,17.000
4992731,AP140383.jpg,Unconfirmed,100,0.000,0.000,0.000,19.000,49.000,0.000,0.000,0.000,6.000,0.000,0.000,0.000,0.000,14.000,1.000,0.000,0.000,0.000,11.000
4992730,AP140384.jpg,Unconfirmed,100,0.000,0.000,0.000,8.000,31.000,0.000,0.000,0.000,35.000,0.000,2.000,0.000,0.000,16.000,6.000,1.000,0.000,0.000,1.000
4992729,AP140385.jpg,Unconfirmed,100,0.000,0.000,0.000,30.000,38.000,0.000,0.000,0.000,5.000,0.000,0.000,0.000,0.000,11.000,8.000,0.000,0.000,0.000,8.000
4992728,AP140386.jpg,Unconfirmed,100,0.000,0.000,0.000,0.000,70.000,0.000,0.000,0.000,19.000,0.000,2.000,0.000,0.000,4.000,4.000,0.000,0.000,0.000,1.000
4992727,AP140387.jpg,Unconfirmed,100,0.000,0.000,0.000,51.000,9.000,0.000,0.000,0.000,26.000,0.000,0.000,0.000,0.000,9.000,4.000,0.000,0.000,0.000,1.000
4992726,AP140388.jpg,Unconfirmed,100,0.000,0.000,0.000,1.000,68.000,0.000,0.000,0.000,17.000,0.000,0.000,0.000,0.000,3.000,3.000,0.000,0.000,0.000,8.000
4992725,AP140389.jpg,Unconfirmed,100,0.000,0.000,0.000,3.000,48.000,0.000,0.000,0.000,16.000,0.000,0.000,0.000,0.000,6.000,15.000,0.000,0.000,0.000,12.000
4992723,AP140390.jpg,Unconfirmed,100,0.000,0.000,0.000,1.000,51.000,0.000,0.000,0.000,13.000,0.000,1.000,0.000,0.000,5.000,22.000,0.000,0.000,0.000,7.000
4992722,AP140391.jpg,Unconfirmed,100,0.000,0.000,0.000,5.000,44.000,0.000,0.000,0.000,26.000,0.000,1.000,0.000,0.000,16.000,4.000,0.000,0.000,0.000,4.000
4992721,AP140392.jpg,Unconfirmed,100,0.000,0.000,0.000,48.000,12.000,0.000,0.000,0.000,13.000,0.000,0.000,0.000,0.000,16.000,3.000,1.000,0.000,0.000,7.000
4992720,AP140393.jpg,Unconfirmed,100,0.000,0.000,0.000,21.000,36.000,0.000,0.000,0.000,19.000,0.000,0.000,0.000,0.000,16.000,1.000,0.000,0.000,0.000,7.000
4992718,AP140394.jpg,Unconfirmed,100,0.000,0.000,0.000,0.000,37.000,0.000,0.000,0.000,29.000,0.000,3.000,0.000,0.000,3.000,23.000,0.000,0.000,0.000,5.000
4992717,AP140395.jpg,Unconfirmed,100,0.000,0.000,0.000,0.000,43.000,0.000,0.000,0.000,31.000,0.000,0.000,0.000,0.000,14.000,6.000,0.000,0.000,0.000,6.000
4992716,AP140396.jpg,Unconfirmed,100,0.000,0.000,0.000,3.000,15.000,0.000,0.000,0.000,26.000,0.000,1.000,0.000,0.000,15.000,25.000,0.000,0.000,0.000,15.000
4992715,AP140397.jpg,Unconfirmed,100,0.000,0.000,0.000,2.000,68.000,0.000,0.000,0.000,1.000,0.000,16.000,0.000,0.000,0.000,9.000,0.000,0.000,0.000,4.000
4992713,AP140398.jpg,Unconfirmed,100,0.000,0.000,0.000,0.000,19.000,0.000,0.000,0.000,11.000,0.000,2.000,0.000,0.000,4.000,64.000,0.000,0.000,0.000,0.000
4992712,AP140399.jpg,Unconfirmed,100,0.000,0.000,0.000,0.000,37.000,0.000,0.000,0.000,18.000,0.000,0.000,0.000,0.000,2.000,28.000,1.000,0.000,0.000,14.000
4992711,AP140400.jpg,Unconfirmed,100,0.000,0.000,0.000,0.000,44.000,0.000,0.000,0.000,8.000,0.000,5.000,0.000,0.000,4.000,38.000,0.000,0.000,0.000,1.000
4992710,AP140401.jpg,Unconfirmed,100,0.000,0.000,0.000,15.000,55.000,0.000,0.000,0.000,9.000,0.000,0.000,0.000,0.000,11.000,9.000,0.000,0.000,0.000,1.000
4992709,AP140402.jpg,Unconfirmed,100,0.000,0.000,1.000,0.000,95.000,0.000,0.000,0.000,0.000,0.000,0.000,0.000,0.000,1.000,3.000,0.000,0.000,0.000,0.000
4992708,AP140403.jpg,Unconfirmed,100,0.000,0.000,0.000,0.000,53.000,0.000,0.000,0.000,2.000,0.000,0.000,0.000,0.000,2.000,42.000,0.000,0.000,0.000,1.000
4992706,AP140404.jpg,Unconfirmed,100,0.000,0.000,0.000,2.000,68.000,0.000,0.000,0.000,7.000,0.000,1.000,0.000,0.000,1.000,21.000,0.000,0.000,0.000,0.000
4992704,AP140405.jpg,Unconfirmed,100,0.000,0.000,0.000,1.000,5.000,0.000,0.000,0.000,13.000,0.000,1.000,0.000,0.000,5.000,73.000,0.000,0.000,0.000,2.000
4992705,AP140406.jpg,Unconfirmed,100,0.000,0.000,0.000,0.000,23.000,0.000,0.000,0.000,7.000,0.000,0.000,0.000,0.000,0.000,68.000,0.000,0.000,0.000,2.000
4992703,AP140407.jpg,Unconfirmed,100,0.000,0.000,0.000,0.000,24.000,0.000,0.000,0.000,15.000,0.000,0.000,0.000,0.000,5.000,56.000,0.000,0.000,0.000,0.000
4992701,AP140408.jpg,Unconfirmed,100,0.000,0.000,0.000,0.000,23.000,0.000,0.000,0.000,8.000,0.000,0.000,0.000,0.000,2.000,67.000,0.000,0.000,0.000,0.000
4992702,AP140409.jpg,Unconfirmed,100,0.000,0.000,0.000,0.000,74.000,0.000,0.000,0.000,13.000,0.000,1.000,0.000,0.000,0.000,12.000,0.000,0.000,0.000,0.000
4992700,AP140410.jpg,Unconfirmed,100,0.000,0.000,0.000,0.000,6.000,0.000,0.000,0.000,11.000,0.000,0.000,0.000,0.000,0.000,83.000,0.000,0.000,0.000,0.000
4992699,AP140411.jpg,Unconfirmed,100,0.000,0.000,0.000,5.000,38.000,0.000,0.000,0.000,10.000,0.000,1.000,0.000,0.000,3.000,43.000,0.000,0.000,0.000,0.000
4992697,AP140412.jpg,Unconfirmed,100,0.000,0.000,0.000,1.000,58.000,0.000,0.000,0.000,12.000,0.000,0.000,0.000,0.000,1.000,28.000,0.000,0.000,0.000,0.000
4992696,AP140413.jpg,Unconfirmed,100,0.000,0.000,0.000,0.000,37.000,0.000,0.000,0.000,22.000,0.000,1.000,0.000,0.000,1.000,39.000,0.000,0.000,0.000,0.000
4992695,AP140414.jpg,Unconfirmed,100,0.000,0.000,0.000,0.000,14.000,0.000,0.000,0.000,43.000,0.000,4.000,0.000,0.000,2.000,30.000,0.000,0.000,0.000,7.000
4992694,AP140415.jpg,Unconfirmed,100,0.000,0.000,0.000,4.000,20.000,0.000,0.000,0.000,13.000,0.000,0.000,0.000,0.000,13.000,45.000,0.000,0.000,0.000,5.000
4992691,AP140416.jpg,Unconfirmed,100,0.000,0.000,0.000,0.000,35.000,0.000,0.000,0.000,21.000,0.000,4.000,0.000,0.000,10.000,27.000,0.000,0.000,0.000,3.000
4992693,AP140417.jpg,Unconfirmed,100,0.000,0.000,0.000,0.000,8.000,0.000,0.000,0.000,11.000,0.000,3.000,0.000,0.000,5.000,54.000,0.000,0.000,0.000,19.000
4992692,AP140418.jpg,Unconfirmed,100,0.000,0.000,0.000,0.000,24.000,0.000,0.000,0.000,24.000,0.000,0.000,0.000,0.000,2.000,35.000,0.000,0.000,0.000,15.000
4992690,AP140419.jpg,Unconfirmed,100,0.000,0.000,0.000,0.000,34.000,0.000,0.000,0.000,21.000,0.000,1.000,0.000,0.000,0.000,20.000,0.000,0.000,0.000,24.000
4992688,AP140420.jpg,Unconfirmed,100,0.000,0.000,0.000,0.000,10.000,0.000,0.000,0.000,15.000,0.000,7.000,0.000,0.000,0.000,49.000,0.000,0.000,0.000,19.000
4992687,AP140421.jpg,Unconfirmed,100,0.000,0.000,0.000,3.000,29.000,0.000,0.000,0.000,14.000,0.000,4.000,0.000,0.000,1.000,46.000,0.000,0.000,0.000,3.000
4992685,AP140422.jpg,Unconfirmed,100,0.000,0.000,1.000,0.000,17.000,0.000,0.000,0.000,5.000,0.000,7.000,0.000,0.000,1.000,63.000,0.000,0.000,0.000,6.000
4992684,AP140423.jpg,Unconfirmed,100,0.000,0.000,0.000,0.000,18.000,0.000,0.000,0.000,14.000,0.000,6.000,0.000,0.000,2.000,54.000,0.000,0.000,0.000,6.000
4992686,AP140424.jpg,Unconfirmed,100,0.000,0.000,0.000,0.000,36.000,0.000,0.000,0.000,13.000,0.000,0.000,0.000,0.000,3.000,47.000,0.000,0.000,0.000,1.000
4992683,AP140425.jpg,Unconfirmed,100,0.000,0.000,0.000,0.000,34.000,0.000,0.000,0.000,33.000,0.000,3.000,0.000,0.000,1.000,26.000,0.000,0.000,0.000,3.000
4992681,AP140426.jpg,Unconfirmed,100,0.000,0.000,0.000,0.000,2.000,0.000,0.000,0.000,7.000,0.000,1.000,0.000,0.000,10.000,71.000,0.000,0.000,0.000,9.000
4992682,AP140427.jpg,Unconfirmed,100,0.000,0.000,0.000,0.000,4.000,0.000,0.000,0.000,95.000,0.000,0.000,0.000,0.000,0.000,1.000,0.000,0.000,0.000,0.000
4992679,AP140428.jpg,Unconfirmed,100,0.000,0.000,0.000,0.000,8.000,0.000,0.000,0.000,38.000,0.000,3.000,0.000,0.000,0.000,51.000,0.000,0.000,0.000,0.000
4992680,AP140429.jpg,Unconfirmed,100,0.000,0.000,0.000,0.000,34.000,0.000,0.000,0.000,12.000,0.000,5.000,0.000,0.000,0.000,39.000,0.000,0.000,0.000,10.000
4992678,AP140430.jpg,Unconfirmed,100,0.000,0.000,0.000,0.000,1.000,0.000,0.000,0.000,6.000,0.000,11.000,0.000,0.000,1.000,63.000,0.000,0.000,0.000,18.000
4992677,AP140431.jpg,Unconfirmed,100,0.000,0.000,0.000,0.000,46.000,0.000,0.000,0.000,13.000,0.000,4.000,0.000,0.000,0.000,17.000,0.000,0.000,0.000,20.000
4992676,AP140432.jpg,Unconfirmed,100,0.000,0.000,0.000,0.000,7.000,0.000,0.000,0.000,82.000,0.000,5.000,1.000,0.000,0.000,3.000,0.000,0.000,0.000,2.000
4992675,AP140433.jpg,Unconfirmed,100,0.000,0.000,0.000,0.000,9.000,0.000,0.000,0.000,37.000,0.000,6.000,0.000,0.000,1.000,38.000,0.000,0.000,0.000,9.000
4992674,AP140434.jpg,Unconfirmed,100,0.000,0.000,0.000,7.000,91.000,0.000,0.000,0.000,2.000,0.000,0.000,0.000,0.000,0.000,0.000,0.000,0.000,0.000,0.000
4992672,AP140435.jpg,Unconfirmed,100,0.000,0.000,0.000,0.000,43.000,0.000,0.000,0.000,30.000,0.000,12.000,0.000,0.000,1.000,13.000,0.000,0.000,0.000,1.000
4992673,AP140436.jpg,Unconfirmed,100,0.000,0.000,0.000,0.000,24.000,1.000,0.000,0.000,36.000,0.000,20.000,0.000,0.000,1.000,16.000,0.000,0.000,0.000,2.000
4992671,AP140437.jpg,Unconfirmed,100,0.000,0.000,0.000,0.000,16.000,0.000,0.000,0.000,4.000,0.000,47.000,0.000,0.000,2.000,27.000,0.000,0.000,0.000,4.000
4992669,AP140438.jpg,Unconfirmed,100,0.000,0.000,0.000,0.000,3.000,0.000,0.000,0.000,8.000,0.000,18.000,0.000,0.000,0.000,55.000,0.000,0.000,0.000,16.000
4992670,AP140439.jpg,Unconfirmed,100,0.000,0.000,0.000,0.000,5.000,0.000,0.000,0.000,32.000,0.000,27.000,0.000,0.000,2.000,26.000,0.000,0.000,0.000,8.000
4992667,AP140440.jpg,Unconfirmed,100,0.000,0.000,0.000,0.000,3.000,0.000,0.000,0.000,2.000,0.000,15.000,0.000,0.000,0.000,48.000,0.000,0.000,0.000,32.000
4992668,AP140441.jpg,Unconfirmed,100,0.000,0.000,0.000,2.000,42.000,0.000,0.000,0.000,8.000,0.000,0.000,0.000,0.000,7.000,40.000,0.000,0.000,0.000,1.000
4992666,AP140442.jpg,Unconfirmed,100,0.000,0.000,0.000,0.000,29.000,0.000,0.000,0.000,1.000,0.000,3.000,0.000,0.000,3.000,37.000,0.000,0.000,0.000,27.000
4992664,AP140443.jpg,Unconfirmed,100,0.000,0.000,0.000,0.000,78.000,0.000,0.000,0.000,5.000,0.000,0.000,1.000,0.000,1.000,13.000,0.000,0.000,0.000,2.000
4992665,AP140444.jpg,Unconfirmed,100,0.000,0.000,0.000,0.000,5.000,0.000,0.000,0.000,2.000,0.000,6.000,0.000,0.000,5.000,72.000,1.000,0.000,0.000,9.000
4992663,AP140445.jpg,Unconfirmed,100,0.000,0.000,1.000,8.000,42.000,0.000,0.000,0.000,5.000,0.000,4.000,0.000,0.000,6.000,26.000,0.000,0.000,0.000,8.000
4992661,AP140446.jpg,Unconfirmed,100,0.000,0.000,0.000,3.000,89.000,0.000,0.000,0.000,6.000,0.000,0.000,0.000,0.000,0.000,0.000,0.000,0.000,0.000,2.000
4992662,AP140447.jpg,Unconfirmed,100,0.000,0.000,0.000,0.000,15.000,0.000,0.000,0.000,0.000,0.000,6.000,0.000,0.000,0.000,75.000,0.000,0.000,0.000,4.000
4992660,AP140448.jpg,Unconfirmed,100,0.000,0.000,0.000,1.000,2.000,0.000,0.000,0.000,18.000,0.000,1.000,0.000,0.000,3.000,9.000,0.000,0.000,0.000,66.000
4992659,AP140449.jpg,Unconfirmed,100,0.000,0.000,0.000,1.000,1.000,0.000,0.000,0.000,37.000,0.000,3.000,0.000,0.000,16.000,12.000,0.000,0.000,0.000,30.000
4992658,AP140450.jpg,Unconfirmed,100,0.000,0.000,0.000,0.000,5.000,0.000,0.000,0.000,34.000,0.000,0.000,0.000,0.000,12.000,21.000,1.000,0.000,0.000,27.000
4992657,AP140451.jpg,Unconfirmed,100,0.000,0.000,1.000,15.000,6.000,0.000,0.000,0.000,48.000,0.000,1.000,0.000,0.000,8.000,10.000,0.000,0.000,0.000,11.000
4992656,AP140452.jpg,Unconfirmed,100,0.000,0.000,0.000,2.000,5.000,0.000,0.000,0.000,10.000,0.000,4.000,0.000,0.000,42.000,35.000,0.000,0.000,0.000,2.000
4992655,AP140453.jpg,Unconfirmed,100,0.000,0.000,0.000,0.000,1.000,0.000,0.000,0.000,33.000,0.000,0.000,0.000,0.000,9.000,14.000,0.000,0.000,0.000,43.000
4992654,AP140454.jpg,Unconfirmed,100,0.000,0.000,0.000,0.000,1.000,0.000,0.000,0.000,10.000,0.000,0.000,0.000,0.000,2.000,33.000,0.000,0.000,0.000,54.000
4992653,AP140455.jpg,Unconfirmed,100,0.000,0.000,0.000,0.000,16.000,0.000,0.000,0.000,17.000,0.000,0.000,0.000,0.000,6.000,45.000,0.000,0.000,0.000,16.000
4992652,AP140456.jpg,Unconfirmed,100,0.000,0.000,0.000,20.000,0.000,0.000,0.000,0.000,47.000,0.000,0.000,0.000,0.000,30.000,0.000,0.000,0.000,0.000,3.000
4992651,AP140457.jpg,Unconfirmed,100,0.000,0.000,0.000,9.000,0.000,0.000,0.000,0.000,28.000,0.000,1.000,0.000,0.000,29.000,11.000,0.000,0.000,0.000,22.000
4992650,AP140458.jpg,Unconfirmed,100,0.000,0.000,0.000,0.000,0.000,0.000,0.000,0.000,36.000,0.000,0.000,0.000,0.000,38.000,4.000,0.000,0.000,0.000,22.000
4992649,AP140459.jpg,Unconfirmed,100,0.000,0.000,0.000,0.000,5.000,0.000,0.000,0.000,8.000,0.000,0.000,0.000,0.000,6.000,46.000,1.000,0.000,0.000,34.000
4992648,AP140460.jpg,Unconfirmed,100,0.000,0.000,0.000,0.000,5.000,0.000,0.000,0.000,18.000,0.000,0.000,0.000,0.000,1.000,59.000,0.000,0.000,0.000,17.000
4992647,AP140461.jpg,Unconfirmed,100,0.000,0.000,0.000,14.000,1.000,0.000,0.000,0.000,58.000,0.000,0.000,0.000,0.000,25.000,0.000,0.000,0.000,0.000,2.000
4992645,AP140462.jpg,Unconfirmed,100,0.000,0.000,0.000,7.000,2.000,0.000,0.000,0.000,19.000,0.000,0.000,0.000,0.000,24.000,28.000,0.000,0.000,0.000,20.000
4992646,AP140463.jpg,Unconfirmed,100,0.000,0.000,0.000,14.000,0.000,1.000,0.000,0.000,8.000,0.000,0.000,0.000,0.000,39.000,5.000,0.000,0.000,0.000,33.000
4992644,AP140464.jpg,Unconfirmed,100,0.000,0.000,0.000,0.000,0.000,0.000,0.000,0.000,6.000,0.000,0.000,0.000,0.000,0.000,16.000,0.000,0.000,0.000,78.000
4992643,AP140465.jpg,Unconfirmed,100,0.000,0.000,0.000,35.000,4.000,0.000,0.000,0.000,16.000,0.000,0.000,0.000,0.000,28.000,3.000,0.000,0.000,0.000,14.000
4992642,AP140466.jpg,Unconfirmed,100,0.000,0.000,0.000,3.000,0.000,0.000,0.000,0.000,84.000,0.000,0.000,0.000,0.000,12.000,0.000,0.000,0.000,0.000,1.000
4992641,AP140467.jpg,Unconfirmed,100,0.000,0.000,0.000,0.000,1.000,0.000,0.000,0.000,6.000,0.000,0.000,0.000,0.000,4.000,24.000,0.000,0.000,0.000,65.000
4992640,AP140468.jpg,Unconfirmed,100,0.000,0.000,0.000,9.000,1.000,0.000,0.000,0.000,79.000,0.000,0.000,0.000,0.000,10.000,0.000,0.000,0.000,0.000,1.000
4992639,AP140469.jpg,Unconfirmed,100,0.000,0.000,0.000,3.000,3.000,0.000,0.000,0.000,35.000,0.000,1.000,0.000,0.000,34.000,10.000,0.000,0.000,0.000,14.000
4992638,AP140470.jpg,Unconfirmed,100,0.000,0.000,0.000,21.000,2.000,0.000,0.000,0.000,41.000,0.000,0.000,0.000,0.000,20.000,10.000,0.000,0.000,0.000,6.000
4992637,AP140471.jpg,Unconfirmed,100,0.000,0.000,0.000,8.000,2.000,0.000,0.000,0.000,13.000,0.000,0.000,0.000,0.000,46.000,8.000,0.000,0.000,0.000,23.000
4992636,AP140472.jpg,Unconfirmed,100,0.000,0.000,0.000,3.000,6.000,0.000,0.000,0.000,51.000,0.000,0.000,0.000,0.000,31.000,4.000,0.000,0.000,0.000,5.000
4992635,AP140473.jpg,Unconfirmed,100,0.000,0.000,0.000,7.000,0.000,0.000,0.000,0.000,18.000,0.000,0.000,0.000,0.000,56.000,0.000,0.000,0.000,0.000,19.000
4992634,AP140474.jpg,Unconfirmed,100,0.000,0.000,0.000,1.000,0.000,0.000,0.000,0.000,44.000,0.000,1.000,0.000,0.000,31.000,4.000,0.000,0.000,0.000,19.000
4992633,AP140475.jpg,Unconfirmed,100,0.000,0.000,0.000,1.000,0.000,0.000,0.000,0.000,20.000,0.000,1.000,0.000,0.000,13.000,15.000,0.000,0.000,0.000,50.000
4992632,AP140476.jpg,Unconfirmed,100,0.000,0.000,0.000,0.000,6.000,0.000,0.000,0.000,66.000,0.000,0.000,0.000,0.000,1.000,12.000,0.000,0.000,0.000,15.000
4992631,AP140477.jpg,Unconfirmed,100,0.000,0.000,0.000,0.000,9.000,0.000,0.000,0.000,28.000,0.000,2.000,0.000,0.000,5.000,41.000,3.000,0.000,0.000,12.000
4992630,AP140478.jpg,Unconfirmed,100,0.000,0.000,0.000,6.000,1.000,0.000,0.000,0.000,48.000,0.000,0.000,0.000,0.000,4.000,22.000,0.000,0.000,0.000,19.000
4992629,AP140479.jpg,Unconfirmed,100,0.000,0.000,0.000,0.000,2.000,0.000,0.000,0.000,44.000,0.000,1.000,0.000,0.000,3.000,35.000,0.000,0.000,0.000,15.000
4992627,AP140480.jpg,Unconfirmed,100,0.000,0.000,0.000,2.000,0.000,0.000,0.000,0.000,20.000,0.000,0.000,0.000,0.000,7.000,44.000,0.000,0.000,0.000,27.000
4992628,AP140481.jpg,Unconfirmed,100,0.000,0.000,0.000,0.000,11.000,0.000,0.000,0.000,30.000,0.000,0.000,0.000,0.000,0.000,9.000,1.000,0.000,0.000,49.000
4992626,AP140482.jpg,Unconfirmed,100,0.000,0.000,0.000,0.000,9.000,0.000,0.000,0.000,77.000,0.000,0.000,0.000,0.000,4.000,6.000,0.000,0.000,0.000,4.000
4992624,AP140483.jpg,Unconfirmed,100,0.000,0.000,0.000,0.000,2.000,0.000,0.000,0.000,55.000,0.000,0.000,0.000,0.000,11.000,25.000,0.000,0.000,0.000,7.000
4992625,AP140484.jpg,Unconfirmed,100,0.000,0.000,0.000,3.000,0.000,0.000,0.000,0.000,33.000,0.000,0.000,0.000,0.000,11.000,15.000,0.000,0.000,0.000,38.000
4992623,AP140485.jpg,Unconfirmed,100,0.000,0.000,0.000,1.000,0.000,0.000,0.000,0.000,5.000,0.000,1.000,0.000,0.000,4.000,7.000,0.000,0.000,0.000,82.000
4992622,AP140486.jpg,Unconfirmed,100,0.000,0.000,0.000,10.000,0.000,0.000,0.000,0.000,51.000,0.000,2.000,0.000,0.000,8.000,24.000,0.000,0.000,0.000,5.000
4992621,AP140487.jpg,Unconfirmed,100,0.000,0.000,0.000,3.000,9.000,0.000,0.000,0.000,26.000,0.000,0.000,0.000,0.000,9.000,1.000,0.000,0.000,0.000,52.000
4992620,AP140488.jpg,Unconfirmed,100,0.000,0.000,0.000,44.000,0.000,0.000,0.000,0.000,35.000,0.000,0.000,0.000,0.000,17.000,2.000,0.000,0.000,0.000,2.000
4992619,AP140489.jpg,Unconfirmed,100,0.000,0.000,0.000,6.000,13.000,0.000,0.000,0.000,29.000,0.000,0.000,0.000,0.000,12.000,20.000,0.000,0.000,0.000,20.000
4992618,AP140490.jpg,Unconfirmed,100,0.000,0.000,0.000,3.000,1.000,0.000,0.000,0.000,19.000,0.000,0.000,0.000,0.000,30.000,8.000,0.000,0.000,0.000,39.000
4992617,AP140491.jpg,Unconfirmed,100,0.000,0.000,0.000,5.000,2.000,0.000,0.000,0.000,43.000,0.000,0.000,0.000,0.000,15.000,2.000,0.000,0.000,0.000,33.000
4992616,AP140492.jpg,Unconfirmed,100,0.000,0.000,0.000,2.000,3.000,0.000,0.000,0.000,60.000,0.000,0.000,0.000,0.000,4.000,9.000,0.000,0.000,0.000,22.000
4992615,AP140493.jpg,Unconfirmed,100,0.000,0.000,0.000,9.000,1.000,1.000,0.000,0.000,23.000,0.000,0.000,0.000,0.000,49.000,4.000,0.000,0.000,0.000,13.000
4992614,AP140494.jpg,Unconfirmed,100,0.000,0.000,0.000,32.000,2.000,0.000,0.000,0.000,11.000,0.000,0.000,0.000,0.000,36.000,4.000,0.000,0.000,0.000,15.000
4992613,AP140495.jpg,Unconfirmed,100,0.000,0.000,0.000,10.000,1.000,0.000,0.000,0.000,51.000,0.000,0.000,0.000,0.000,6.000,9.000,0.000,0.000,0.000,23.000
4992612,AP140496.jpg,Unconfirmed,100,0.000,0.000,0.000,17.000,1.000,0.000,0.000,0.000,19.000,0.000,1.000,0.000,0.000,17.000,30.000,0.000,0.000,0.000,15.000
4992611,AP140497.jpg,Unconfirmed,100,0.000,0.000,0.000,6.000,1.000,0.000,0.000,0.000,49.000,0.000,0.000,1.000,0.000,8.000,22.000,0.000,0.000,0.000,13.000
4992610,AP140498.jpg,Unconfirmed,100,0.000,0.000,0.000,3.000,3.000,0.000,0.000,0.000,24.000,0.000,0.000,0.000,0.000,11.000,34.000,0.000,0.000,0.000,25.000
4992608,AP140502.jpg,Unconfirmed,100,0.000,0.000,0.000,0.000,85.000,0.000,0.000,0.000,0.000,0.000,0.000,0.000,0.000,0.000,0.000,0.000,0.000,0.000,15.000
4992609,AP140503.jpg,Unconfirmed,100,0.000,0.000,1.000,0.000,45.000,0.000,0.000,0.000,29.000,0.000,9.000,0.000,0.000,2.000,4.000,0.000,0.000,0.000,10.000
4992607,AP140504.jpg,Unconfirmed,100,0.000,0.000,0.000,2.000,82.000,0.000,0.000,0.000,10.000,0.000,0.000,0.000,0.000,0.000,3.000,0.000,0.000,0.000,3.000
4992606,AP140505.jpg,Unconfirmed,100,0.000,0.000,0.000,0.000,99.000,0.000,0.000,0.000,0.000,0.000,0.000,0.000,0.000,0.000,0.000,0.000,0.000,0.000,1.000
4992605,AP140506.jpg,Unconfirmed,100,0.000,0.000,0.000,1.000,54.000,0.000,0.000,0.000,3.000,0.000,1.000,0.000,0.000,2.000,8.000,0.000,0.000,0.000,31.000
4992603,AP140507.jpg,Unconfirmed,100,0.000,0.000,0.000,0.000,62.000,0.000,0.000,0.000,2.000,0.000,0.000,0.000,0.000,0.000,17.000,0.000,0.000,0.000,19.000
4992604,AP140508.jpg,Unconfirmed,100,0.000,0.000,0.000,0.000,32.000,0.000,0.000,0.000,0.000,0.000,0.000,0.000,0.000,0.000,20.000,0.000,0.000,0.000,48.000
4992602,AP140509.jpg,Unconfirmed,100,0.000,0.000,0.000,0.000,39.000,0.000,0.000,0.000,0.000,0.000,0.000,0.000,0.000,0.000,20.000,0.000,0.000,0.000,41.000
4992601,AP140510.jpg,Unconfirmed,100,0.000,0.000,0.000,0.000,34.000,0.000,0.000,0.000,0.000,0.000,0.000,0.000,0.000,3.000,16.000,0.000,0.000,0.000,47.000
4992599,AP140511.jpg,Unconfirmed,100,0.000,0.000,0.000,0.000,44.000,0.000,0.000,0.000,0.000,0.000,0.000,0.000,0.000,0.000,10.000,0.000,0.000,0.000,46.000
4992600,AP140512.jpg,Unconfirmed,100,0.000,0.000,0.000,0.000,45.000,0.000,0.000,0.000,0.000,0.000,1.000,0.000,0.000,0.000,20.000,0.000,0.000,0.000,34.000
4992598,AP140513.jpg,Unconfirmed,100,0.000,0.000,0.000,3.000,54.000,0.000,0.000,0.000,0.000,0.000,0.000,0.000,0.000,0.000,4.000,1.000,0.000,0.000,38.000
4992597,AP140514.jpg,Unconfirmed,100,0.000,0.000,0.000,0.000,54.000,0.000,0.000,0.000,0.000,0.000,0.000,0.000,0.000,0.000,6.000,0.000,0.000,0.000,40.000
4992596,AP140515.jpg,Unconfirmed,100,0.000,0.000,0.000,0.000,39.000,0.000,0.000,0.000,1.000,0.000,0.000,0.000,0.000,3.000,5.000,0.000,0.000,0.000,52.000
4992595,AP140516.jpg,Unconfirmed,100,0.000,0.000,0.000,0.000,61.000,0.000,0.000,0.000,1.000,0.000,0.000,0.000,0.000,0.000,8.000,0.000,0.000,0.000,30.000
4992594,AP140517.jpg,Unconfirmed,100,0.000,0.000,0.000,1.000,14.000,0.000,0.000,0.000,4.000,0.000,0.000,0.000,0.000,1.000,8.000,0.000,0.000,0.000,72.000
4992593,AP140518.jpg,Unconfirmed,100,0.000,0.000,0.000,0.000,41.000,0.000,0.000,0.000,1.000,0.000,0.000,0.000,0.000,0.000,16.000,0.000,0.000,0.000,42.000
4992592,AP140519.jpg,Unconfirmed,100,0.000,0.000,0.000,0.000,42.000,0.000,0.000,0.000,0.000,0.000,0.000,0.000,0.000,0.000,8.000,0.000,0.000,0.000,50.000
4992591,AP140520.jpg,Unconfirmed,100,0.000,0.000,0.000,6.000,45.000,0.000,0.000,0.000,0.000,0.000,0.000,0.000,0.000,1.000,5.000,0.000,0.000,0.000,43.000
4992590,AP140521.jpg,Unconfirmed,100,0.000,0.000,0.000,5.000,59.000,0.000,0.000,0.000,1.000,0.000,0.000,0.000,0.000,2.000,4.000,0.000,0.000,0.000,29.000
4992589,AP140522.jpg,Unconfirmed,100,0.000,0.000,0.000,14.000,31.000,0.000,0.000,0.000,2.000,0.000,0.000,0.000,0.000,1.000,44.000,0.000,0.000,0.000,8.000
4992587,AP140523.jpg,Unconfirmed,100,0.000,0.000,0.000,0.000,28.000,0.000,0.000,0.000,6.000,0.000,2.000,0.000,0.000,0.000,35.000,0.000,0.000,0.000,29.000
4992588,AP140524.jpg,Unconfirmed,100,0.000,0.000,0.000,0.000,68.000,0.000,0.000,0.000,0.000,0.000,1.000,1.000,0.000,1.000,4.000,0.000,0.000,0.000,25.000
4992585,AP140525.jpg,Unconfirmed,100,0.000,0.000,0.000,17.000,1.000,0.000,0.000,0.000,0.000,0.000,0.000,0.000,0.000,2.000,36.000,0.000,0.000,0.000,44.000
4992586,AP140526.jpg,Unconfirmed,100,0.000,0.000,0.000,0.000,37.000,0.000,0.000,0.000,0.000,0.000,0.000,1.000,0.000,0.000,22.000,0.000,0.000,0.000,40.000
4992584,AP140527.jpg,Unconfirmed,100,0.000,0.000,0.000,0.000,43.000,0.000,0.000,0.000,1.000,0.000,3.000,0.000,0.000,0.000,13.000,0.000,0.000,0.000,40.000
4992582,AP140528.jpg,Unconfirmed,100,0.000,0.000,0.000,0.000,17.000,0.000,0.000,0.000,2.000,0.000,1.000,0.000,0.000,2.000,4.000,0.000,0.000,0.000,74.000
4992583,AP140529.jpg,Unconfirmed,100,0.000,0.000,1.000,3.000,49.000,0.000,0.000,0.000,6.000,0.000,0.000,0.000,0.000,1.000,2.000,0.000,0.000,0.000,38.000
4992581,AP140530.jpg,Unconfirmed,100,0.000,0.000,0.000,0.000,64.000,0.000,0.000,0.000,0.000,0.000,0.000,0.000,0.000,2.000,10.000,0.000,0.000,0.000,24.000
4992580,AP140531.jpg,Unconfirmed,100,0.000,0.000,0.000,6.000,32.000,0.000,0.000,0.000,0.000,0.000,0.000,0.000,0.000,0.000,60.000,0.000,0.000,0.000,2.000
4992579,AP140532.jpg,Unconfirmed,100,0.000,0.000,0.000,3.000,24.000,0.000,0.000,0.000,2.000,0.000,0.000,0.000,0.000,3.000,27.000,0.000,0.000,0.000,41.000
4992578,AP140533.jpg,Unconfirmed,100,0.000,0.000,0.000,2.000,20.000,0.000,0.000,0.000,1.000,0.000,0.000,0.000,0.000,6.000,70.000,0.000,0.000,0.000,1.000
4992577,AP140534.jpg,Unconfirmed,100,0.000,0.000,0.000,7.000,35.000,0.000,0.000,0.000,0.000,0.000,1.000,0.000,0.000,2.000,35.000,0.000,0.000,0.000,20.000
4992576,AP140535.jpg,Unconfirmed,100,0.000,0.000,0.000,1.000,9.000,0.000,0.000,0.000,0.000,0.000,0.000,0.000,0.000,0.000,28.000,0.000,0.000,0.000,62.000
4992575,AP140536.jpg,Unconfirmed,100,0.000,0.000,0.000,1.000,26.000,0.000,0.000,0.000,0.000,0.000,3.000,0.000,0.000,2.000,45.000,0.000,0.000,0.000,23.000
4992574,AP140537.jpg,Unconfirmed,100,0.000,0.000,0.000,1.000,7.000,0.000,0.000,0.000,1.000,0.000,0.000,0.000,0.000,3.000,33.000,0.000,0.000,0.000,55.000
4992573,AP140538.jpg,Unconfirmed,100,0.000,0.000,0.000,20.000,55.000,0.000,0.000,0.000,5.000,0.000,0.000,0.000,0.000,1.000,14.000,0.000,0.000,0.000,5.000
4992572,AP140539.jpg,Unconfirmed,100,0.000,0.000,0.000,5.000,35.000,0.000,0.000,0.000,0.000,0.000,0.000,0.000,0.000,0.000,35.000,0.000,0.000,0.000,25.000
4992571,AP140540.jpg,Unconfirmed,100,0.000,0.000,0.000,15.000,16.000,0.000,0.000,0.000,1.000,0.000,2.000,0.000,0.000,0.000,17.000,0.000,0.000,0.000,49.000
4992570,AP140541.jpg,Unconfirmed,100,0.000,0.000,0.000,1.000,37.000,0.000,0.000,0.000,1.000,0.000,0.000,0.000,0.000,0.000,19.000,0.000,0.000,0.000,42.000
4992569,AP140542.jpg,Unconfirmed,100,0.000,0.000,0.000,1.000,25.000,0.000,0.000,0.000,0.000,0.000,0.000,0.000,0.000,1.000,23.000,0.000,0.000,0.000,50.000
4992568,AP140543.jpg,Unconfirmed,100,0.000,0.000,0.000,9.000,24.000,0.000,0.000,0.000,2.000,0.000,1.000,0.000,0.000,5.000,44.000,0.000,0.000,0.000,15.000
4992567,AP140544.jpg,Unconfirmed,100,0.000,0.000,0.000,2.000,12.000,0.000,0.000,0.000,0.000,0.000,0.000,0.000,0.000,0.000,51.000,0.000,0.000,0.000,35.000
4992566,AP140545.jpg,Unconfirmed,100,0.000,0.000,0.000,1.000,25.000,0.000,0.000,0.000,0.000,0.000,0.000,0.000,0.000,0.000,26.000,0.000,0.000,0.000,48.000
4992565,AP140546.jpg,Unconfirmed,100,0.000,0.000,0.000,32.000,36.000,0.000,0.000,0.000,3.000,0.000,1.000,0.000,0.000,6.000,10.000,0.000,0.000,0.000,12.000
4992564,AP140547.jpg,Unconfirmed,100,0.000,0.000,0.000,1.000,23.000,0.000,0.000,0.000,0.000,0.000,0.000,0.000,0.000,1.000,26.000,0.000,0.000,0.000,49.000
4992563,AP140548.jpg,Unconfirmed,100,0.000,0.000,0.000,7.000,53.000,0.000,0.000,0.000,0.000,0.000,0.000,0.000,0.000,0.000,2.000,0.000,0.000,0.000,38.000
4992562,AP140549.jpg,Unconfirmed,100,0.000,0.000,0.000,5.000,27.000,0.000,0.000,0.000,1.000,0.000,0.000,0.000,0.000,0.000,59.000,0.000,0.000,0.000,8.000
4992561,AP140550.jpg,Unconfirmed,100,0.000,0.000,0.000,5.000,33.000,0.000,0.000,0.000,0.000,0.000,1.000,0.000,0.000,0.000,42.000,0.000,0.000,0.000,19.000
4992560,AP140551.jpg,Unconfirmed,100,0.000,0.000,0.000,0.000,35.000,0.000,0.000,0.000,0.000,0.000,0.000,0.000,0.000,2.000,14.000,0.000,0.000,0.000,49.000
4992558,AP140552.jpg,Unconfirmed,100,0.000,0.000,0.000,5.000,50.000,0.000,0.000,0.000,0.000,0.000,0.000,0.000,0.000,1.000,31.000,0.000,0.000,0.000,13.000
4992559,AP140553.jpg,Unconfirmed,100,0.000,0.000,0.000,0.000,44.000,0.000,0.000,0.000,2.000,0.000,0.000,0.000,0.000,0.000,8.000,0.000,0.000,0.000,46.000
4992557,AP140554.jpg,Unconfirmed,100,0.000,0.000,0.000,0.000,46.000,0.000,0.000,0.000,0.000,0.000,0.000,0.000,0.000,0.000,10.000,0.000,0.000,0.000,44.000
4992556,AP140555.jpg,Unconfirmed,100,0.000,0.000,0.000,0.000,78.000,0.000,0.000,0.000,0.000,0.000,0.000,0.000,0.000,0.000,15.000,0.000,0.000,0.000,7.000
4992555,AP140556.jpg,Unconfirmed,100,0.000,0.000,0.000,0.000,14.000,0.000,0.000,0.000,3.000,0.000,0.000,0.000,0.000,1.000,30.000,0.000,0.000,0.000,52.000
4992554,AP140557.jpg,Unconfirmed,100,0.000,0.000,0.000,1.000,70.000,0.000,0.000,0.000,4.000,0.000,0.000,0.000,0.000,2.000,12.000,0.000,0.000,0.000,11.000
4992553,AP140558.jpg,Unconfirmed,100,0.000,0.000,1.000,0.000,7.000,0.000,0.000,0.000,6.000,0.000,2.000,0.000,0.000,1.000,61.000,0.000,0.000,0.000,22.000
4992551,AP140559.jpg,Unconfirmed,100,0.000,0.000,0.000,0.000,41.000,0.000,0.000,0.000,1.000,0.000,0.000,0.000,0.000,1.000,11.000,0.000,0.000,0.000,46.000
4992552,AP140560.jpg,Unconfirmed,100,0.000,0.000,0.000,0.000,33.000,0.000,0.000,0.000,1.000,0.000,1.000,0.000,0.000,0.000,7.000,0.000,0.000,0.000,58.000
4992550,AP140561.jpg,Unconfirmed,100,0.000,0.000,0.000,0.000,38.000,0.000,0.000,0.000,1.000,0.000,1.000,0.000,0.000,0.000,20.000,0.000,0.000,0.000,40.000
4992549,AP140562.jpg,Unconfirmed,100,0.000,0.000,0.000,0.000,75.000,0.000,0.000,0.000,1.000,0.000,0.000,0.000,0.000,0.000,2.000,0.000,0.000,0.000,22.000
4992548,AP140563.jpg,Unconfirmed,100,0.000,0.000,0.000,0.000,53.000,0.000,0.000,0.000,0.000,0.000,1.000,0.000,0.000,0.000,8.000,0.000,0.000,0.000,38.000
4992547,AP140564.jpg,Unconfirmed,100,0.000,0.000,0.000,0.000,38.000,0.000,0.000,0.000,0.000,0.000,1.000,0.000,0.000,0.000,25.000,0.000,0.000,0.000,36.000
4992546,AP140565.jpg,Unconfirmed,100,0.000,0.000,0.000,1.000,89.000,0.000,0.000,0.000,2.000,0.000,0.000,0.000,0.000,1.000,1.000,0.000,0.000,0.000,6.000
4992545,AP140566.jpg,Unconfirmed,100,0.000,0.000,0.000,0.000,23.000,0.000,0.000,0.000,1.000,0.000,0.000,0.000,0.000,2.000,37.000,0.000,0.000,0.000,37.000
4992544,AP140567.jpg,Unconfirmed,100,0.000,0.000,0.000,0.000,23.000,0.000,0.000,0.000,0.000,0.000,0.000,0.000,0.000,0.000,42.000,0.000,0.000,0.000,35.000
4992543,AP140568.jpg,Unconfirmed,100,0.000,0.000,0.000,0.000,15.000,0.000,0.000,0.000,1.000,0.000,0.000,0.000,0.000,2.000,55.000,0.000,0.000,0.000,27.000
4992542,AP140569.jpg,Unconfirmed,100,0.000,0.000,0.000,0.000,67.000,0.000,0.000,0.000,0.000,0.000,0.000,0.000,0.000,1.000,14.000,0.000,0.000,0.000,18.000
4992541,AP140570.jpg,Unconfirmed,100,0.000,0.000,0.000,0.000,76.000,0.000,0.000,0.000,0.000,0.000,0.000,0.000,0.000,0.000,8.000,0.000,0.000,0.000,16.000
4992540,AP140571.jpg,Unconfirmed,100,0.000,0.000,0.000,1.000,42.000,0.000,0.000,0.000,0.000,0.000,0.000,0.000,0.000,3.000,23.000,0.000,0.000,0.000,31.000
4992539,AP140572.jpg,Unconfirmed,100,0.000,0.000,0.000,7.000,40.000,0.000,0.000,0.000,8.000,0.000,0.000,0.000,0.000,2.000,8.000,0.000,0.000,0.000,35.000
4992538,AP140573.jpg,Unconfirmed,100,0.000,0.000,0.000,0.000,26.000,0.000,0.000,0.000,0.000,0.000,1.000,0.000,0.000,6.000,21.000,0.000,0.000,0.000,46.000
4992537,AP140574.jpg,Unconfirmed,100,0.000,0.000,0.000,0.000,28.000,0.000,0.000,0.000,1.000,0.000,0.000,0.000,0.000,2.000,19.000,0.000,0.000,0.000,50.000
4992536,AP140575.jpg,Unconfirmed,100,0.000,0.000,0.000,0.000,5.000,0.000,0.000,0.000,1.000,0.000,0.000,0.000,0.000,1.000,18.000,0.000,0.000,0.000,75.000
4992535,AP140576.jpg,Unconfirmed,100,0.000,0.000,0.000,1.000,56.000,0.000,0.000,0.000,3.000,0.000,0.000,0.000,0.000,0.000,5.000,0.000,0.000,0.000,35.000
4992533,AP140577.jpg,Unconfirmed,100,0.000,0.000,0.000,0.000,10.000,0.000,0.000,0.000,1.000,0.000,0.000,0.000,0.000,2.000,58.000,0.000,0.000,0.000,29.000
4992534,AP140578.jpg,Unconfirmed,100,0.000,0.000,0.000,1.000,21.000,0.000,0.000,0.000,4.000,0.000,0.000,0.000,0.000,0.000,1.000,0.000,0.000,0.000,73.000
4992532,AP140579.jpg,Unconfirmed,100,0.000,0.000,0.000,1.000,66.000,0.000,0.000,0.000,2.000,0.000,0.000,0.000,0.000,0.000,0.000,0.000,0.000,0.000,31.000
4992531,AP140580.jpg,Unconfirmed,100,0.000,0.000,0.000,0.000,63.000,0.000,0.000,0.000,1.000,0.000,0.000,0.000,0.000,0.000,10.000,0.000,0.000,0.000,26.000
4992530,AP140581.jpg,Unconfirmed,100,0.000,0.000,0.000,0.000,10.000,0.000,0.000,0.000,2.000,0.000,0.000,0.000,0.000,4.000,49.000,0.000,0.000,0.000,35.000
4992529,AP140582.jpg,Unconfirmed,100,0.000,0.000,0.000,0.000,68.000,0.000,0.000,0.000,1.000,0.000,1.000,0.000,0.000,0.000,1.000,0.000,0.000,0.000,29.000
4992528,AP140583.jpg,Unconfirmed,100,0.000,0.000,0.000,0.000,34.000,0.000,0.000,0.000,0.000,0.000,3.000,0.000,0.000,0.000,19.000,0.000,0.000,0.000,44.000
4992527,AP140584.jpg,Unconfirmed,100,0.000,0.000,0.000,0.000,57.000,0.000,0.000,0.000,0.000,0.000,1.000,0.000,0.000,0.000,15.000,0.000,0.000,0.000,27.000
4992526,AP140585.jpg,Unconfirmed,100,0.000,0.000,0.000,0.000,20.000,0.000,0.000,0.000,0.000,0.000,0.000,0.000,0.000,0.000,30.000,0.000,0.000,0.000,50.000
4992525,AP140586.jpg,Unconfirmed,100,0.000,0.000,0.000,0.000,99.000,0.000,0.000,0.000,0.000,0.000,0.000,0.000,0.000,0.000,0.000,0.000,0.000,0.000,1.000
4992524,AP140587.jpg,Unconfirmed,100,0.000,0.000,0.000,1.000,71.000,0.000,0.000,0.000,0.000,0.000,2.000,0.000,0.000,0.000,2.000,0.000,0.000,0.000,24.000
4992523,AP140588.jpg,Unconfirmed,100,0.000,0.000,0.000,0.000,9.000,0.000,0.000,0.000,0.000,0.000,0.000,0.000,0.000,0.000,52.000,0.000,0.000,0.000,39.000
4992522,AP140589.jpg,Unconfirmed,100,0.000,0.000,0.000,0.000,21.000,0.000,0.000,0.000,3.000,0.000,0.000,0.000,0.000,2.000,2.000,0.000,0.000,0.000,72.000
4992521,AP140590.jpg,Unconfirmed,100,0.000,0.000,0.000,0.000,36.000,0.000,0.000,0.000,5.000,0.000,0.000,0.000,0.000,1.000,10.000,0.000,0.000,0.000,48.000
4992520,AP140591.jpg,Unconfirmed,100,0.000,0.000,0.000,0.000,20.000,0.000,0.000,0.000,2.000,0.000,1.000,0.000,0.000,1.000,20.000,0.000,0.000,0.000,56.000
4992519,AP140592.jpg,Unconfirmed,100,0.000,0.000,0.000,0.000,13.000,0.000,0.000,0.000,0.000,0.000,0.000,0.000,0.000,0.000,5.000,0.000,0.000,0.000,82.000
4992518,AP140593.jpg,Unconfirmed,100,0.000,0.000,0.000,0.000,45.000,0.000,0.000,0.000,1.000,0.000,0.000,0.000,0.000,0.000,5.000,0.000,0.000,0.000,49.000
4992517,AP140594.jpg,Unconfirmed,100,0.000,0.000,0.000,0.000,75.000,0.000,0.000,0.000,4.000,0.000,0.000,0.000,0.000,1.000,4.000,0.000,0.000,0.000,16.000
4992516,AP140595.jpg,Unconfirmed,100,0.000,0.000,0.000,0.000,6.000,0.000,0.000,0.000,0.000,0.000,0.000,0.000,0.000,0.000,5.000,0.000,0.000,0.000,89.000
4992515,AP140596.jpg,Unconfirmed,100,0.000,0.000,0.000,0.000,31.000,0.000,0.000,0.000,2.000,0.000,0.000,0.000,0.000,1.000,41.000,0.000,0.000,0.000,25.000
4992514,AP140597.jpg,Unconfirmed,100,0.000,0.000,0.000,0.000,25.000,0.000,0.000,0.000,2.000,0.000,0.000,0.000,0.000,4.000,18.000,0.000,0.000,0.000,51.000
4992513,AP140598.jpg,Unconfirmed,100,0.000,0.000,0.000,0.000,15.000,0.000,0.000,0.000,0.000,0.000,5.000,0.000,0.000,0.000,6.000,0.000,0.000,0.000,74.000
4992512,AP140599.jpg,Unconfirmed,100,0.000,0.000,0.000,0.000,30.000,0.000,0.000,0.000,0.000,0.000,0.000,0.000,0.000,0.000,27.000,0.000,0.000,0.000,43.000
4992511,AP140600.jpg,Unconfirmed,100,0.000,0.000,0.000,0.000,53.000,0.000,0.000,0.000,1.000,0.000,3.000,0.000,0.000,8.000,8.000,0.000,0.000,0.000,27.000
4992510,AP140601.jpg,Unconfirmed,100,0.000,0.000,0.000,0.000,0.000,0.000,0.000,0.000,1.000,0.000,0.000,0.000,0.000,1.000,10.000,0.000,0.000,0.000,88.000
4992509,AP140602.jpg,Unconfirmed,100,0.000,0.000,0.000,2.000,37.000,0.000,0.000,0.000,0.000,0.000,0.000,0.000,0.000,1.000,18.000,0.000,0.000,0.000,42.000
4992508,AP140603.jpg,Unconfirmed,100,0.000,0.000,0.000,2.000,30.000,0.000,0.000,0.000,4.000,0.000,0.000,0.000,0.000,0.000,32.000,0.000,0.000,0.000,32.000
4992507,AP140604.jpg,Unconfirmed,100,0.000,0.000,0.000,6.000,8.000,0.000,0.000,0.000,2.000,0.000,1.000,0.000,0.000,6.000,24.000,0.000,0.000,0.000,53.000
4992506,AP140605.jpg,Unconfirmed,100,0.000,0.000,0.000,0.000,0.000,0.000,0.000,0.000,2.000,0.000,0.000,0.000,0.000,1.000,35.000,0.000,0.000,0.000,62.000
4992505,AP140606.jpg,Unconfirmed,100,0.000,0.000,0.000,0.000,0.000,0.000,0.000,0.000,29.000,0.000,0.000,0.000,0.000,40.000,29.000,0.000,0.000,0.000,2.000
4992504,AP140607.jpg,Unconfirmed,100,0.000,0.000,0.000,1.000,0.000,0.000,0.000,0.000,3.000,0.000,0.000,0.000,0.000,1.000,0.000,0.000,0.000,0.000,95.000
4992503,AP140608.jpg,Unconfirmed,100,0.000,0.000,0.000,0.000,0.000,0.000,0.000,0.000,1.000,0.000,0.000,0.000,0.000,4.000,2.000,0.000,0.000,0.000,93.000
4992502,AP140609.jpg,Unconfirmed,100,0.000,0.000,0.000,0.000,6.000,0.000,0.000,0.000,3.000,0.000,0.000,0.000,0.000,8.000,12.000,0.000,0.000,0.000,71.000
4992501,AP140610.jpg,Unconfirmed,100,0.000,0.000,0.000,0.000,4.000,0.000,0.000,0.000,0.000,0.000,0.000,0.000,0.000,4.000,29.000,0.000,0.000,0.000,63.000
4992500,AP140611.jpg,Unconfirmed,100,0.000,0.000,0.000,0.000,0.000,0.000,0.000,0.000,5.000,0.000,0.000,0.000,0.000,2.000,1.000,0.000,0.000,0.000,92.000
4992499,AP140612.jpg,Unconfirmed,100,0.000,0.000,0.000,0.000,5.000,0.000,0.000,0.000,1.000,0.000,0.000,0.000,0.000,0.000,25.000,0.000,0.000,0.000,69.000
4992498,AP140613.jpg,Unconfirmed,100,0.000,0.000,0.000,2.000,1.000,0.000,0.000,0.000,1.000,0.000,0.000,0.000,0.000,3.000,5.000,0.000,0.000,0.000,88.000
4992497,AP140614.jpg,Unconfirmed,100,0.000,0.000,0.000,0.000,1.000,0.000,0.000,0.000,3.000,0.000,0.000,0.000,0.000,10.000,5.000,0.000,0.000,0.000,81.000
4992496,AP140615.jpg,Unconfirmed,100,0.000,0.000,0.000,0.000,0.000,0.000,0.000,0.000,1.000,0.000,0.000,0.000,0.000,2.000,5.000,0.000,0.000,0.000,92.000
4992495,AP140616.jpg,Unconfirmed,100,0.000,0.000,0.000,0.000,0.000,0.000,0.000,0.000,0.000,0.000,0.000,0.000,0.000,0.000,0.000,0.000,0.000,0.000,100.000
4992494,AP140617.jpg,Unconfirmed,100,0.000,0.000,0.000,0.000,0.000,0.000,0.000,0.000,3.000,0.000,0.000,0.000,0.000,0.000,26.000,0.000,0.000,0.000,71.000
4992493,AP140618.jpg,Unconfirmed,100,0.000,0.000,0.000,3.000,0.000,0.000,0.000,0.000,8.000,0.000,0.000,0.000,0.000,8.000,17.000,0.000,0.000,0.000,64.000
4992492,AP140619.jpg,Unconfirmed,100,0.000,0.000,0.000,4.000,3.000,0.000,0.000,0.000,7.000,0.000,0.000,0.000,0.000,10.000,6.000,0.000,0.000,0.000,70.000
4992491,AP140620.jpg,Unconfirmed,100,0.000,0.000,0.000,0.000,2.000,0.000,0.000,0.000,6.000,0.000,0.000,0.000,0.000,21.000,24.000,0.000,0.000,0.000,47.000
4992489,AP140621.jpg,Unconfirmed,100,0.000,0.000,0.000,0.000,8.000,0.000,0.000,0.000,10.000,0.000,0.000,0.000,0.000,3.000,10.000,0.000,0.000,0.000,69.000
4992490,AP140622.jpg,Unconfirmed,100,0.000,0.000,0.000,1.000,0.000,0.000,0.000,0.000,0.000,0.000,0.000,0.000,0.000,1.000,1.000,0.000,0.000,0.000,97.000
4992488,AP140623.jpg,Unconfirmed,100,0.000,0.000,0.000,16.000,4.000,0.000,0.000,0.000,8.000,0.000,0.000,0.000,0.000,5.000,28.000,1.000,0.000,0.000,38.000
4992487,AP140624.jpg,Unconfirmed,100,0.000,0.000,0.000,19.000,7.000,0.000,0.000,0.000,7.000,0.000,0.000,0.000,0.000,31.000,13.000,0.000,0.000,0.000,23.000
4992486,AP140625.jpg,Unconfirmed,100,0.000,0.000,0.000,1.000,2.000,0.000,0.000,0.000,5.000,0.000,0.000,0.000,0.000,20.000,15.000,0.000,0.000,0.000,57.000
4992485,AP140626.jpg,Unconfirmed,100,0.000,0.000,0.000,0.000,1.000,0.000,0.000,0.000,0.000,0.000,0.000,0.000,0.000,0.000,0.000,0.000,0.000,0.000,99.000
4992484,AP140627.jpg,Unconfirmed,100,0.000,0.000,0.000,0.000,0.000,0.000,0.000,0.000,1.000,0.000,0.000,0.000,0.000,0.000,2.000,0.000,0.000,0.000,97.000
4992483,AP140628.jpg,Unconfirmed,100,0.000,0.000,0.000,0.000,0.000,0.000,0.000,0.000,0.000,0.000,0.000,0.000,0.000,0.000,4.000,0.000,0.000,0.000,96.000
4992482,AP140629.jpg,Unconfirmed,100,0.000,0.000,0.000,1.000,7.000,0.000,0.000,0.000,2.000,0.000,2.000,0.000,0.000,7.000,24.000,0.000,0.000,0.000,57.000
4992481,AP140630.jpg,Unconfirmed,100,0.000,0.000,0.000,1.000,4.000,0.000,0.000,0.000,3.000,0.000,0.000,0.000,0.000,10.000,16.000,0.000,0.000,0.000,66.000
4992480,AP140631.jpg,Unconfirmed,100,0.000,0.000,0.000,2.000,4.000,0.000,0.000,0.000,6.000,0.000,0.000,0.000,0.000,7.000,21.000,0.000,0.000,0.000,60.000
4992479,AP140632.jpg,Unconfirmed,100,0.000,0.000,0.000,0.000,17.000,0.000,0.000,0.000,7.000,0.000,0.000,0.000,0.000,18.000,42.000,0.000,0.000,0.000,16.000
4992478,AP140633.jpg,Unconfirmed,100,0.000,0.000,0.000,0.000,0.000,0.000,0.000,0.000,32.000,0.000,0.000,0.000,0.000,43.000,5.000,0.000,0.000,0.000,20.000
4992477,AP140634.jpg,Unconfirmed,100,0.000,0.000,0.000,0.000,1.000,0.000,0.000,0.000,0.000,0.000,0.000,0.000,0.000,0.000,2.000,0.000,0.000,0.000,97.000
4992476,AP140635.jpg,Unconfirmed,100,0.000,0.000,0.000,3.000,0.000,0.000,0.000,0.000,21.000,0.000,0.000,0.000,0.000,42.000,3.000,0.000,0.000,0.000,31.000
4992475,AP140636.jpg,Unconfirmed,100,0.000,0.000,0.000,0.000,1.000,0.000,0.000,0.000,0.000,0.000,0.000,0.000,0.000,0.000,4.000,0.000,0.000,0.000,95.000
4992474,AP140637.jpg,Unconfirmed,100,0.000,0.000,0.000,5.000,0.000,0.000,0.000,0.000,2.000,0.000,0.000,0.000,0.000,10.000,5.000,0.000,0.000,0.000,78.000
4992473,AP140638.jpg,Unconfirmed,100,0.000,0.000,0.000,0.000,0.000,0.000,0.000,0.000,20.000,0.000,0.000,0.000,0.000,24.000,21.000,0.000,0.000,0.000,35.000
4992472,AP140639.jpg,Unconfirmed,100,0.000,0.000,0.000,0.000,0.000,0.000,0.000,0.000,11.000,0.000,0.000,0.000,0.000,15.000,5.000,0.000,0.000,0.000,69.000
4992471,AP140640.jpg,Unconfirmed,100,0.000,0.000,0.000,2.000,0.000,0.000,0.000,0.000,2.000,0.000,0.000,0.000,0.000,2.000,6.000,0.000,0.000,0.000,88.000
4992470,AP140641.jpg,Unconfirmed,100,0.000,0.000,0.000,0.000,1.000,0.000,0.000,0.000,2.000,0.000,0.000,0.000,0.000,1.000,16.000,0.000,0.000,0.000,80.000
4992469,AP140642.jpg,Unconfirmed,100,0.000,0.000,0.000,0.000,1.000,0.000,0.000,0.000,5.000,0.000,0.000,0.000,0.000,4.000,49.000,0.000,0.000,0.000,41.000
4992468,AP140643.jpg,Unconfirmed,100,0.000,0.000,0.000,2.000,10.000,0.000,0.000,0.000,1.000,0.000,0.000,0.000,0.000,3.000,44.000,0.000,0.000,0.000,40.000
4992467,AP140644.jpg,Unconfirmed,100,0.000,0.000,0.000,0.000,0.000,0.000,0.000,0.000,3.000,0.000,0.000,0.000,0.000,1.000,3.000,0.000,0.000,0.000,93.000
4992466,AP140645.jpg,Unconfirmed,100,0.000,0.000,0.000,6.000,9.000,0.000,0.000,0.000,6.000,0.000,0.000,0.000,0.000,13.000,5.000,0.000,0.000,0.000,61.000
4992465,AP140646.jpg,Unconfirmed,100,0.000,0.000,0.000,1.000,7.000,0.000,0.000,0.000,6.000,0.000,0.000,0.000,0.000,12.000,15.000,0.000,0.000,0.000,59.000
4992464,AP140647.jpg,Unconfirmed,100,0.000,0.000,0.000,0.000,4.000,0.000,0.000,0.000,9.000,0.000,0.000,0.000,0.000,2.000,16.000,0.000,0.000,0.000,69.000
4992463,AP140648.jpg,Unconfirmed,100,0.000,0.000,0.000,10.000,13.000,1.000,0.000,0.000,14.000,0.000,0.000,0.000,0.000,16.000,25.000,0.000,0.000,0.000,21.000
4992462,AP140649.jpg,Unconfirmed,100,0.000,0.000,0.000,6.000,19.000,0.000,0.000,0.000,7.000,0.000,0.000,0.000,0.000,5.000,42.000,0.000,0.000,0.000,21.000
4992461,AP140650.jpg,Unconfirmed,100,0.000,0.000,0.000,3.000,10.000,0.000,0.000,0.000,7.000,0.000,0.000,0.000,0.000,11.000,12.000,0.000,0.000,0.000,57.000
4992459,AP140651.jpg,Unconfirmed,100,0.000,0.000,0.000,0.000,8.000,0.000,0.000,0.000,4.000,0.000,0.000,0.000,0.000,10.000,49.000,0.000,0.000,0.000,29.000
4992460,AP140652.jpg,Unconfirmed,100,0.000,0.000,0.000,0.000,2.000,0.000,0.000,0.000,3.000,0.000,0.000,0.000,0.000,1.000,10.000,0.000,0.000,0.000,84.000
4992458,AP140653.jpg,Unconfirmed,100,0.000,0.000,0.000,7.000,13.000,0.000,0.000,0.000,3.000,0.000,0.000,0.000,0.000,8.000,26.000,0.000,0.000,0.000,43.000
4992456,AP140654.jpg,Unconfirmed,100,0.000,0.000,0.000,2.000,6.000,0.000,0.000,0.000,12.000,0.000,0.000,0.000,0.000,18.000,32.000,0.000,0.000,0.000,30.000
4993431,AP150200.jpg,Unconfirmed,100,0.000,0.000,0.000,62.000,0.000,1.000,0.000,0.000,2.000,1.000,1.000,0.000,0.000,24.000,9.000,0.000,0.000,0.000,0.000
4993430,AP150201.jpg,Unconfirmed,100,0.000,0.000,0.000,45.000,0.000,0.000,0.000,0.000,15.000,0.000,0.000,0.000,0.000,39.000,1.000,0.000,0.000,0.000,0.000
4993429,AP150202.jpg,Unconfirmed,100,0.000,0.000,0.000,11.000,0.000,0.000,0.000,0.000,1.000,0.000,61.000,0.000,0.000,13.000,14.000,0.000,0.000,0.000,0.000
4993428,AP150203.jpg,Unconfirmed,100,0.000,0.000,0.000,22.000,3.000,0.000,0.000,0.000,19.000,0.000,0.000,0.000,0.000,30.000,26.000,0.000,0.000,0.000,0.000
4993427,AP150204.jpg,Unconfirmed,100,0.000,0.000,0.000,15.000,3.000,2.000,0.000,0.000,48.000,0.000,0.000,0.000,0.000,32.000,0.000,0.000,0.000,0.000,0.000
4993426,AP150205.jpg,Unconfirmed,100,0.000,0.000,0.000,54.000,0.000,0.000,0.000,0.000,0.000,0.000,3.000,0.000,0.000,17.000,24.000,0.000,0.000,0.000,2.000
4993425,AP150206.jpg,Unconfirmed,100,0.000,0.000,0.000,87.000,0.000,0.000,0.000,0.000,0.000,0.000,1.000,0.000,0.000,11.000,1.000,0.000,0.000,0.000,0.000
4993424,AP150207.jpg,Unconfirmed,100,0.000,0.000,0.000,6.000,2.000,0.000,0.000,0.000,33.000,0.000,6.000,0.000,0.000,30.000,15.000,1.000,0.000,0.000,7.000
4993423,AP150208.jpg,Unconfirmed,100,0.000,0.000,0.000,1.000,0.000,1.000,0.000,0.000,51.000,0.000,0.000,0.000,0.000,28.000,19.000,0.000,0.000,0.000,0.000
4993422,AP150209.jpg,Unconfirmed,100,0.000,0.000,0.000,19.000,0.000,2.000,0.000,0.000,76.000,0.000,0.000,0.000,0.000,3.000,0.000,0.000,0.000,0.000,0.000
4993421,AP150210.jpg,Unconfirmed,100,0.000,0.000,0.000,1.000,0.000,2.000,0.000,0.000,43.000,0.000,0.000,0.000,0.000,49.000,5.000,0.000,0.000,0.000,0.000
4993420,AP150211.jpg,Unconfirmed,100,0.000,0.000,0.000,21.000,0.000,2.000,0.000,0.000,47.000,0.000,2.000,0.000,0.000,27.000,1.000,0.000,0.000,0.000,0.000
4993419,AP150212.jpg,Unconfirmed,100,0.000,0.000,0.000,6.000,0.000,0.000,0.000,0.000,71.000,0.000,0.000,0.000,0.000,23.000,0.000,0.000,0.000,0.000,0.000
4993418,AP150213.jpg,Unconfirmed,100,0.000,0.000,0.000,40.000,0.000,3.000,0.000,0.000,53.000,0.000,0.000,0.000,0.000,4.000,0.000,0.000,0.000,0.000,0.000
4993417,AP150214.jpg,Unconfirmed,100,0.000,0.000,0.000,68.000,1.000,1.000,0.000,0.000,28.000,0.000,0.000,0.000,0.000,1.000,1.000,0.000,0.000,0.000,0.000
4993416,AP150215.jpg,Unconfirmed,100,0.000,0.000,0.000,19.000,6.000,1.000,0.000,0.000,15.000,0.000,1.000,0.000,0.000,17.000,41.000,0.000,0.000,0.000,0.000
4993415,AP150216.jpg,Unconfirmed,100,0.000,0.000,0.000,57.000,2.000,0.000,0.000,0.000,13.000,0.000,3.000,0.000,0.000,13.000,12.000,0.000,0.000,0.000,0.000
4993413,AP150217.jpg,Unconfirmed,100,0.000,0.000,0.000,5.000,0.000,1.000,0.000,0.000,38.000,0.000,10.000,0.000,0.000,20.000,26.000,0.000,0.000,0.000,0.000
4993414,AP150218.jpg,Unconfirmed,100,0.000,0.000,0.000,19.000,0.000,3.000,0.000,0.000,42.000,0.000,0.000,0.000,0.000,36.000,0.000,0.000,0.000,0.000,0.000
4993412,AP150219.jpg,Unconfirmed,100,0.000,0.000,0.000,26.000,0.000,4.000,0.000,0.000,15.000,0.000,0.000,0.000,0.000,51.000,4.000,0.000,0.000,0.000,0.000
4993410,AP150220.jpg,Unconfirmed,100,0.000,0.000,0.000,2.000,0.000,1.000,0.000,0.000,91.000,0.000,0.000,0.000,0.000,4.000,2.000,0.000,0.000,0.000,0.000
4993411,AP150221.jpg,Unconfirmed,100,0.000,0.000,0.000,1.000,0.000,0.000,0.000,0.000,86.000,0.000,0.000,0.000,0.000,12.000,1.000,0.000,0.000,0.000,0.000
4993409,AP150222.jpg,Unconfirmed,100,0.000,0.000,0.000,16.000,0.000,0.000,0.000,0.000,59.000,0.000,0.000,0.000,0.000,25.000,0.000,0.000,0.000,0.000,0.000
4993408,AP150223.jpg,Unconfirmed,100,0.000,0.000,0.000,71.000,0.000,1.000,0.000,0.000,11.000,0.000,1.000,0.000,0.000,16.000,0.000,0.000,0.000,0.000,0.000
4993407,AP150224.jpg,Unconfirmed,100,0.000,0.000,0.000,77.000,0.000,0.000,0.000,0.000,21.000,0.000,0.000,0.000,0.000,2.000,0.000,0.000,0.000,0.000,0.000
4993406,AP150225.jpg,Unconfirmed,100,0.000,0.000,0.000,30.000,4.000,2.000,0.000,0.000,58.000,0.000,0.000,0.000,0.000,6.000,0.000,0.000,0.000,0.000,0.000
4993405,AP150226.jpg,Unconfirmed,100,0.000,0.000,0.000,11.000,1.000,0.000,0.000,0.000,36.000,0.000,0.000,0.000,0.000,41.000,11.000,0.000,0.000,0.000,0.000
4993404,AP150227.jpg,Unconfirmed,100,0.000,0.000,0.000,56.000,0.000,2.000,0.000,0.000,33.000,0.000,0.000,0.000,0.000,8.000,1.000,0.000,0.000,0.000,0.000
4993403,AP150228.jpg,Unconfirmed,100,0.000,0.000,0.000,47.000,8.000,1.000,0.000,0.000,26.000,0.000,0.000,0.000,0.000,9.000,9.000,0.000,0.000,0.000,0.000
4993402,AP150229.jpg,Unconfirmed,100,0.000,0.000,0.000,0.000,0.000,0.000,0.000,0.000,88.000,0.000,0.000,0.000,0.000,12.000,0.000,0.000,0.000,0.000,0.000
4993401,AP150230.jpg,Unconfirmed,100,0.000,0.000,0.000,45.000,3.000,2.000,0.000,0.000,23.000,0.000,2.000,0.000,0.000,23.000,2.000,0.000,0.000,0.000,0.000
4993400,AP150231.jpg,Unconfirmed,100,0.000,0.000,0.000,31.000,1.000,1.000,0.000,0.000,42.000,0.000,0.000,0.000,0.000,17.000,8.000,0.000,0.000,0.000,0.000
4993399,AP150232.jpg,Unconfirmed,100,0.000,0.000,0.000,36.000,0.000,0.000,0.000,0.000,4.000,0.000,2.000,0.000,0.000,58.000,0.000,0.000,0.000,0.000,0.000
4993398,AP150233.jpg,Unconfirmed,100,0.000,0.000,0.000,98.000,0.000,0.000,0.000,0.000,1.000,0.000,0.000,0.000,0.000,1.000,0.000,0.000,0.000,0.000,0.000
4993397,AP150234.jpg,Unconfirmed,100,0.000,0.000,0.000,75.000,0.000,0.000,0.000,0.000,10.000,0.000,0.000,0.000,0.000,14.000,1.000,0.000,0.000,0.000,0.000
4993396,AP150235.jpg,Unconfirmed,100,0.000,0.000,0.000,73.000,11.000,0.000,0.000,0.000,2.000,0.000,11.000,0.000,0.000,1.000,0.000,0.000,0.000,0.000,2.000
4993395,AP150236.jpg,Unconfirmed,100,0.000,0.000,0.000,85.000,3.000,0.000,0.000,0.000,2.000,0.000,6.000,0.000,0.000,3.000,0.000,0.000,0.000,0.000,1.000
4993394,AP150237.jpg,Unconfirmed,100,0.000,0.000,0.000,5.000,5.000,0.000,0.000,0.000,53.000,0.000,0.000,0.000,0.000,22.000,15.000,0.000,0.000,0.000,0.000
4993393,AP150238.jpg,Unconfirmed,100,0.000,0.000,0.000,32.000,0.000,1.000,0.000,0.000,32.000,0.000,0.000,0.000,0.000,24.000,11.000,0.000,0.000,0.000,0.000
4993392,AP150239.jpg,Unconfirmed,100,0.000,0.000,0.000,11.000,0.000,0.000,0.000,0.000,68.000,0.000,0.000,0.000,0.000,21.000,0.000,0.000,0.000,0.000,0.000
4993391,AP150240.jpg,Unconfirmed,100,0.000,0.000,0.000,41.000,0.000,0.000,0.000,0.000,32.000,0.000,0.000,0.000,0.000,26.000,1.000,0.000,0.000,0.000,0.000
4993390,AP150241.jpg,Unconfirmed,100,0.000,0.000,0.000,69.000,0.000,0.000,0.000,0.000,28.000,0.000,0.000,0.000,0.000,3.000,0.000,0.000,0.000,0.000,0.000
4993388,AP150242.jpg,Unconfirmed,100,0.000,0.000,0.000,20.000,1.000,0.000,0.000,0.000,66.000,0.000,0.000,0.000,0.000,13.000,0.000,0.000,0.000,0.000,0.000
4993389,AP150243.jpg,Unconfirmed,100,0.000,0.000,0.000,43.000,4.000,1.000,0.000,0.000,40.000,0.000,0.000,0.000,0.000,12.000,0.000,0.000,0.000,0.000,0.000
4993387,AP150244.jpg,Unconfirmed,100,0.000,0.000,0.000,4.000,1.000,0.000,0.000,0.000,88.000,0.000,0.000,0.000,0.000,5.000,2.000,0.000,0.000,0.000,0.000
4993386,AP150245.jpg,Unconfirmed,100,0.000,0.000,0.000,35.000,1.000,2.000,0.000,0.000,47.000,0.000,4.000,0.000,0.000,8.000,3.000,0.000,0.000,0.000,0.000
4993385,AP150247.jpg,Unconfirmed,100,0.000,0.000,0.000,5.000,68.000,1.000,0.000,0.000,25.000,0.000,0.000,0.000,0.000,0.000,1.000,0.000,0.000,0.000,0.000
4993384,AP150248.jpg,Unconfirmed,100,0.000,0.000,0.000,8.000,71.000,1.000,0.000,0.000,13.000,0.000,0.000,0.000,0.000,2.000,5.000,0.000,0.000,0.000,0.000
4993383,AP150249.jpg,Unconfirmed,100,0.000,0.000,0.000,12.000,71.000,1.000,0.000,0.000,15.000,0.000,0.000,0.000,0.000,1.000,0.000,0.000,0.000,0.000,0.000
4993382,AP150250.jpg,Unconfirmed,100,0.000,0.000,0.000,31.000,30.000,6.000,0.000,0.000,32.000,0.000,0.000,0.000,0.000,1.000,0.000,0.000,0.000,0.000,0.000
4993381,AP150251.jpg,Unconfirmed,100,0.000,0.000,0.000,3.000,93.000,2.000,0.000,0.000,2.000,0.000,0.000,0.000,0.000,0.000,0.000,0.000,0.000,0.000,0.000
4993379,AP150252.jpg,Unconfirmed,100,0.000,0.000,0.000,2.000,97.000,1.000,0.000,0.000,0.000,0.000,0.000,0.000,0.000,0.000,0.000,0.000,0.000,0.000,0.000
4993380,AP150253.jpg,Unconfirmed,100,0.000,0.000,0.000,3.000,45.000,0.000,0.000,0.000,5.000,0.000,14.000,0.000,0.000,0.000,11.000,0.000,0.000,0.000,22.000
4993378,AP150254.jpg,Unconfirmed,100,0.000,0.000,0.000,2.000,88.000,0.000,0.000,0.000,6.000,0.000,0.000,0.000,0.000,2.000,2.000,0.000,0.000,0.000,0.000
4993377,AP150255.jpg,Unconfirmed,100,0.000,0.000,0.000,2.000,89.000,1.000,0.000,0.000,4.000,0.000,0.000,0.000,0.000,1.000,3.000,0.000,0.000,0.000,0.000
4993376,AP150256.jpg,Unconfirmed,100,0.000,0.000,0.000,7.000,85.000,1.000,0.000,0.000,2.000,0.000,1.000,0.000,0.000,0.000,2.000,0.000,0.000,0.000,2.000
4993375,AP150257.jpg,Unconfirmed,100,0.000,0.000,0.000,14.000,55.000,0.000,0.000,0.000,5.000,0.000,10.000,0.000,0.000,1.000,10.000,2.000,0.000,0.000,3.000
4993374,AP150258.jpg,Unconfirmed,100,0.000,0.000,0.000,16.000,76.000,1.000,0.000,0.000,7.000,0.000,0.000,0.000,0.000,0.000,0.000,0.000,0.000,0.000,0.000
4993373,AP150259.jpg,Unconfirmed,100,0.000,0.000,0.000,0.000,65.000,0.000,0.000,0.000,3.000,0.000,8.000,0.000,0.000,0.000,12.000,0.000,0.000,0.000,12.000
4993372,AP150260.jpg,Unconfirmed,100,0.000,0.000,0.000,5.000,94.000,0.000,0.000,0.000,0.000,0.000,0.000,0.000,0.000,0.000,0.000,1.000,0.000,0.000,0.000
4993370,AP150261.jpg,Unconfirmed,100,0.000,0.000,0.000,0.000,66.000,0.000,0.000,0.000,4.000,0.000,14.000,0.000,0.000,0.000,6.000,0.000,0.000,0.000,10.000
4993371,AP150262.jpg,Unconfirmed,100,0.000,0.000,0.000,2.000,94.000,0.000,0.000,0.000,0.000,0.000,1.000,0.000,0.000,0.000,2.000,1.000,0.000,0.000,0.000
4993369,AP150263.jpg,Unconfirmed,100,0.000,0.000,0.000,2.000,88.000,0.000,0.000,0.000,1.000,0.000,4.000,0.000,0.000,0.000,1.000,0.000,0.000,0.000,4.000
4993367,AP150264.jpg,Unconfirmed,100,0.000,0.000,0.000,0.000,62.000,0.000,0.000,0.000,3.000,1.000,12.000,0.000,0.000,1.000,2.000,0.000,0.000,0.000,19.000
4993368,AP150265.jpg,Unconfirmed,100,0.000,0.000,0.000,0.000,40.000,0.000,0.000,0.000,3.000,0.000,13.000,0.000,0.000,0.000,17.000,1.000,0.000,0.000,26.000
4993366,AP150266.jpg,Unconfirmed,100,0.000,0.000,0.000,27.000,4.000,0.000,0.000,0.000,22.000,0.000,24.000,0.000,0.000,5.000,12.000,1.000,0.000,0.000,5.000
4993365,AP150267.jpg,Unconfirmed,100,0.000,0.000,0.000,3.000,97.000,0.000,0.000,0.000,0.000,0.000,0.000,0.000,0.000,0.000,0.000,0.000,0.000,0.000,0.000
4993364,AP150268.jpg,Unconfirmed,100,0.000,0.000,0.000,29.000,58.000,0.000,0.000,0.000,4.000,0.000,3.000,0.000,0.000,0.000,2.000,3.000,0.000,0.000,1.000
4993363,AP150269.jpg,Unconfirmed,100,0.000,0.000,0.000,5.000,95.000,0.000,0.000,0.000,0.000,0.000,0.000,0.000,0.000,0.000,0.000,0.000,0.000,0.000,0.000
4993362,AP150270.jpg,Unconfirmed,100,0.000,0.000,0.000,3.000,91.000,0.000,0.000,0.000,3.000,0.000,1.000,0.000,0.000,0.000,2.000,0.000,0.000,0.000,0.000
4993361,AP150271.jpg,Unconfirmed,100,0.000,0.000,0.000,17.000,54.000,1.000,0.000,0.000,0.000,0.000,7.000,0.000,0.000,1.000,17.000,0.000,0.000,0.000,3.000
4993360,AP150272.jpg,Unconfirmed,100,0.000,0.000,0.000,0.000,99.000,0.000,0.000,0.000,1.000,0.000,0.000,0.000,0.000,0.000,0.000,0.000,0.000,0.000,0.000
4993358,AP150273.jpg,Unconfirmed,100,0.000,0.000,0.000,0.000,1.000,0.000,0.000,0.000,2.000,0.000,25.000,0.000,0.000,8.000,60.000,0.000,0.000,0.000,4.000
4993359,AP150274.jpg,Unconfirmed,100,0.000,0.000,0.000,6.000,74.000,0.000,0.000,0.000,15.000,0.000,2.000,0.000,0.000,0.000,3.000,0.000,0.000,0.000,0.000
4993357,AP150275.jpg,Unconfirmed,100,0.000,0.000,0.000,0.000,100.000,0.000,0.000,0.000,0.000,0.000,0.000,0.000,0.000,0.000,0.000,0.000,0.000,0.000,0.000
4993356,AP150276.jpg,Unconfirmed,100,0.000,0.000,0.000,0.000,36.000,0.000,0.000,0.000,7.000,0.000,14.000,0.000,0.000,3.000,26.000,0.000,0.000,0.000,14.000
4993354,AP150277.jpg,Unconfirmed,100,0.000,0.000,0.000,0.000,10.000,0.000,0.000,0.000,12.000,0.000,24.000,0.000,0.000,2.000,18.000,0.000,0.000,0.000,34.000
4993355,AP150278.jpg,Unconfirmed,100,0.000,0.000,0.000,0.000,1.000,0.000,0.000,0.000,0.000,0.000,14.000,0.000,0.000,9.000,23.000,0.000,0.000,0.000,53.000
4993352,AP150279.jpg,Unconfirmed,100,0.000,0.000,0.000,0.000,98.000,0.000,0.000,0.000,2.000,0.000,0.000,0.000,0.000,0.000,0.000,0.000,0.000,0.000,0.000
4993353,AP150280.jpg,Unconfirmed,100,0.000,0.000,0.000,4.000,96.000,0.000,0.000,0.000,0.000,0.000,0.000,0.000,0.000,0.000,0.000,0.000,0.000,0.000,0.000
4993351,AP150281.jpg,Unconfirmed,100,0.000,0.000,0.000,0.000,96.000,0.000,0.000,0.000,4.000,0.000,0.000,0.000,0.000,0.000,0.000,0.000,0.000,0.000,0.000
4993350,AP150282.jpg,Unconfirmed,100,0.000,0.000,0.000,0.000,24.000,0.000,0.000,0.000,11.000,0.000,15.000,0.000,0.000,3.000,22.000,0.000,0.000,0.000,25.000
4993349,AP150283.jpg,Unconfirmed,100,0.000,0.000,0.000,0.000,99.000,0.000,0.000,0.000,0.000,0.000,0.000,0.000,0.000,0.000,1.000,0.000,0.000,0.000,0.000
4993348,AP150284.jpg,Unconfirmed,100,0.000,0.000,0.000,0.000,87.000,3.000,0.000,0.000,6.000,0.000,0.000,0.000,0.000,1.000,3.000,0.000,0.000,0.000,0.000
4993345,AP150285.jpg,Unconfirmed,100,0.000,0.000,0.000,1.000,39.000,1.000,0.000,0.000,6.000,0.000,9.000,0.000,0.000,1.000,37.000,0.000,0.000,0.000,6.000
4993347,AP150286.jpg,Unconfirmed,100,0.000,0.000,0.000,1.000,97.000,0.000,0.000,0.000,2.000,0.000,0.000,0.000,0.000,0.000,0.000,0.000,0.000,0.000,0.000
4993346,AP150287.jpg,Unconfirmed,100,0.000,0.000,0.000,33.000,40.000,1.000,0.000,0.000,10.000,0.000,2.000,0.000,0.000,4.000,5.000,0.000,0.000,0.000,5.000
4993343,AP150288.jpg,Unconfirmed,100,0.000,0.000,1.000,6.000,80.000,1.000,0.000,0.000,9.000,0.000,2.000,0.000,0.000,1.000,0.000,0.000,0.000,0.000,0.000
4993342,AP150289.jpg,Unconfirmed,100,0.000,0.000,0.000,2.000,88.000,0.000,0.000,0.000,6.000,0.000,3.000,0.000,0.000,0.000,1.000,0.000,0.000,0.000,0.000
4993344,AP150290.jpg,Unconfirmed,100,0.000,0.000,0.000,1.000,91.000,0.000,0.000,0.000,3.000,0.000,5.000,0.000,0.000,0.000,0.000,0.000,0.000,0.000,0.000
4993341,AP150291.jpg,Unconfirmed,100,0.000,0.000,0.000,0.000,64.000,0.000,0.000,0.000,0.000,0.000,22.000,0.000,0.000,0.000,0.000,0.000,0.000,0.000,14.000
4993340,AP150292.jpg,Unconfirmed,100,0.000,0.000,0.000,0.000,24.000,0.000,0.000,0.000,6.000,0.000,20.000,0.000,0.000,13.000,11.000,0.000,0.000,0.000,26.000
4993339,AP150293.jpg,Unconfirmed,100,0.000,0.000,0.000,7.000,93.000,0.000,0.000,0.000,0.000,0.000,0.000,0.000,0.000,0.000,0.000,0.000,0.000,0.000,0.000
4993338,AP150294.jpg,Unconfirmed,100,0.000,0.000,0.000,4.000,95.000,0.000,0.000,0.000,1.000,0.000,0.000,0.000,0.000,0.000,0.000,0.000,0.000,0.000,0.000
4993337,AP150295.jpg,Unconfirmed,100,0.000,0.000,0.000,22.000,55.000,2.000,0.000,0.000,6.000,0.000,3.000,0.000,0.000,8.000,4.000,0.000,0.000,0.000,0.000
4993336,AP150296.jpg,Unconfirmed,100,0.000,0.000,0.000,30.000,9.000,1.000,0.000,0.000,6.000,0.000,15.000,1.000,0.000,0.000,16.000,2.000,0.000,0.000,20.000
4993334,AP150297.jpg,Unconfirmed,100,0.000,0.000,0.000,0.000,16.000,0.000,0.000,0.000,4.000,0.000,28.000,0.000,0.000,2.000,34.000,4.000,0.000,0.000,12.000
4993333,AP150298.jpg,Unconfirmed,100,0.000,0.000,0.000,33.000,33.000,0.000,0.000,0.000,13.000,0.000,11.000,0.000,0.000,6.000,2.000,2.000,0.000,0.000,0.000
4993335,AP150299.jpg,Unconfirmed,100,0.000,0.000,0.000,0.000,18.000,0.000,0.000,0.000,10.000,1.000,16.000,0.000,0.000,1.000,12.000,3.000,0.000,0.000,39.000
4993332,AP150301.jpg,Unconfirmed,100,0.000,0.000,0.000,1.000,6.000,0.000,0.000,0.000,8.000,0.000,14.000,0.000,0.000,18.000,29.000,0.000,0.000,0.000,24.000
4993330,AP150302.jpg,Unconfirmed,100,0.000,0.000,0.000,0.000,5.000,0.000,0.000,0.000,9.000,0.000,27.000,0.000,0.000,37.000,16.000,0.000,0.000,0.000,6.000
4993331,AP150303.jpg,Unconfirmed,100,0.000,0.000,0.000,3.000,6.000,0.000,0.000,0.000,6.000,0.000,23.000,0.000,0.000,45.000,12.000,0.000,0.000,0.000,5.000
4993329,AP150304.jpg,Unconfirmed,100,0.000,0.000,0.000,0.000,8.000,0.000,0.000,0.000,10.000,4.000,16.000,1.000,0.000,14.000,5.000,1.000,0.000,0.000,41.000
4993327,AP150305.jpg,Unconfirmed,100,0.000,0.000,0.000,0.000,1.000,0.000,0.000,0.000,2.000,0.000,36.000,0.000,0.000,9.000,45.000,0.000,0.000,0.000,7.000
4993328,AP150306.jpg,Unconfirmed,100,0.000,0.000,0.000,1.000,1.000,0.000,0.000,0.000,5.000,0.000,19.000,0.000,0.000,5.000,65.000,0.000,0.000,0.000,4.000
4993326,AP150307.jpg,Unconfirmed,100,0.000,0.000,0.000,1.000,4.000,0.000,0.000,0.000,5.000,0.000,22.000,0.000,0.000,14.000,49.000,0.000,0.000,0.000,5.000
4993324,AP150308.jpg,Unconfirmed,100,0.000,0.000,0.000,0.000,12.000,0.000,0.000,0.000,4.000,0.000,16.000,0.000,0.000,7.000,21.000,0.000,0.000,0.000,40.000
4993325,AP150309.jpg,Unconfirmed,100,0.000,0.000,0.000,1.000,22.000,0.000,0.000,0.000,4.000,0.000,43.000,0.000,0.000,6.000,18.000,0.000,0.000,0.000,6.000
4993323,AP150310.jpg,Unconfirmed,100,0.000,0.000,0.000,1.000,17.000,0.000,0.000,0.000,2.000,0.000,25.000,0.000,0.000,22.000,7.000,0.000,0.000,0.000,26.000
4993322,AP150311.jpg,Unconfirmed,100,0.000,0.000,0.000,2.000,27.000,0.000,0.000,0.000,3.000,0.000,26.000,0.000,0.000,4.000,14.000,0.000,0.000,0.000,24.000
4993321,AP150312.jpg,Unconfirmed,100,0.000,0.000,0.000,0.000,21.000,0.000,0.000,0.000,2.000,0.000,21.000,0.000,0.000,5.000,25.000,1.000,0.000,0.000,25.000
4993320,AP150313.jpg,Unconfirmed,100,0.000,0.000,0.000,0.000,14.000,0.000,0.000,0.000,5.000,0.000,24.000,0.000,0.000,2.000,19.000,2.000,0.000,0.000,34.000
4993319,AP150314.jpg,Unconfirmed,100,0.000,0.000,0.000,0.000,23.000,0.000,0.000,0.000,10.000,0.000,22.000,0.000,0.000,0.000,11.000,0.000,0.000,0.000,34.000
4993318,AP150315.jpg,Unconfirmed,100,0.000,0.000,0.000,0.000,11.000,0.000,0.000,0.000,6.000,0.000,25.000,0.000,0.000,4.000,19.000,0.000,0.000,0.000,35.000
4993317,AP150316.jpg,Unconfirmed,100,0.000,0.000,0.000,0.000,5.000,0.000,0.000,0.000,5.000,0.000,28.000,0.000,0.000,2.000,11.000,0.000,0.000,0.000,49.000
4993316,AP150317.jpg,Unconfirmed,100,0.000,0.000,0.000,0.000,10.000,0.000,0.000,0.000,10.000,0.000,25.000,1.000,0.000,3.000,11.000,0.000,0.000,0.000,40.000
4993315,AP150318.jpg,Unconfirmed,100,0.000,0.000,0.000,0.000,15.000,0.000,0.000,0.000,8.000,0.000,24.000,1.000,0.000,2.000,19.000,0.000,0.000,0.000,31.000
4993314,AP150319.jpg,Unconfirmed,100,0.000,0.000,0.000,0.000,30.000,0.000,0.000,0.000,4.000,0.000,10.000,1.000,0.000,1.000,6.000,0.000,0.000,0.000,48.000
4993313,AP150320.jpg,Unconfirmed,100,0.000,0.000,0.000,0.000,5.000,0.000,0.000,0.000,2.000,0.000,17.000,0.000,0.000,14.000,29.000,0.000,0.000,0.000,33.000
4993312,AP150321.jpg,Unconfirmed,100,0.000,0.000,0.000,0.000,13.000,0.000,0.000,0.000,12.000,0.000,23.000,0.000,0.000,0.000,30.000,0.000,0.000,0.000,22.000
4993311,AP150322.jpg,Unconfirmed,100,0.000,0.000,0.000,0.000,0.000,0.000,0.000,0.000,9.000,0.000,16.000,0.000,0.000,11.000,38.000,0.000,0.000,0.000,26.000
4993310,AP150323.jpg,Unconfirmed,100,0.000,0.000,0.000,2.000,19.000,0.000,0.000,0.000,5.000,2.000,28.000,0.000,0.000,6.000,14.000,0.000,0.000,0.000,24.000
4993309,AP150324.jpg,Unconfirmed,100,0.000,0.000,0.000,27.000,23.000,0.000,0.000,0.000,19.000,0.000,6.000,0.000,0.000,5.000,18.000,0.000,0.000,0.000,2.000
4993308,AP150325.jpg,Unconfirmed,100,0.000,0.000,0.000,0.000,10.000,0.000,0.000,0.000,16.000,0.000,13.000,0.000,0.000,2.000,1.000,2.000,0.000,0.000,56.000
4993307,AP150326.jpg,Unconfirmed,100,0.000,0.000,0.000,0.000,8.000,0.000,0.000,0.000,9.000,1.000,13.000,0.000,0.000,1.000,13.000,0.000,0.000,0.000,55.000
4993306,AP150327.jpg,Unconfirmed,100,0.000,0.000,0.000,0.000,29.000,0.000,0.000,0.000,6.000,2.000,21.000,1.000,0.000,5.000,7.000,1.000,0.000,0.000,28.000
4993305,AP150328.jpg,Unconfirmed,100,0.000,0.000,0.000,2.000,23.000,0.000,0.000,0.000,16.000,5.000,9.000,1.000,0.000,0.000,15.000,0.000,0.000,0.000,29.000
4993304,AP150329.jpg,Unconfirmed,100,0.000,0.000,0.000,4.000,9.000,0.000,0.000,0.000,8.000,0.000,14.000,0.000,0.000,10.000,11.000,2.000,0.000,0.000,42.000
4993303,AP150330.jpg,Unconfirmed,100,0.000,0.000,0.000,10.000,4.000,0.000,0.000,0.000,9.000,0.000,30.000,0.000,0.000,6.000,15.000,0.000,0.000,0.000,26.000
4993302,AP150331.jpg,Unconfirmed,100,0.000,0.000,0.000,2.000,28.000,0.000,0.000,0.000,13.000,1.000,21.000,0.000,0.000,5.000,10.000,0.000,0.000,0.000,20.000
4993301,AP150332.jpg,Unconfirmed,100,0.000,0.000,0.000,8.000,11.000,0.000,0.000,0.000,6.000,0.000,22.000,0.000,0.000,4.000,14.000,0.000,0.000,0.000,35.000
4993300,AP150333.jpg,Unconfirmed,100,0.000,0.000,0.000,8.000,15.000,0.000,0.000,0.000,0.000,0.000,20.000,0.000,0.000,4.000,29.000,0.000,0.000,0.000,24.000
4993299,AP150334.jpg,Unconfirmed,100,0.000,0.000,0.000,0.000,3.000,0.000,0.000,0.000,0.000,0.000,15.000,1.000,0.000,2.000,21.000,0.000,0.000,0.000,58.000
4993298,AP150335.jpg,Unconfirmed,100,0.000,0.000,0.000,0.000,9.000,0.000,0.000,0.000,3.000,0.000,30.000,0.000,0.000,5.000,16.000,0.000,0.000,0.000,37.000
4993297,AP150336.jpg,Unconfirmed,100,0.000,0.000,0.000,9.000,23.000,0.000,0.000,0.000,4.000,0.000,16.000,0.000,0.000,10.000,8.000,0.000,0.000,0.000,30.000
4993296,AP150337.jpg,Unconfirmed,100,0.000,0.000,0.000,4.000,13.000,0.000,0.000,0.000,9.000,0.000,3.000,0.000,0.000,0.000,28.000,0.000,0.000,0.000,43.000
4993295,AP150338.jpg,Unconfirmed,100,0.000,0.000,0.000,0.000,2.000,0.000,0.000,0.000,2.000,0.000,33.000,0.000,0.000,2.000,14.000,0.000,0.000,0.000,47.000
4993294,AP150339.jpg,Unconfirmed,100,0.000,0.000,0.000,0.000,7.000,0.000,0.000,0.000,0.000,0.000,24.000,0.000,0.000,15.000,37.000,0.000,0.000,0.000,17.000
4993293,AP150340.jpg,Unconfirmed,100,0.000,0.000,0.000,0.000,15.000,0.000,0.000,0.000,17.000,1.000,20.000,0.000,0.000,4.000,21.000,0.000,0.000,0.000,22.000
4993292,AP150341.jpg,Unconfirmed,100,0.000,0.000,0.000,0.000,6.000,0.000,0.000,0.000,1.000,0.000,41.000,0.000,0.000,3.000,24.000,0.000,0.000,0.000,25.000
4993291,AP150342.jpg,Unconfirmed,100,0.000,0.000,0.000,0.000,9.000,0.000,0.000,0.000,4.000,0.000,18.000,0.000,0.000,3.000,29.000,0.000,0.000,0.000,37.000
4993290,AP150343.jpg,Unconfirmed,100,0.000,0.000,0.000,0.000,21.000,0.000,0.000,0.000,3.000,0.000,21.000,0.000,0.000,1.000,33.000,0.000,0.000,0.000,21.000
4993289,AP150344.jpg,Unconfirmed,100,0.000,0.000,0.000,8.000,22.000,0.000,0.000,0.000,3.000,0.000,16.000,0.000,0.000,4.000,20.000,0.000,0.000,0.000,27.000
4993288,AP150345.jpg,Unconfirmed,100,0.000,0.000,0.000,1.000,7.000,0.000,0.000,0.000,2.000,0.000,19.000,0.000,0.000,1.000,31.000,0.000,0.000,0.000,39.000
4993287,AP150346.jpg,Unconfirmed,100,0.000,0.000,0.000,1.000,2.000,0.000,0.000,0.000,0.000,0.000,30.000,0.000,0.000,1.000,22.000,0.000,0.000,0.000,44.000
4993286,AP150347.jpg,Unconfirmed,100,0.000,0.000,0.000,6.000,5.000,0.000,0.000,0.000,3.000,2.000,4.000,0.000,0.000,2.000,11.000,0.000,0.000,0.000,67.000
4993285,AP150348.jpg,Unconfirmed,100,0.000,0.000,0.000,1.000,13.000,0.000,0.000,0.000,0.000,0.000,6.000,0.000,0.000,0.000,29.000,0.000,0.000,0.000,51.000
4993284,AP150349.jpg,Unconfirmed,100,0.000,0.000,0.000,2.000,19.000,0.000,0.000,0.000,2.000,0.000,8.000,0.000,0.000,2.000,13.000,0.000,0.000,0.000,54.000
4993283,AP150350.jpg,Unconfirmed,100,0.000,0.000,0.000,4.000,24.000,0.000,0.000,0.000,0.000,0.000,4.000,0.000,0.000,3.000,14.000,2.000,0.000,0.000,49.000
4993282,AP150351.jpg,Unconfirmed,100,0.000,0.000,0.000,2.000,12.000,0.000,0.000,0.000,2.000,0.000,14.000,0.000,0.000,4.000,25.000,0.000,0.000,0.000,41.000
4993281,AP150356.jpg,Unconfirmed,100,0.000,0.000,0.000,1.000,0.000,0.000,0.000,0.000,55.000,0.000,0.000,0.000,0.000,26.000,18.000,0.000,0.000,0.000,0.000
4993280,AP150357.jpg,Unconfirmed,100,0.000,0.000,0.000,3.000,0.000,0.000,0.000,0.000,43.000,0.000,12.000,0.000,0.000,30.000,12.000,0.000,0.000,0.000,0.000
4993278,AP150358.jpg,Unconfirmed,100,0.000,0.000,0.000,0.000,0.000,0.000,0.000,0.000,80.000,0.000,0.000,0.000,0.000,13.000,7.000,0.000,0.000,0.000,0.000
4993279,AP150359.jpg,Unconfirmed,100,0.000,0.000,0.000,13.000,1.000,0.000,0.000,0.000,28.000,0.000,0.000,0.000,0.000,24.000,34.000,0.000,0.000,0.000,0.000
4993277,AP150360.jpg,Unconfirmed,100,0.000,0.000,0.000,26.000,2.000,1.000,0.000,0.000,32.000,0.000,0.000,0.000,0.000,21.000,18.000,0.000,0.000,0.000,0.000
4993276,AP150361.jpg,Unconfirmed,100,0.000,0.000,0.000,12.000,3.000,1.000,0.000,0.000,51.000,0.000,0.000,0.000,0.000,22.000,11.000,0.000,0.000,0.000,0.000
4993275,AP150362.jpg,Unconfirmed,100,0.000,0.000,0.000,42.000,10.000,0.000,0.000,0.000,10.000,0.000,0.000,0.000,0.000,35.000,3.000,0.000,0.000,0.000,0.000
4993274,AP150363.jpg,Unconfirmed,100,0.000,0.000,0.000,1.000,2.000,0.000,0.000,0.000,19.000,0.000,0.000,0.000,0.000,11.000,67.000,0.000,0.000,0.000,0.000
4993273,AP150364.jpg,Unconfirmed,100,0.000,0.000,0.000,0.000,4.000,0.000,0.000,0.000,49.000,0.000,0.000,0.000,0.000,39.000,8.000,0.000,0.000,0.000,0.000
4993272,AP150365.jpg,Unconfirmed,100,0.000,0.000,0.000,3.000,0.000,0.000,0.000,0.000,4.000,0.000,0.000,0.000,0.000,25.000,68.000,0.000,0.000,0.000,0.000
4993271,AP150366.jpg,Unconfirmed,100,0.000,0.000,0.000,20.000,8.000,0.000,0.000,0.000,18.000,0.000,0.000,0.000,0.000,46.000,8.000,0.000,0.000,0.000,0.000
4993270,AP150367.jpg,Unconfirmed,100,0.000,0.000,0.000,74.000,1.000,4.000,0.000,0.000,8.000,0.000,0.000,0.000,0.000,12.000,1.000,0.000,0.000,0.000,0.000
4993269,AP150368.jpg,Unconfirmed,100,0.000,0.000,0.000,63.000,1.000,2.000,0.000,0.000,6.000,0.000,0.000,0.000,0.000,16.000,12.000,0.000,0.000,0.000,0.000
4993268,AP150369.jpg,Unconfirmed,100,0.000,0.000,0.000,2.000,2.000,2.000,0.000,0.000,60.000,0.000,0.000,0.000,0.000,29.000,5.000,0.000,0.000,0.000,0.000
4993267,AP150370.jpg,Unconfirmed,100,0.000,0.000,0.000,13.000,2.000,0.000,0.000,0.000,41.000,0.000,0.000,0.000,0.000,41.000,3.000,0.000,0.000,0.000,0.000
4993266,AP150371.jpg,Unconfirmed,100,0.000,0.000,0.000,4.000,10.000,2.000,0.000,0.000,52.000,0.000,0.000,0.000,0.000,25.000,5.000,0.000,0.000,0.000,2.000
4993265,AP150372.jpg,Unconfirmed,100,0.000,0.000,0.000,53.000,1.000,1.000,0.000,0.000,13.000,0.000,0.000,0.000,0.000,31.000,1.000,0.000,0.000,0.000,0.000
4993264,AP150373.jpg,Unconfirmed,100,0.000,0.000,0.000,5.000,0.000,0.000,0.000,0.000,18.000,0.000,0.000,0.000,0.000,24.000,53.000,0.000,0.000,0.000,0.000
4993263,AP150374.jpg,Unconfirmed,100,0.000,0.000,0.000,28.000,2.000,1.000,0.000,0.000,38.000,0.000,0.000,0.000,0.000,25.000,6.000,0.000,0.000,0.000,0.000
4993262,AP150375.jpg,Unconfirmed,100,0.000,0.000,0.000,64.000,1.000,1.000,0.000,0.000,15.000,0.000,2.000,0.000,0.000,11.000,5.000,0.000,0.000,0.000,1.000
4993261,AP150376.jpg,Unconfirmed,100,0.000,0.000,0.000,27.000,9.000,3.000,0.000,0.000,33.000,0.000,0.000,0.000,0.000,19.000,9.000,0.000,0.000,0.000,0.000
4993259,AP150377.jpg,Unconfirmed,100,0.000,0.000,0.000,8.000,6.000,1.000,0.000,0.000,22.000,0.000,0.000,0.000,0.000,56.000,7.000,0.000,0.000,0.000,0.000
4993258,AP150378.jpg,Unconfirmed,100,0.000,0.000,0.000,1.000,14.000,0.000,0.000,0.000,5.000,0.000,0.000,0.000,0.000,44.000,36.000,0.000,0.000,0.000,0.000
4993256,AP150379.jpg,Unconfirmed,100,0.000,0.000,0.000,16.000,6.000,2.000,0.000,0.000,12.000,0.000,0.000,0.000,0.000,40.000,24.000,0.000,0.000,0.000,0.000
4993257,AP150380.jpg,Unconfirmed,100,0.000,0.000,0.000,18.000,1.000,0.000,0.000,0.000,18.000,0.000,2.000,0.000,0.000,17.000,44.000,0.000,0.000,0.000,0.000
4993254,AP150381.jpg,Unconfirmed,100,0.000,0.000,0.000,62.000,12.000,1.000,0.000,0.000,12.000,0.000,0.000,0.000,0.000,11.000,2.000,0.000,0.000,0.000,0.000
4993252,AP150382.jpg,Unconfirmed,100,0.000,0.000,1.000,68.000,16.000,0.000,0.000,0.000,12.000,0.000,0.000,0.000,0.000,0.000,3.000,0.000,0.000,0.000,0.000
4993255,AP150383.jpg,Unconfirmed,100,0.000,0.000,0.000,36.000,1.000,0.000,0.000,0.000,3.000,0.000,9.000,0.000,0.000,11.000,40.000,0.000,0.000,0.000,0.000
4993251,AP150384.jpg,Unconfirmed,100,0.000,0.000,0.000,14.000,13.000,0.000,0.000,0.000,8.000,0.000,3.000,0.000,0.000,7.000,54.000,1.000,0.000,0.000,0.000
4993250,AP150385.jpg,Unconfirmed,100,0.000,0.000,0.000,7.000,4.000,0.000,0.000,0.000,13.000,0.000,15.000,0.000,0.000,14.000,47.000,0.000,0.000,0.000,0.000
4993249,AP150386.jpg,Unconfirmed,100,0.000,0.000,0.000,17.000,13.000,0.000,0.000,0.000,6.000,0.000,12.000,0.000,0.000,5.000,47.000,0.000,0.000,0.000,0.000
4993248,AP150387.jpg,Unconfirmed,100,0.000,0.000,0.000,4.000,7.000,0.000,0.000,0.000,26.000,0.000,0.000,0.000,0.000,35.000,28.000,0.000,0.000,0.000,0.000
4993247,AP150388.jpg,Unconfirmed,100,0.000,0.000,0.000,0.000,77.000,0.000,0.000,0.000,3.000,0.000,0.000,0.000,0.000,18.000,2.000,0.000,0.000,0.000,0.000
4993246,AP150389.jpg,Unconfirmed,100,0.000,0.000,0.000,0.000,74.000,1.000,0.000,0.000,5.000,0.000,0.000,0.000,0.000,20.000,0.000,0.000,0.000,0.000,0.000
4993244,AP150390.jpg,Unconfirmed,100,0.000,0.000,0.000,0.000,78.000,0.000,0.000,0.000,5.000,0.000,0.000,0.000,0.000,17.000,0.000,0.000,0.000,0.000,0.000
4993243,AP150391.jpg,Unconfirmed,100,0.000,0.000,0.000,0.000,66.000,0.000,0.000,0.000,5.000,0.000,0.000,0.000,0.000,26.000,3.000,0.000,0.000,0.000,0.000
4993242,AP150392.jpg,Unconfirmed,100,0.000,0.000,0.000,16.000,15.000,0.000,0.000,0.000,3.000,0.000,0.000,0.000,0.000,65.000,1.000,0.000,0.000,0.000,0.000
4993241,AP150393.jpg,Unconfirmed,100,0.000,0.000,0.000,68.000,18.000,0.000,0.000,0.000,1.000,0.000,0.000,0.000,0.000,13.000,0.000,0.000,0.000,0.000,0.000
4993240,AP150394.jpg,Unconfirmed,100,0.000,0.000,0.000,51.000,5.000,3.000,0.000,0.000,6.000,0.000,0.000,0.000,0.000,34.000,1.000,0.000,0.000,0.000,0.000
4993239,AP150395.jpg,Unconfirmed,100,0.000,0.000,0.000,59.000,0.000,1.000,0.000,0.000,12.000,0.000,0.000,0.000,0.000,24.000,4.000,0.000,0.000,0.000,0.000
4993238,AP150396.jpg,Unconfirmed,100,0.000,0.000,0.000,6.000,0.000,0.000,0.000,0.000,65.000,0.000,0.000,0.000,0.000,21.000,8.000,0.000,0.000,0.000,0.000
4993236,AP150397.jpg,Unconfirmed,100,0.000,0.000,0.000,56.000,2.000,0.000,0.000,0.000,25.000,0.000,0.000,0.000,0.000,17.000,0.000,0.000,0.000,0.000,0.000
4993235,AP150398.jpg,Unconfirmed,100,0.000,0.000,0.000,27.000,0.000,0.000,0.000,0.000,10.000,0.000,0.000,0.000,0.000,63.000,0.000,0.000,0.000,0.000,0.000
4993234,AP150399.jpg,Unconfirmed,100,0.000,0.000,0.000,0.000,0.000,0.000,0.000,0.000,62.000,0.000,0.000,0.000,0.000,38.000,0.000,0.000,0.000,0.000,0.000
4993233,AP150400.jpg,Unconfirmed,100,0.000,0.000,0.000,35.000,3.000,1.000,0.000,0.000,43.000,0.000,0.000,0.000,0.000,12.000,5.000,0.000,0.000,0.000,1.000
4993231,AP150401.jpg,Unconfirmed,100,0.000,0.000,0.000,84.000,3.000,1.000,0.000,0.000,1.000,0.000,0.000,0.000,0.000,11.000,0.000,0.000,0.000,0.000,0.000
4993229,AP150402.jpg,Unconfirmed,100,0.000,0.000,0.000,13.000,9.000,0.000,0.000,0.000,48.000,0.000,0.000,0.000,0.000,28.000,2.000,0.000,0.000,0.000,0.000
4993230,AP150403.jpg,Unconfirmed,100,0.000,0.000,0.000,14.000,0.000,0.000,0.000,0.000,64.000,0.000,1.000,0.000,0.000,21.000,0.000,0.000,0.000,0.000,0.000
4993228,AP150404.jpg,Unconfirmed,100,0.000,0.000,0.000,92.000,1.000,1.000,0.000,0.000,1.000,0.000,0.000,0.000,0.000,5.000,0.000,0.000,0.000,0.000,0.000
4993227,AP150405.jpg,Unconfirmed,100,0.000,0.000,0.000,97.000,1.000,0.000,0.000,0.000,0.000,0.000,1.000,0.000,0.000,1.000,0.000,0.000,0.000,0.000,0.000
4993225,AP150406.jpg,Unconfirmed,100,0.000,0.000,0.000,52.000,2.000,0.000,0.000,0.000,6.000,0.000,0.000,0.000,0.000,31.000,5.000,0.000,0.000,0.000,4.000
4993226,AP150408.jpg,Unconfirmed,100,0.000,0.000,0.000,9.000,85.000,0.000,0.000,0.000,1.000,0.000,1.000,0.000,0.000,1.000,0.000,0.000,0.000,0.000,3.000
4993222,AP150409.jpg,Unconfirmed,100,0.000,0.000,0.000,0.000,75.000,0.000,0.000,0.000,2.000,0.000,11.000,0.000,0.000,0.000,3.000,2.000,0.000,0.000,7.000
4993224,AP150410.jpg,Unconfirmed,100,0.000,0.000,0.000,0.000,5.000,0.000,0.000,0.000,5.000,0.000,13.000,0.000,0.000,7.000,3.000,0.000,0.000,0.000,67.000
4993221,AP150411.jpg,Unconfirmed,100,0.000,0.000,0.000,0.000,100.000,0.000,0.000,0.000,0.000,0.000,0.000,0.000,0.000,0.000,0.000,0.000,0.000,0.000,0.000
4993220,AP150412.jpg,Unconfirmed,100,0.000,0.000,0.000,0.000,22.000,0.000,0.000,0.000,8.000,0.000,22.000,0.000,0.000,1.000,8.000,3.000,0.000,0.000,36.000
4993217,AP150413.jpg,Unconfirmed,100,0.000,0.000,0.000,0.000,99.000,0.000,0.000,0.000,0.000,0.000,0.000,0.000,0.000,0.000,0.000,0.000,0.000,0.000,1.000
4993219,AP150414.jpg,Unconfirmed,100,0.000,0.000,0.000,0.000,18.000,0.000,0.000,0.000,19.000,0.000,22.000,0.000,0.000,4.000,12.000,0.000,0.000,0.000,25.000
4993215,AP150415.jpg,Unconfirmed,100,0.000,0.000,0.000,0.000,5.000,0.000,0.000,0.000,2.000,0.000,7.000,0.000,0.000,1.000,4.000,1.000,0.000,0.000,80.000
4993214,AP150416.jpg,Unconfirmed,100,0.000,0.000,0.000,0.000,42.000,0.000,0.000,0.000,6.000,0.000,20.000,0.000,0.000,3.000,9.000,0.000,0.000,0.000,20.000
4993216,AP150417.jpg,Unconfirmed,100,0.000,0.000,0.000,0.000,32.000,0.000,0.000,0.000,11.000,0.000,10.000,0.000,0.000,1.000,3.000,2.000,0.000,0.000,41.000
4993212,AP150418.jpg,Unconfirmed,100,0.000,0.000,0.000,0.000,6.000,0.000,0.000,0.000,6.000,0.000,26.000,0.000,0.000,15.000,33.000,1.000,0.000,0.000,13.000
4993213,AP150419.jpg,Unconfirmed,100,0.000,0.000,0.000,0.000,15.000,0.000,0.000,0.000,3.000,0.000,0.000,0.000,0.000,0.000,2.000,1.000,0.000,0.000,79.000
4993211,AP150420.jpg,Unconfirmed,100,0.000,0.000,0.000,8.000,2.000,0.000,0.000,0.000,4.000,0.000,11.000,0.000,0.000,11.000,7.000,0.000,0.000,0.000,57.000
4993209,AP150421.jpg,Unconfirmed,100,0.000,0.000,0.000,0.000,38.000,0.000,0.000,0.000,9.000,0.000,21.000,0.000,0.000,3.000,12.000,0.000,0.000,0.000,17.000
4993210,AP150422.jpg,Unconfirmed,100,0.000,0.000,0.000,4.000,0.000,0.000,0.000,0.000,22.000,0.000,1.000,0.000,0.000,9.000,37.000,0.000,0.000,0.000,27.000
4993208,AP150423.jpg,Unconfirmed,100,0.000,0.000,0.000,0.000,6.000,0.000,0.000,0.000,2.000,0.000,22.000,0.000,0.000,5.000,11.000,1.000,0.000,0.000,53.000
4993206,AP150424.jpg,Unconfirmed,100,0.000,0.000,0.000,0.000,1.000,0.000,0.000,0.000,21.000,0.000,7.000,0.000,0.000,10.000,44.000,0.000,0.000,0.000,17.000
4993205,AP150425.jpg,Unconfirmed,100,0.000,0.000,0.000,0.000,14.000,0.000,0.000,0.000,6.000,0.000,23.000,0.000,0.000,2.000,13.000,6.000,0.000,0.000,36.000
4993204,AP150426.jpg,Unconfirmed,100,0.000,0.000,0.000,0.000,0.000,0.000,0.000,0.000,22.000,0.000,3.000,0.000,0.000,16.000,29.000,0.000,0.000,0.000,30.000
4993202,AP150427.jpg,Unconfirmed,100,0.000,0.000,0.000,0.000,3.000,0.000,0.000,0.000,15.000,0.000,10.000,0.000,0.000,3.000,3.000,0.000,0.000,0.000,66.000
4993203,AP150428.jpg,Unconfirmed,100,0.000,0.000,0.000,0.000,0.000,0.000,0.000,0.000,42.000,0.000,4.000,0.000,0.000,6.000,13.000,0.000,0.000,0.000,35.000
4993201,AP150429.jpg,Unconfirmed,100,0.000,0.000,0.000,2.000,0.000,0.000,0.000,0.000,68.000,0.000,0.000,0.000,0.000,9.000,14.000,0.000,0.000,0.000,7.000
4993200,AP150430.jpg,Unconfirmed,100,0.000,0.000,0.000,0.000,1.000,0.000,0.000,0.000,60.000,0.000,0.000,0.000,0.000,5.000,25.000,0.000,0.000,0.000,9.000
4993199,AP150431.jpg,Unconfirmed,100,0.000,0.000,0.000,6.000,6.000,0.000,0.000,0.000,50.000,0.000,1.000,0.000,0.000,20.000,8.000,0.000,0.000,0.000,9.000
4993198,AP150432.jpg,Unconfirmed,100,0.000,0.000,0.000,0.000,18.000,0.000,0.000,0.000,3.000,0.000,18.000,0.000,0.000,2.000,6.000,0.000,0.000,0.000,53.000
4993197,AP150433.jpg,Unconfirmed,100,0.000,0.000,0.000,0.000,4.000,0.000,0.000,0.000,4.000,0.000,6.000,0.000,0.000,2.000,1.000,0.000,0.000,0.000,83.000
4993196,AP150434.jpg,Unconfirmed,100,0.000,0.000,0.000,0.000,7.000,0.000,0.000,0.000,10.000,1.000,11.000,0.000,0.000,2.000,6.000,0.000,0.000,0.000,63.000
4993194,AP150435.jpg,Unconfirmed,100,0.000,0.000,0.000,0.000,6.000,0.000,0.000,0.000,2.000,0.000,15.000,0.000,0.000,24.000,6.000,0.000,0.000,0.000,47.000
4993193,AP150436.jpg,Unconfirmed,100,0.000,0.000,0.000,0.000,6.000,0.000,0.000,0.000,4.000,0.000,4.000,0.000,0.000,8.000,7.000,0.000,0.000,0.000,71.000
4993192,AP150437.jpg,Unconfirmed,100,0.000,0.000,0.000,0.000,15.000,0.000,0.000,0.000,4.000,0.000,3.000,0.000,0.000,0.000,0.000,7.000,0.000,0.000,71.000
4993191,AP150438.jpg,Unconfirmed,100,0.000,0.000,0.000,0.000,6.000,0.000,0.000,0.000,2.000,0.000,21.000,0.000,0.000,7.000,12.000,2.000,0.000,0.000,50.000
4993189,AP150439.jpg,Unconfirmed,100,0.000,0.000,0.000,0.000,19.000,0.000,0.000,0.000,3.000,0.000,3.000,0.000,0.000,0.000,4.000,1.000,0.000,0.000,70.000
4993188,AP150440.jpg,Unconfirmed,100,0.000,0.000,0.000,0.000,11.000,0.000,0.000,0.000,0.000,0.000,19.000,0.000,0.000,0.000,3.000,7.000,0.000,0.000,60.000
4993187,AP150441.jpg,Unconfirmed,100,0.000,0.000,0.000,0.000,3.000,0.000,0.000,0.000,3.000,0.000,23.000,0.000,0.000,0.000,7.000,2.000,0.000,0.000,62.000
4993185,AP150442.jpg,Unconfirmed,100,0.000,0.000,0.000,0.000,30.000,0.000,0.000,0.000,0.000,0.000,9.000,0.000,0.000,1.000,1.000,2.000,0.000,0.000,57.000
4993184,AP150443.jpg,Unconfirmed,100,0.000,0.000,0.000,0.000,6.000,0.000,0.000,0.000,0.000,1.000,9.000,0.000,0.000,6.000,2.000,1.000,0.000,0.000,75.000
4993182,AP150444.jpg,Unconfirmed,100,0.000,0.000,0.000,0.000,5.000,0.000,0.000,0.000,2.000,0.000,10.000,0.000,0.000,0.000,5.000,6.000,0.000,0.000,72.000
4993181,AP150445.jpg,Unconfirmed,100,0.000,0.000,0.000,0.000,9.000,0.000,0.000,0.000,4.000,1.000,25.000,0.000,0.000,2.000,6.000,1.000,0.000,0.000,52.000
4993179,AP150446.jpg,Unconfirmed,100,0.000,0.000,0.000,3.000,10.000,0.000,0.000,0.000,2.000,0.000,15.000,1.000,0.000,1.000,6.000,3.000,0.000,0.000,59.000
4993178,AP150447.jpg,Unconfirmed,100,0.000,0.000,0.000,0.000,19.000,0.000,0.000,0.000,6.000,0.000,32.000,1.000,0.000,0.000,7.000,0.000,0.000,0.000,35.000
4993177,AP150448.jpg,Unconfirmed,100,0.000,0.000,0.000,0.000,30.000,0.000,0.000,0.000,7.000,0.000,14.000,0.000,0.000,2.000,9.000,1.000,0.000,0.000,37.000
4993176,AP150449.jpg,Unconfirmed,100,0.000,0.000,0.000,0.000,36.000,0.000,0.000,0.000,4.000,1.000,18.000,0.000,0.000,0.000,5.000,0.000,0.000,0.000,36.000
4993175,AP150450.jpg,Unconfirmed,100,0.000,0.000,0.000,1.000,20.000,0.000,0.000,0.000,9.000,0.000,7.000,0.000,0.000,1.000,1.000,1.000,0.000,0.000,60.000
4993174,AP150451.jpg,Unconfirmed,100,0.000,0.000,0.000,0.000,16.000,0.000,0.000,0.000,3.000,0.000,15.000,2.000,0.000,0.000,2.000,11.000,0.000,0.000,51.000
4993172,AP150452.jpg,Unconfirmed,100,0.000,0.000,0.000,0.000,12.000,0.000,0.000,0.000,2.000,0.000,16.000,0.000,0.000,2.000,5.000,5.000,0.000,0.000,58.000
4993171,AP150453.jpg,Unconfirmed,100,0.000,0.000,0.000,0.000,9.000,0.000,0.000,0.000,5.000,0.000,16.000,2.000,0.000,1.000,4.000,1.000,0.000,0.000,62.000
4993170,AP150454.jpg,Unconfirmed,100,0.000,0.000,0.000,0.000,16.000,0.000,0.000,0.000,1.000,0.000,11.000,0.000,0.000,0.000,1.000,6.000,0.000,0.000,65.000
4993169,AP150455.jpg,Unconfirmed,100,0.000,0.000,0.000,0.000,31.000,0.000,0.000,0.000,8.000,0.000,9.000,5.000,0.000,0.000,1.000,6.000,0.000,0.000,40.000
4993168,AP150456.jpg,Unconfirmed,100,0.000,0.000,0.000,0.000,26.000,0.000,0.000,0.000,0.000,0.000,13.000,0.000,0.000,0.000,1.000,1.000,0.000,0.000,59.000
4993167,AP150457.jpg,Unconfirmed,100,0.000,0.000,0.000,0.000,22.000,0.000,0.000,0.000,4.000,0.000,8.000,3.000,0.000,2.000,0.000,6.000,0.000,0.000,55.000
4993166,AP150458.jpg,Unconfirmed,100,0.000,0.000,0.000,0.000,3.000,0.000,0.000,0.000,3.000,0.000,7.000,0.000,0.000,0.000,3.000,1.000,0.000,0.000,83.000
4993165,AP150459.jpg,Unconfirmed,100,0.000,0.000,0.000,1.000,13.000,0.000,0.000,0.000,5.000,0.000,4.000,0.000,0.000,5.000,5.000,3.000,0.000,0.000,64.000
4993164,AP150460.jpg,Unconfirmed,100,0.000,0.000,0.000,0.000,14.000,0.000,0.000,0.000,6.000,0.000,14.000,0.000,0.000,0.000,3.000,3.000,0.000,0.000,60.000
4993163,AP150461.jpg,Unconfirmed,100,0.000,0.000,0.000,0.000,31.000,0.000,0.000,0.000,12.000,0.000,17.000,0.000,0.000,3.000,9.000,0.000,0.000,0.000,28.000
4993162,AP150462.jpg,Unconfirmed,100,0.000,0.000,0.000,0.000,27.000,0.000,0.000,0.000,2.000,0.000,9.000,0.000,0.000,2.000,2.000,2.000,0.000,0.000,56.000
4993160,AP150466.jpg,Unconfirmed,100,0.000,0.000,0.000,0.000,0.000,0.000,0.000,0.000,4.000,0.000,6.000,0.000,0.000,61.000,12.000,0.000,0.000,0.000,17.000
4993159,AP150467.jpg,Unconfirmed,100,0.000,0.000,0.000,0.000,0.000,0.000,0.000,0.000,0.000,0.000,51.000,0.000,0.000,17.000,21.000,0.000,0.000,0.000,11.000
4993158,AP150468.jpg,Unconfirmed,100,0.000,0.000,0.000,0.000,0.000,0.000,0.000,0.000,0.000,0.000,54.000,0.000,0.000,11.000,28.000,0.000,0.000,0.000,7.000
4993157,AP150469.jpg,Unconfirmed,100,0.000,0.000,0.000,0.000,7.000,0.000,0.000,0.000,0.000,0.000,19.000,0.000,0.000,4.000,19.000,0.000,0.000,0.000,51.000
4993155,AP150470.jpg,Unconfirmed,100,0.000,0.000,0.000,0.000,2.000,0.000,0.000,0.000,0.000,0.000,52.000,0.000,0.000,15.000,13.000,0.000,0.000,0.000,18.000
4993153,AP150471.jpg,Unconfirmed,100,0.000,0.000,0.000,0.000,0.000,0.000,0.000,0.000,0.000,0.000,76.000,0.000,0.000,3.000,4.000,0.000,0.000,0.000,17.000
4993154,AP150472.jpg,Unconfirmed,100,0.000,0.000,0.000,2.000,2.000,0.000,0.000,0.000,3.000,0.000,47.000,0.000,0.000,4.000,16.000,0.000,0.000,0.000,26.000
4993152,AP150473.jpg,Unconfirmed,100,0.000,0.000,0.000,3.000,7.000,0.000,0.000,0.000,3.000,0.000,8.000,0.000,0.000,17.000,17.000,0.000,0.000,0.000,45.000
4993151,AP150474.jpg,Unconfirmed,100,0.000,0.000,0.000,5.000,9.000,0.000,0.000,0.000,7.000,0.000,4.000,0.000,0.000,9.000,14.000,0.000,0.000,0.000,52.000
4993150,AP150475.jpg,Unconfirmed,100,0.000,0.000,0.000,4.000,9.000,0.000,0.000,0.000,5.000,0.000,31.000,0.000,0.000,10.000,19.000,0.000,0.000,0.000,22.000
4993149,AP150476.jpg,Unconfirmed,100,0.000,0.000,0.000,3.000,2.000,0.000,0.000,0.000,23.000,0.000,7.000,0.000,0.000,29.000,35.000,0.000,0.000,0.000,1.000
4993148,AP150477.jpg,Unconfirmed,100,0.000,0.000,0.000,0.000,7.000,0.000,0.000,0.000,17.000,0.000,22.000,0.000,0.000,11.000,36.000,0.000,0.000,0.000,7.000
4993147,AP150478.jpg,Unconfirmed,100,0.000,0.000,0.000,0.000,0.000,0.000,0.000,0.000,1.000,0.000,7.000,0.000,0.000,4.000,59.000,0.000,0.000,0.000,29.000
4993146,AP150479.jpg,Unconfirmed,100,0.000,0.000,0.000,0.000,36.000,0.000,0.000,0.000,2.000,1.000,2.000,13.000,0.000,1.000,5.000,0.000,0.000,0.000,40.000
4993143,AP150480.jpg,Unconfirmed,100,0.000,0.000,0.000,0.000,11.000,0.000,0.000,0.000,1.000,0.000,15.000,0.000,0.000,3.000,6.000,0.000,0.000,0.000,64.000
4993144,AP150481.jpg,Unconfirmed,100,0.000,0.000,0.000,0.000,2.000,0.000,0.000,0.000,14.000,1.000,27.000,0.000,0.000,6.000,33.000,0.000,0.000,0.000,17.000
4993142,AP150482.jpg,Unconfirmed,100,0.000,0.000,0.000,2.000,1.000,0.000,0.000,0.000,1.000,0.000,38.000,0.000,0.000,5.000,42.000,0.000,0.000,0.000,11.000
4993140,AP150483.jpg,Unconfirmed,100,0.000,0.000,0.000,0.000,1.000,0.000,0.000,0.000,1.000,2.000,26.000,0.000,0.000,2.000,33.000,0.000,0.000,0.000,35.000
4993141,AP150485.jpg,Unconfirmed,100,0.000,0.000,0.000,0.000,2.000,0.000,0.000,0.000,4.000,5.000,34.000,0.000,0.000,2.000,14.000,0.000,0.000,0.000,39.000
4993139,AP150486.jpg,Unconfirmed,100,0.000,0.000,0.000,0.000,6.000,0.000,0.000,0.000,0.000,0.000,35.000,0.000,0.000,1.000,25.000,2.000,0.000,0.000,31.000
4993137,AP150487.jpg,Unconfirmed,100,0.000,0.000,0.000,12.000,14.000,0.000,0.000,0.000,16.000,0.000,24.000,0.000,0.000,29.000,4.000,0.000,0.000,0.000,1.000
4993136,AP150488.jpg,Unconfirmed,100,0.000,0.000,0.000,0.000,24.000,0.000,0.000,0.000,7.000,0.000,22.000,0.000,0.000,2.000,10.000,0.000,0.000,0.000,35.000
4993135,AP150489.jpg,Unconfirmed,100,0.000,0.000,0.000,0.000,7.000,0.000,0.000,0.000,4.000,0.000,27.000,1.000,0.000,0.000,2.000,0.000,0.000,0.000,59.000
4993134,AP150490.jpg,Unconfirmed,100,0.000,0.000,0.000,1.000,6.000,0.000,0.000,0.000,4.000,0.000,28.000,1.000,0.000,0.000,9.000,1.000,0.000,0.000,50.000
4993133,AP150491.jpg,Unconfirmed,100,0.000,0.000,0.000,2.000,12.000,0.000,0.000,0.000,0.000,0.000,31.000,0.000,0.000,2.000,14.000,0.000,0.000,0.000,39.000
4993131,AP150492.jpg,Unconfirmed,100,0.000,0.000,0.000,1.000,10.000,0.000,0.000,0.000,6.000,0.000,37.000,0.000,0.000,5.000,3.000,0.000,0.000,0.000,38.000
4993130,AP150493.jpg,Unconfirmed,100,0.000,0.000,0.000,0.000,13.000,0.000,0.000,0.000,1.000,0.000,26.000,0.000,0.000,3.000,14.000,0.000,0.000,0.000,43.000
4993129,AP150494.jpg,Unconfirmed,100,0.000,0.000,0.000,0.000,7.000,0.000,0.000,0.000,3.000,0.000,39.000,0.000,0.000,4.000,6.000,0.000,0.000,0.000,41.000
4993128,AP150495.jpg,Unconfirmed,100,0.000,0.000,0.000,0.000,2.000,0.000,0.000,0.000,1.000,0.000,34.000,0.000,0.000,5.000,11.000,0.000,0.000,0.000,47.000
4993126,AP150496.jpg,Unconfirmed,100,0.000,0.000,0.000,0.000,4.000,0.000,0.000,0.000,0.000,2.000,34.000,0.000,0.000,7.000,29.000,1.000,0.000,0.000,23.000
4993125,AP150497.jpg,Unconfirmed,100,0.000,0.000,0.000,0.000,13.000,0.000,0.000,0.000,4.000,4.000,21.000,0.000,0.000,1.000,3.000,0.000,0.000,0.000,54.000
4993124,AP150498.jpg,Unconfirmed,100,0.000,0.000,0.000,0.000,9.000,0.000,0.000,0.000,1.000,0.000,32.000,1.000,0.000,0.000,5.000,0.000,0.000,0.000,52.000
4993123,AP150499.jpg,Unconfirmed,100,0.000,0.000,0.000,2.000,1.000,0.000,0.000,0.000,0.000,0.000,45.000,0.000,0.000,0.000,20.000,1.000,0.000,0.000,31.000
4993122,AP150500.jpg,Unconfirmed,100,0.000,0.000,0.000,0.000,5.000,0.000,0.000,0.000,0.000,0.000,14.000,0.000,0.000,4.000,9.000,0.000,0.000,0.000,68.000
4993121,AP150501.jpg,Unconfirmed,100,0.000,0.000,0.000,1.000,7.000,0.000,0.000,0.000,3.000,1.000,14.000,1.000,0.000,1.000,15.000,1.000,0.000,0.000,56.000
4993119,AP150502.jpg,Unconfirmed,100,0.000,0.000,0.000,0.000,1.000,0.000,0.000,0.000,1.000,0.000,24.000,0.000,0.000,2.000,29.000,1.000,0.000,0.000,42.000
4993118,AP150503.jpg,Unconfirmed,100,0.000,0.000,0.000,0.000,2.000,0.000,0.000,0.000,2.000,0.000,41.000,0.000,0.000,4.000,40.000,0.000,0.000,0.000,11.000
4993117,AP150504.jpg,Unconfirmed,100,0.000,0.000,0.000,0.000,1.000,0.000,0.000,0.000,1.000,0.000,44.000,0.000,0.000,11.000,26.000,2.000,0.000,0.000,15.000
4993116,AP150505.jpg,Unconfirmed,100,0.000,0.000,0.000,1.000,2.000,0.000,0.000,0.000,3.000,0.000,39.000,0.000,0.000,16.000,13.000,5.000,0.000,0.000,21.000
4993115,AP150506.jpg,Unconfirmed,100,0.000,0.000,0.000,0.000,18.000,0.000,0.000,0.000,1.000,0.000,5.000,4.000,0.000,1.000,11.000,3.000,0.000,0.000,57.000
4993114,AP150507.jpg,Unconfirmed,100,0.000,0.000,0.000,0.000,4.000,0.000,0.000,0.000,1.000,0.000,35.000,0.000,0.000,9.000,17.000,2.000,0.000,0.000,32.000
4993111,AP150508.jpg,Unconfirmed,100,0.000,0.000,0.000,0.000,8.000,0.000,0.000,0.000,0.000,0.000,4.000,0.000,0.000,0.000,6.000,0.000,0.000,0.000,82.000
4993112,AP150509.jpg,Unconfirmed,100,0.000,0.000,0.000,0.000,17.000,0.000,0.000,0.000,2.000,0.000,17.000,0.000,0.000,2.000,11.000,0.000,0.000,0.000,51.000
4993110,AP150510.jpg,Unconfirmed,100,0.000,0.000,0.000,0.000,7.000,0.000,0.000,0.000,1.000,0.000,9.000,0.000,0.000,1.000,5.000,0.000,0.000,0.000,77.000
4993108,AP150511.jpg,Unconfirmed,100,0.000,0.000,0.000,0.000,7.000,0.000,0.000,0.000,8.000,0.000,9.000,0.000,0.000,1.000,15.000,1.000,0.000,0.000,59.000
4993107,AP150512.jpg,Unconfirmed,100,0.000,0.000,0.000,3.000,26.000,0.000,0.000,0.000,1.000,0.000,22.000,0.000,0.000,9.000,4.000,0.000,0.000,0.000,35.000
4993105,AP150513.jpg,Unconfirmed,100,0.000,0.000,0.000,0.000,29.000,0.000,0.000,0.000,6.000,0.000,33.000,0.000,0.000,8.000,8.000,0.000,0.000,0.000,16.000
4993103,AP150514.jpg,Unconfirmed,100,0.000,0.000,0.000,0.000,20.000,0.000,0.000,0.000,3.000,0.000,12.000,0.000,0.000,5.000,5.000,0.000,0.000,0.000,55.000
4993104,AP150515.jpg,Unconfirmed,100,0.000,0.000,0.000,0.000,6.000,0.000,0.000,0.000,1.000,0.000,7.000,0.000,0.000,1.000,10.000,0.000,0.000,0.000,75.000
4993102,AP150516.jpg,Unconfirmed,100,0.000,0.000,0.000,2.000,14.000,0.000,0.000,0.000,16.000,0.000,4.000,0.000,0.000,2.000,6.000,0.000,0.000,0.000,56.000
4993101,AP150517.jpg,Unconfirmed,100,0.000,0.000,0.000,1.000,10.000,0.000,0.000,0.000,0.000,0.000,4.000,0.000,0.000,0.000,4.000,0.000,0.000,0.000,81.000
4993100,AP150518.jpg,Unconfirmed,100,0.000,0.000,0.000,0.000,15.000,0.000,0.000,0.000,11.000,0.000,32.000,0.000,0.000,12.000,11.000,0.000,0.000,0.000,19.000
4992135,AP150528.jpg,Unconfirmed,100,0.000,0.000,0.000,1.000,2.000,0.000,0.000,0.000,92.000,0.000,0.000,0.000,0.000,5.000,0.000,0.000,0.000,0.000,0.000
4992133,AP150529.jpg,Unconfirmed,100,0.000,0.000,0.000,0.000,12.000,0.000,0.000,0.000,3.000,0.000,0.000,0.000,0.000,0.000,0.000,0.000,0.000,0.000,85.000
4992131,AP150530.jpg,Unconfirmed,100,0.000,0.000,0.000,0.000,4.000,0.000,0.000,0.000,6.000,0.000,0.000,0.000,0.000,0.000,0.000,0.000,0.000,0.000,90.000
4992127,AP150531.jpg,Unconfirmed,100,0.000,0.000,0.000,0.000,5.000,0.000,0.000,0.000,2.000,0.000,0.000,0.000,0.000,0.000,2.000,0.000,0.000,0.000,91.000
4992129,AP150532.jpg,Unconfirmed,100,0.000,0.000,0.000,0.000,13.000,0.000,0.000,0.000,6.000,0.000,0.000,0.000,0.000,0.000,0.000,0.000,0.000,0.000,81.000
4992125,AP150533.jpg,Unconfirmed,100,0.000,0.000,0.000,2.000,12.000,0.000,0.000,0.000,18.000,0.000,1.000,0.000,0.000,2.000,3.000,0.000,0.000,0.000,62.000
4992123,AP150534.jpg,Unconfirmed,100,0.000,0.000,0.000,3.000,0.000,0.000,0.000,0.000,96.000,0.000,0.000,0.000,0.000,1.000,0.000,0.000,0.000,0.000,0.000
4992121,AP150535.jpg,Unconfirmed,100,0.000,0.000,0.000,13.000,0.000,0.000,0.000,0.000,78.000,0.000,0.000,0.000,0.000,9.000,0.000,0.000,0.000,0.000,0.000
4992119,AP150536.jpg,Unconfirmed,100,0.000,0.000,0.000,98.000,2.000,0.000,0.000,0.000,0.000,0.000,0.000,0.000,0.000,0.000,0.000,0.000,0.000,0.000,0.000
4992117,AP150537.jpg,Unconfirmed,100,0.000,0.000,0.000,43.000,0.000,0.000,0.000,0.000,55.000,0.000,0.000,0.000,0.000,2.000,0.000,0.000,0.000,0.000,0.000
4992115,AP150538.jpg,Unconfirmed,100,0.000,0.000,0.000,29.000,0.000,0.000,0.000,0.000,61.000,0.000,0.000,0.000,0.000,10.000,0.000,0.000,0.000,0.000,0.000
4992112,AP150539.jpg,Unconfirmed,100,0.000,0.000,0.000,88.000,12.000,0.000,0.000,0.000,0.000,0.000,0.000,0.000,0.000,0.000,0.000,0.000,0.000,0.000,0.000
4992109,AP150540.jpg,Unconfirmed,100,0.000,0.000,0.000,3.000,0.000,0.000,0.000,0.000,18.000,0.000,0.000,0.000,0.000,79.000,0.000,0.000,0.000,0.000,0.000
4992110,AP150541.jpg,Unconfirmed,100,0.000,0.000,0.000,30.000,0.000,0.000,0.000,0.000,25.000,0.000,0.000,0.000,0.000,45.000,0.000,0.000,0.000,0.000,0.000
4992107,AP150542.jpg,Unconfirmed,100,0.000,0.000,0.000,42.000,58.000,0.000,0.000,0.000,0.000,0.000,0.000,0.000,0.000,0.000,0.000,0.000,0.000,0.000,0.000
4992105,AP150543.jpg,Unconfirmed,100,0.000,0.000,0.000,84.000,16.000,0.000,0.000,0.000,0.000,0.000,0.000,0.000,0.000,0.000,0.000,0.000,0.000,0.000,0.000
4992103,AP150544.jpg,Unconfirmed,100,0.000,0.000,0.000,66.000,0.000,0.000,0.000,0.000,28.000,0.000,0.000,0.000,0.000,6.000,0.000,0.000,0.000,0.000,0.000
4992100,AP150545.jpg,Unconfirmed,100,0.000,0.000,0.000,78.000,3.000,0.000,0.000,0.000,12.000,0.000,0.000,0.000,0.000,7.000,0.000,0.000,0.000,0.000,0.000
4992096,AP150546.jpg,Unconfirmed,100,0.000,0.000,0.000,93.000,1.000,0.000,0.000,0.000,1.000,0.000,0.000,0.000,0.000,5.000,0.000,0.000,0.000,0.000,0.000
4992098,AP150547.jpg,Unconfirmed,100,0.000,0.000,0.000,52.000,0.000,0.000,0.000,0.000,25.000,0.000,0.000,0.000,0.000,23.000,0.000,0.000,0.000,0.000,0.000
4992094,AP150548.jpg,Unconfirmed,100,0.000,0.000,0.000,2.000,0.000,0.000,0.000,0.000,94.000,0.000,0.000,0.000,0.000,4.000,0.000,0.000,0.000,0.000,0.000
4992089,AP150549.jpg,Unconfirmed,100,0.000,0.000,0.000,0.000,0.000,0.000,0.000,0.000,77.000,0.000,1.000,0.000,0.000,22.000,0.000,0.000,0.000,0.000,0.000
4992092,AP150550.jpg,Unconfirmed,100,0.000,0.000,0.000,3.000,5.000,0.000,0.000,0.000,49.000,0.000,0.000,0.000,0.000,35.000,5.000,0.000,0.000,0.000,3.000
4992091,AP150551.jpg,Unconfirmed,100,0.000,0.000,0.000,5.000,16.000,0.000,0.000,0.000,22.000,0.000,0.000,0.000,0.000,30.000,3.000,0.000,0.000,0.000,24.000
4992087,AP150552.jpg,Unconfirmed,100,0.000,0.000,0.000,0.000,34.000,0.000,0.000,0.000,27.000,0.000,0.000,0.000,0.000,7.000,2.000,0.000,0.000,0.000,30.000
4992083,AP150553.jpg,Unconfirmed,100,0.000,0.000,0.000,79.000,2.000,1.000,0.000,0.000,4.000,0.000,0.000,0.000,0.000,14.000,0.000,0.000,0.000,0.000,0.000
4992085,AP150554.jpg,Unconfirmed,100,0.000,0.000,0.000,4.000,3.000,0.000,0.000,0.000,61.000,0.000,0.000,0.000,0.000,32.000,0.000,0.000,0.000,0.000,0.000
4992081,AP150555.jpg,Unconfirmed,100,0.000,0.000,0.000,28.000,16.000,0.000,0.000,0.000,20.000,0.000,0.000,0.000,0.000,25.000,2.000,0.000,0.000,0.000,9.000
4992077,AP150556.jpg,Unconfirmed,100,0.000,0.000,0.000,14.000,5.000,0.000,0.000,0.000,46.000,0.000,1.000,0.000,0.000,2.000,4.000,1.000,0.000,0.000,27.000
4992079,AP150557.jpg,Unconfirmed,100,0.000,0.000,0.000,91.000,1.000,0.000,0.000,0.000,6.000,0.000,0.000,0.000,0.000,2.000,0.000,0.000,0.000,0.000,0.000
4992075,AP150558.jpg,Unconfirmed,100,0.000,0.000,0.000,1.000,13.000,0.000,0.000,0.000,11.000,0.000,1.000,0.000,0.000,1.000,8.000,0.000,0.000,0.000,65.000
4992073,AP150559.jpg,Unconfirmed,100,0.000,0.000,0.000,0.000,13.000,0.000,0.000,0.000,3.000,0.000,3.000,0.000,0.000,0.000,2.000,0.000,0.000,0.000,79.000
4992071,AP150560.jpg,Unconfirmed,100,0.000,0.000,0.000,1.000,29.000,0.000,0.000,0.000,11.000,0.000,0.000,0.000,0.000,5.000,0.000,0.000,0.000,0.000,54.000
4992069,AP150561.jpg,Unconfirmed,100,0.000,0.000,0.000,0.000,3.000,0.000,0.000,0.000,81.000,0.000,0.000,0.000,0.000,14.000,0.000,0.000,0.000,0.000,2.000
4992067,AP150562.jpg,Unconfirmed,100,0.000,0.000,0.000,2.000,7.000,0.000,0.000,0.000,15.000,0.000,0.000,0.000,0.000,67.000,0.000,0.000,0.000,0.000,9.000
4992066,AP150563.jpg,Unconfirmed,100,0.000,0.000,0.000,0.000,10.000,0.000,0.000,0.000,21.000,0.000,0.000,0.000,0.000,46.000,1.000,0.000,0.000,0.000,22.000
4992064,AP150564.jpg,Unconfirmed,100,0.000,0.000,0.000,0.000,26.000,0.000,0.000,0.000,30.000,0.000,0.000,0.000,0.000,39.000,0.000,0.000,0.000,0.000,5.000
4992062,AP150565.jpg,Unconfirmed,100,0.000,0.000,0.000,0.000,0.000,0.000,0.000,0.000,93.000,0.000,0.000,0.000,0.000,2.000,5.000,0.000,0.000,0.000,0.000
4992060,AP150566.jpg,Unconfirmed,100,0.000,0.000,0.000,11.000,0.000,1.000,0.000,0.000,75.000,0.000,0.000,0.000,0.000,13.000,0.000,0.000,0.000,0.000,0.000
4992058,AP150567.jpg,Unconfirmed,100,0.000,0.000,0.000,74.000,10.000,0.000,0.000,0.000,16.000,0.000,0.000,0.000,0.000,0.000,0.000,0.000,0.000,0.000,0.000
4992056,AP150568.jpg,Unconfirmed,100,0.000,0.000,0.000,70.000,0.000,0.000,0.000,0.000,24.000,0.000,0.000,0.000,0.000,6.000,0.000,0.000,0.000,0.000,0.000
4992053,AP150569.jpg,Unconfirmed,100,0.000,0.000,0.000,11.000,0.000,0.000,0.000,0.000,88.000,0.000,0.000,0.000,0.000,1.000,0.000,0.000,0.000,0.000,0.000
4992051,AP150570.jpg,Unconfirmed,100,0.000,0.000,0.000,68.000,0.000,0.000,0.000,0.000,27.000,0.000,0.000,0.000,0.000,5.000,0.000,0.000,0.000,0.000,0.000
4992049,AP150571.jpg,Unconfirmed,100,0.000,0.000,0.000,98.000,0.000,0.000,0.000,0.000,1.000,0.000,0.000,0.000,0.000,1.000,0.000,0.000,0.000,0.000,0.000
4992047,AP150572.jpg,Unconfirmed,100,0.000,0.000,0.000,45.000,0.000,0.000,0.000,0.000,51.000,0.000,0.000,0.000,0.000,4.000,0.000,0.000,0.000,0.000,0.000
4992045,AP150573.jpg,Unconfirmed,100,0.000,0.000,0.000,28.000,1.000,0.000,0.000,0.000,39.000,0.000,0.000,0.000,0.000,32.000,0.000,0.000,0.000,0.000,0.000
4992043,AP150574.jpg,Unconfirmed,100,0.000,0.000,0.000,100.000,0.000,0.000,0.000,0.000,0.000,0.000,0.000,0.000,0.000,0.000,0.000,0.000,0.000,0.000,0.000
4992041,AP150575.jpg,Unconfirmed,100,0.000,0.000,0.000,8.000,0.000,0.000,0.000,0.000,88.000,0.000,0.000,0.000,0.000,4.000,0.000,0.000,0.000,0.000,0.000
4992038,AP150576.jpg,Unconfirmed,100,0.000,0.000,0.000,77.000,0.000,1.000,0.000,0.000,14.000,0.000,0.000,0.000,0.000,8.000,0.000,0.000,0.000,0.000,0.000
4992037,AP150577.jpg,Unconfirmed,100,0.000,0.000,0.000,55.000,0.000,0.000,0.000,0.000,45.000,0.000,0.000,0.000,0.000,0.000,0.000,0.000,0.000,0.000,0.000
4992035,AP150578.jpg,Confirmed,100,0.000,0.000,0.000,3.000,0.000,0.000,0.000,0.000,96.000,0.000,0.000,0.000,0.000,1.000,0.000,0.000,0.000,0.000,0.000
4992033,AP150579.jpg,Unconfirmed,100,0.000,0.000,0.000,0.000,13.000,0.000,0.000,0.000,17.000,0.000,11.000,2.000,0.000,0.000,2.000,8.000,0.000,0.000,47.000
4992031,AP150580.jpg,Unconfirmed,100,0.000,0.000,0.000,0.000,18.000,0.000,0.000,0.000,10.000,0.000,12.000,0.000,0.000,1.000,3.000,3.000,0.000,0.000,53.000
4992030,AP150581.jpg,Unconfirmed,100,0.000,0.000,0.000,28.000,3.000,0.000,0.000,0.000,20.000,2.000,3.000,0.000,0.000,4.000,5.000,19.000,0.000,0.000,16.000
4992029,AP150582.jpg,Unconfirmed,100,0.000,0.000,0.000,23.000,0.000,0.000,0.000,0.000,1.000,0.000,0.000,0.000,0.000,61.000,9.000,0.000,0.000,0.000,6.000
4992027,AP150583.jpg,Unconfirmed,100,0.000,0.000,0.000,17.000,13.000,0.000,0.000,0.000,7.000,0.000,8.000,1.000,0.000,15.000,23.000,7.000,0.000,0.000,9.000
4992026,AP150584.jpg,Unconfirmed,100,0.000,0.000,0.000,20.000,3.000,0.000,0.000,0.000,16.000,1.000,20.000,0.000,0.000,21.000,13.000,4.000,0.000,0.000,2.000
4992028,AP150585.jpg,Unconfirmed,100,0.000,0.000,0.000,0.000,14.000,0.000,0.000,0.000,12.000,0.000,4.000,0.000,0.000,0.000,1.000,12.000,0.000,0.000,57.000
4992023,AP150586.jpg,Unconfirmed,100,0.000,0.000,0.000,1.000,8.000,0.000,0.000,0.000,3.000,0.000,6.000,0.000,0.000,2.000,3.000,10.000,0.000,0.000,67.000
4992025,AP150587.jpg,Unconfirmed,100,0.000,0.000,0.000,0.000,14.000,0.000,0.000,0.000,8.000,0.000,15.000,0.000,0.000,3.000,11.000,22.000,0.000,0.000,27.000
4992024,AP150588.jpg,Unconfirmed,100,0.000,0.000,0.000,0.000,21.000,0.000,0.000,0.000,5.000,0.000,15.000,1.000,0.000,0.000,8.000,8.000,0.000,0.000,42.000
4992022,AP150589.jpg,Unconfirmed,100,0.000,0.000,0.000,0.000,19.000,0.000,0.000,0.000,10.000,0.000,10.000,0.000,0.000,0.000,12.000,2.000,0.000,0.000,47.000
4992021,AP150590.jpg,Unconfirmed,100,0.000,0.000,0.000,1.000,11.000,0.000,0.000,0.000,11.000,0.000,8.000,1.000,0.000,1.000,0.000,20.000,0.000,0.000,47.000
4992020,AP150591.jpg,Unconfirmed,100,0.000,0.000,0.000,1.000,22.000,0.000,0.000,0.000,2.000,0.000,10.000,0.000,0.000,0.000,2.000,10.000,0.000,0.000,53.000
4992018,AP150592.jpg,Unconfirmed,100,0.000,0.000,0.000,0.000,13.000,0.000,0.000,0.000,3.000,0.000,7.000,0.000,0.000,0.000,1.000,18.000,0.000,0.000,58.000
4992019,AP150593.jpg,Unconfirmed,100,0.000,0.000,0.000,0.000,12.000,0.000,0.000,0.000,19.000,0.000,1.000,1.000,0.000,0.000,0.000,11.000,0.000,0.000,56.000
4992017,AP150594.jpg,Unconfirmed,100,0.000,0.000,0.000,1.000,31.000,0.000,0.000,0.000,23.000,0.000,6.000,1.000,0.000,3.000,5.000,16.000,0.000,0.000,14.000
4992016,AP150595.jpg,Unconfirmed,100,0.000,0.000,0.000,1.000,17.000,0.000,0.000,0.000,8.000,0.000,14.000,0.000,0.000,0.000,5.000,36.000,0.000,0.000,19.000
4992015,AP150596.jpg,Unconfirmed,100,0.000,0.000,0.000,0.000,41.000,0.000,0.000,0.000,6.000,0.000,1.000,0.000,0.000,0.000,2.000,35.000,0.000,0.000,15.000
4992014,AP150597.jpg,Unconfirmed,100,0.000,0.000,0.000,5.000,54.000,0.000,0.000,0.000,4.000,0.000,3.000,0.000,0.000,4.000,3.000,12.000,0.000,0.000,15.000
4992013,AP150598.jpg,Unconfirmed,100,0.000,0.000,0.000,0.000,42.000,0.000,0.000,0.000,2.000,0.000,3.000,0.000,0.000,0.000,0.000,1.000,0.000,0.000,52.000
4992012,AP150599.jpg,Unconfirmed,100,0.000,0.000,0.000,0.000,52.000,0.000,0.000,0.000,2.000,0.000,1.000,0.000,0.000,2.000,1.000,1.000,0.000,0.000,41.000
4992011,AP150600.jpg,Unconfirmed,100,0.000,0.000,0.000,0.000,62.000,0.000,0.000,0.000,0.000,0.000,2.000,0.000,0.000,0.000,0.000,1.000,0.000,0.000,35.000
4992010,AP150601.jpg,Unconfirmed,100,0.000,0.000,0.000,1.000,33.000,0.000,0.000,0.000,2.000,0.000,5.000,0.000,0.000,1.000,4.000,15.000,0.000,0.000,39.000
4992009,AP150602.jpg,Unconfirmed,100,0.000,0.000,0.000,35.000,51.000,0.000,0.000,0.000,3.000,0.000,4.000,2.000,0.000,3.000,1.000,0.000,0.000,0.000,1.000
4992008,AP150603.jpg,Unconfirmed,100,0.000,0.000,0.000,0.000,23.000,0.000,0.000,0.000,7.000,0.000,1.000,0.000,0.000,1.000,0.000,38.000,0.000,0.000,30.000
4992007,AP150604.jpg,Unconfirmed,100,0.000,0.000,0.000,5.000,6.000,0.000,0.000,0.000,13.000,0.000,4.000,0.000,0.000,1.000,6.000,41.000,0.000,0.000,24.000
4992006,AP150605.jpg,Unconfirmed,100,0.000,0.000,0.000,1.000,24.000,0.000,0.000,0.000,6.000,0.000,3.000,0.000,0.000,0.000,0.000,54.000,0.000,0.000,12.000
4992005,AP150606.jpg,Unconfirmed,100,0.000,0.000,0.000,2.000,42.000,0.000,0.000,0.000,5.000,0.000,1.000,0.000,0.000,3.000,2.000,6.000,0.000,0.000,39.000
4992004,AP150607.jpg,Unconfirmed,100,0.000,0.000,0.000,17.000,77.000,1.000,0.000,0.000,0.000,0.000,0.000,0.000,0.000,0.000,0.000,1.000,0.000,0.000,4.000
4992002,AP150608.jpg,Unconfirmed,100,0.000,0.000,0.000,2.000,91.000,0.000,0.000,0.000,3.000,0.000,0.000,0.000,0.000,3.000,1.000,0.000,0.000,0.000,0.000
4992003,AP150609.jpg,Unconfirmed,100,0.000,0.000,0.000,5.000,11.000,0.000,0.000,0.000,17.000,0.000,2.000,0.000,0.000,0.000,0.000,19.000,0.000,0.000,46.000
4992001,AP150610.jpg,Unconfirmed,100,0.000,0.000,0.000,0.000,38.000,0.000,0.000,0.000,5.000,0.000,0.000,0.000,0.000,1.000,1.000,16.000,0.000,0.000,39.000
4992000,AP150611.jpg,Unconfirmed,100,0.000,0.000,0.000,5.000,14.000,0.000,0.000,0.000,16.000,0.000,4.000,0.000,0.000,11.000,4.000,4.000,0.000,0.000,42.000
4991999,AP150612.jpg,Unconfirmed,100,0.000,0.000,0.000,0.000,11.000,0.000,0.000,0.000,13.000,0.000,14.000,0.000,0.000,0.000,1.000,43.000,0.000,0.000,18.000
4991998,AP150613.jpg,Unconfirmed,100,0.000,0.000,0.000,0.000,8.000,0.000,0.000,0.000,5.000,0.000,14.000,0.000,0.000,4.000,13.000,41.000,0.000,0.000,15.000
4991996,AP150614.jpg,Unconfirmed,100,0.000,0.000,0.000,0.000,22.000,0.000,0.000,0.000,4.000,0.000,12.000,2.000,0.000,0.000,2.000,24.000,0.000,0.000,34.000
4991997,AP150615.jpg,Unconfirmed,100,0.000,0.000,0.000,0.000,11.000,0.000,0.000,0.000,0.000,0.000,10.000,0.000,0.000,0.000,7.000,5.000,0.000,0.000,67.000
4991995,AP150616.jpg,Unconfirmed,100,0.000,0.000,0.000,1.000,40.000,0.000,0.000,0.000,9.000,0.000,15.000,0.000,0.000,1.000,6.000,12.000,0.000,0.000,16.000
4991993,AP150617.jpg,Unconfirmed,100,0.000,0.000,0.000,0.000,78.000,0.000,0.000,0.000,3.000,0.000,0.000,0.000,0.000,0.000,2.000,1.000,0.000,0.000,16.000
4991994,AP150618.jpg,Unconfirmed,100,0.000,0.000,0.000,0.000,10.000,0.000,0.000,0.000,11.000,0.000,4.000,0.000,0.000,0.000,6.000,28.000,0.000,0.000,41.000
4991992,AP150619.jpg,Unconfirmed,100,0.000,0.000,0.000,0.000,21.000,0.000,0.000,0.000,12.000,0.000,11.000,0.000,0.000,0.000,1.000,12.000,0.000,0.000,43.000
4991991,AP150620.jpg,Unconfirmed,100,0.000,0.000,0.000,0.000,16.000,0.000,0.000,0.000,13.000,0.000,11.000,3.000,0.000,0.000,3.000,13.000,0.000,0.000,41.000
4991990,AP150621.jpg,Unconfirmed,100,0.000,0.000,0.000,0.000,29.000,0.000,0.000,0.000,8.000,0.000,8.000,1.000,0.000,0.000,0.000,12.000,0.000,0.000,42.000
4991989,AP150622.jpg,Unconfirmed,100,0.000,0.000,0.000,0.000,24.000,0.000,0.000,0.000,16.000,0.000,1.000,3.000,0.000,0.000,0.000,12.000,0.000,0.000,44.000
4991987,AP150623.jpg,Unconfirmed,100,0.000,0.000,0.000,0.000,26.000,0.000,0.000,0.000,13.000,0.000,4.000,0.000,0.000,4.000,7.000,28.000,0.000,0.000,18.000
4991988,AP150624.jpg,Unconfirmed,100,0.000,0.000,0.000,0.000,24.000,0.000,0.000,0.000,2.000,0.000,13.000,0.000,0.000,0.000,4.000,10.000,0.000,0.000,47.000
4991986,AP150625.jpg,Unconfirmed,100,0.000,0.000,0.000,0.000,22.000,0.000,0.000,0.000,2.000,0.000,8.000,1.000,0.000,0.000,7.000,7.000,0.000,0.000,53.000
4991984,AP150626.jpg,Unconfirmed,100,0.000,0.000,0.000,0.000,16.000,0.000,0.000,0.000,3.000,0.000,2.000,2.000,0.000,4.000,11.000,9.000,0.000,0.000,53.000
4991985,AP150627.jpg,Unconfirmed,100,0.000,0.000,0.000,0.000,25.000,0.000,0.000,0.000,7.000,0.000,0.000,0.000,0.000,0.000,2.000,13.000,0.000,0.000,53.000
4991983,AP150628.jpg,Unconfirmed,100,0.000,0.000,0.000,0.000,16.000,0.000,0.000,0.000,9.000,0.000,3.000,5.000,0.000,0.000,6.000,26.000,0.000,0.000,35.000
4991982,AP150629.jpg,Unconfirmed,100,0.000,0.000,0.000,0.000,30.000,0.000,0.000,0.000,6.000,0.000,16.000,0.000,0.000,0.000,0.000,6.000,0.000,0.000,42.000
4991981,AP150630.jpg,Unconfirmed,100,0.000,0.000,0.000,0.000,21.000,0.000,0.000,0.000,5.000,0.000,18.000,0.000,0.000,1.000,0.000,7.000,0.000,0.000,48.000
4991980,AP150631.jpg,Unconfirmed,100,0.000,0.000,0.000,0.000,0.000,0.000,0.000,0.000,8.000,0.000,11.000,0.000,0.000,4.000,45.000,0.000,0.000,0.000,32.000
4991979,AP150632.jpg,Unconfirmed,100,0.000,0.000,0.000,0.000,2.000,0.000,0.000,0.000,36.000,0.000,2.000,0.000,0.000,2.000,17.000,3.000,0.000,0.000,38.000
4991978,AP150633.jpg,Unconfirmed,100,0.000,0.000,0.000,0.000,2.000,0.000,0.000,0.000,4.000,0.000,34.000,2.000,0.000,7.000,33.000,2.000,0.000,0.000,16.000
4991977,AP150634.jpg,Unconfirmed,100,0.000,0.000,0.000,0.000,7.000,0.000,0.000,0.000,5.000,0.000,22.000,0.000,0.000,2.000,42.000,13.000,0.000,0.000,9.000
4991976,AP150635.jpg,Unconfirmed,100,0.000,0.000,0.000,6.000,7.000,0.000,0.000,0.000,4.000,0.000,23.000,0.000,0.000,11.000,40.000,1.000,0.000,0.000,8.000
4991975,AP150636.jpg,Unconfirmed,100,0.000,0.000,0.000,3.000,4.000,0.000,0.000,0.000,14.000,1.000,25.000,0.000,0.000,15.000,13.000,2.000,0.000,0.000,23.000
4991974,AP150637.jpg,Unconfirmed,100,0.000,0.000,0.000,0.000,2.000,0.000,0.000,0.000,3.000,1.000,35.000,0.000,0.000,4.000,49.000,0.000,0.000,0.000,6.000
4991973,AP150638.jpg,Unconfirmed,100,0.000,0.000,0.000,0.000,13.000,0.000,0.000,0.000,7.000,1.000,19.000,0.000,0.000,0.000,23.000,1.000,0.000,0.000,36.000
4991971,AP150639.jpg,Unconfirmed,100,0.000,0.000,0.000,0.000,17.000,0.000,0.000,0.000,9.000,0.000,18.000,0.000,0.000,0.000,18.000,8.000,0.000,0.000,30.000
4991972,AP150640.jpg,Unconfirmed,100,0.000,0.000,0.000,0.000,7.000,0.000,0.000,0.000,8.000,0.000,26.000,3.000,0.000,2.000,19.000,2.000,0.000,0.000,33.000
4991970,AP150641.jpg,Unconfirmed,100,0.000,0.000,0.000,0.000,0.000,0.000,0.000,0.000,0.000,0.000,24.000,0.000,0.000,10.000,62.000,0.000,0.000,0.000,4.000
4991969,AP150642.jpg,Unconfirmed,100,0.000,0.000,0.000,6.000,6.000,0.000,0.000,0.000,1.000,0.000,12.000,0.000,0.000,19.000,42.000,4.000,0.000,0.000,10.000
4991968,AP150643.jpg,Unconfirmed,100,0.000,0.000,0.000,0.000,1.000,0.000,0.000,0.000,6.000,0.000,7.000,0.000,0.000,31.000,15.000,0.000,0.000,0.000,40.000
4991967,AP150644.jpg,Unconfirmed,100,0.000,0.000,0.000,0.000,1.000,0.000,0.000,0.000,3.000,2.000,18.000,0.000,0.000,8.000,24.000,4.000,0.000,0.000,40.000
4991965,AP150645.jpg,Unconfirmed,100,0.000,0.000,0.000,1.000,0.000,0.000,0.000,0.000,3.000,0.000,20.000,0.000,0.000,41.000,16.000,0.000,0.000,0.000,19.000
4991966,AP150646.jpg,Unconfirmed,100,0.000,0.000,0.000,1.000,4.000,0.000,0.000,0.000,12.000,0.000,23.000,1.000,0.000,10.000,14.000,0.000,0.000,0.000,35.000
4991964,AP150647.jpg,Unconfirmed,100,0.000,0.000,0.000,0.000,1.000,0.000,0.000,0.000,4.000,0.000,12.000,0.000,0.000,9.000,2.000,1.000,0.000,0.000,71.000
4991963,AP150648.jpg,Unconfirmed,100,0.000,0.000,0.000,6.000,16.000,0.000,0.000,0.000,22.000,1.000,7.000,2.000,0.000,5.000,13.000,5.000,0.000,0.000,23.000
4991962,AP150649.jpg,Unconfirmed,100,0.000,0.000,0.000,1.000,6.000,0.000,0.000,0.000,6.000,0.000,10.000,0.000,0.000,29.000,17.000,0.000,0.000,0.000,31.000
4991961,AP150650.jpg,Unconfirmed,100,0.000,0.000,0.000,14.000,2.000,0.000,0.000,0.000,5.000,0.000,3.000,0.000,0.000,26.000,41.000,2.000,0.000,0.000,7.000
4991960,AP150651.jpg,Unconfirmed,100,0.000,0.000,0.000,0.000,0.000,0.000,0.000,0.000,2.000,0.000,10.000,0.000,0.000,18.000,38.000,0.000,0.000,0.000,32.000
4991959,AP150652.jpg,Unconfirmed,100,0.000,0.000,0.000,0.000,0.000,0.000,0.000,0.000,2.000,0.000,18.000,0.000,0.000,26.000,13.000,0.000,0.000,0.000,41.000
4991958,AP150653.jpg,Unconfirmed,100,0.000,0.000,0.000,0.000,0.000,0.000,0.000,0.000,3.000,0.000,42.000,0.000,0.000,32.000,8.000,0.000,0.000,0.000,15.000
4991956,AP150654.jpg,Unconfirmed,100,0.000,0.000,0.000,0.000,1.000,0.000,0.000,0.000,3.000,0.000,25.000,0.000,0.000,31.000,27.000,0.000,0.000,0.000,13.000
4991957,AP150655.jpg,Unconfirmed,100,0.000,0.000,0.000,2.000,5.000,0.000,0.000,0.000,9.000,0.000,13.000,0.000,0.000,37.000,12.000,0.000,0.000,0.000,22.000
4991955,AP150656.jpg,Unconfirmed,100,0.000,0.000,0.000,2.000,4.000,0.000,0.000,0.000,4.000,0.000,27.000,0.000,0.000,32.000,16.000,0.000,0.000,0.000,15.000
4991954,AP150657.jpg,Unconfirmed,100,0.000,0.000,0.000,0.000,3.000,0.000,0.000,0.000,1.000,0.000,12.000,0.000,0.000,4.000,52.000,0.000,0.000,0.000,28.000
4991953,AP150658.jpg,Unconfirmed,100,0.000,0.000,0.000,0.000,1.000,0.000,0.000,0.000,4.000,0.000,9.000,0.000,0.000,21.000,64.000,0.000,0.000,0.000,1.000
4991952,AP150659.jpg,Unconfirmed,100,0.000,0.000,0.000,0.000,0.000,0.000,0.000,0.000,1.000,0.000,20.000,1.000,0.000,37.000,32.000,0.000,0.000,0.000,9.000
4991951,AP150660.jpg,Unconfirmed,100,0.000,0.000,0.000,3.000,3.000,0.000,0.000,0.000,25.000,0.000,5.000,0.000,0.000,46.000,13.000,0.000,0.000,0.000,5.000
4991950,AP150661.jpg,Unconfirmed,100,0.000,0.000,0.000,1.000,13.000,0.000,0.000,0.000,11.000,0.000,36.000,1.000,0.000,10.000,9.000,2.000,0.000,0.000,17.000
4991949,AP150662.jpg,Unconfirmed,100,0.000,0.000,0.000,54.000,4.000,1.000,0.000,0.000,16.000,0.000,5.000,0.000,0.000,8.000,8.000,0.000,0.000,0.000,4.000
4991948,AP150664.jpg,Unconfirmed,100,0.000,0.000,0.000,0.000,0.000,0.000,0.000,0.000,2.000,0.000,5.000,0.000,0.000,6.000,84.000,0.000,0.000,0.000,3.000
4991947,AP150665.jpg,Unconfirmed,100,0.000,0.000,0.000,0.000,2.000,0.000,0.000,0.000,4.000,0.000,10.000,0.000,0.000,13.000,65.000,1.000,0.000,0.000,5.000
4991945,AP150666.jpg,Unconfirmed,100,0.000,0.000,0.000,6.000,7.000,0.000,0.000,0.000,9.000,0.000,26.000,0.000,0.000,10.000,32.000,3.000,0.000,0.000,7.000
4991946,AP150667.jpg,Unconfirmed,100,0.000,0.000,0.000,1.000,5.000,0.000,0.000,0.000,9.000,0.000,17.000,0.000,0.000,30.000,11.000,3.000,0.000,0.000,24.000
4991944,AP150668.jpg,Unconfirmed,100,0.000,0.000,0.000,0.000,5.000,0.000,0.000,0.000,1.000,0.000,29.000,0.000,0.000,31.000,24.000,0.000,0.000,0.000,10.000
4991942,AP150669.jpg,Unconfirmed,100,0.000,0.000,0.000,2.000,2.000,0.000,0.000,0.000,3.000,0.000,10.000,0.000,0.000,70.000,11.000,0.000,0.000,0.000,2.000
4991943,AP150670.jpg,Unconfirmed,100,0.000,0.000,0.000,1.000,3.000,0.000,0.000,0.000,3.000,0.000,38.000,0.000,0.000,23.000,9.000,8.000,0.000,0.000,15.000
4991941,AP150671.jpg,Unconfirmed,100,0.000,0.000,0.000,12.000,1.000,0.000,0.000,0.000,2.000,0.000,19.000,0.000,0.000,41.000,25.000,0.000,0.000,0.000,0.000
4991940,AP150672.jpg,Unconfirmed,100,0.000,0.000,0.000,22.000,8.000,0.000,0.000,0.000,2.000,0.000,17.000,0.000,0.000,38.000,10.000,0.000,0.000,0.000,3.000
4991939,AP150673.jpg,Unconfirmed,100,0.000,0.000,0.000,2.000,3.000,0.000,0.000,0.000,7.000,0.000,29.000,0.000,0.000,30.000,27.000,0.000,0.000,0.000,2.000
4991938,AP150674.jpg,Unconfirmed,100,0.000,0.000,0.000,17.000,3.000,0.000,0.000,0.000,4.000,0.000,15.000,0.000,0.000,25.000,34.000,0.000,0.000,0.000,2.000
4991937,AP150675.jpg,Unconfirmed,100,0.000,0.000,0.000,18.000,9.000,0.000,0.000,0.000,5.000,0.000,21.000,0.000,0.000,25.000,15.000,4.000,0.000,0.000,3.000
4991936,AP150676.jpg,Unconfirmed,100,0.000,0.000,0.000,1.000,2.000,0.000,0.000,0.000,6.000,0.000,9.000,0.000,0.000,72.000,10.000,0.000,0.000,0.000,0.000
4991935,AP150677.jpg,Unconfirmed,100,0.000,0.000,0.000,5.000,2.000,0.000,0.000,0.000,4.000,0.000,12.000,0.000,0.000,48.000,11.000,2.000,0.000,0.000,16.000
4991934,AP150678.jpg,Unconfirmed,100,0.000,0.000,0.000,0.000,0.000,0.000,0.000,0.000,2.000,0.000,13.000,0.000,0.000,58.000,26.000,0.000,0.000,0.000,1.000
4991933,AP150679.jpg,Unconfirmed,100,0.000,0.000,0.000,4.000,0.000,0.000,0.000,0.000,20.000,0.000,36.000,0.000,0.000,29.000,5.000,0.000,0.000,0.000,6.000
4991932,AP150680.jpg,Unconfirmed,100,0.000,0.000,0.000,5.000,0.000,1.000,0.000,0.000,12.000,0.000,23.000,0.000,0.000,40.000,9.000,0.000,0.000,0.000,10.000
4991931,AP150681.jpg,Unconfirmed,100,0.000,0.000,0.000,0.000,0.000,0.000,0.000,0.000,1.000,0.000,13.000,0.000,0.000,2.000,13.000,0.000,0.000,0.000,71.000
4991930,AP150682.jpg,Unconfirmed,100,0.000,0.000,0.000,0.000,2.000,0.000,0.000,0.000,0.000,0.000,5.000,0.000,0.000,12.000,19.000,0.000,0.000,0.000,62.000
4991929,AP150683.jpg,Unconfirmed,100,0.000,0.000,0.000,0.000,4.000,0.000,0.000,0.000,4.000,0.000,13.000,0.000,0.000,58.000,20.000,0.000,0.000,0.000,1.000
4991928,AP150684.jpg,Unconfirmed,100,0.000,0.000,0.000,64.000,1.000,0.000,0.000,0.000,4.000,0.000,2.000,0.000,0.000,13.000,13.000,0.000,0.000,0.000,3.000
4991926,AP150689.jpg,Unconfirmed,100,0.000,0.000,0.000,0.000,0.000,0.000,0.000,0.000,10.000,1.000,38.000,0.000,0.000,37.000,4.000,0.000,0.000,0.000,10.000
4991927,AP150690.jpg,Unconfirmed,100,0.000,0.000,0.000,2.000,0.000,0.000,0.000,0.000,21.000,0.000,13.000,0.000,0.000,21.000,39.000,0.000,0.000,0.000,4.000
4991925,AP150691.jpg,Unconfirmed,100,0.000,0.000,0.000,2.000,1.000,0.000,0.000,0.000,24.000,1.000,10.000,0.000,0.000,32.000,28.000,0.000,0.000,0.000,2.000
4991924,AP150692.jpg,Unconfirmed,100,0.000,0.000,0.000,0.000,11.000,0.000,0.000,0.000,4.000,0.000,56.000,0.000,0.000,19.000,5.000,0.000,0.000,0.000,5.000
4991923,AP150693.jpg,Unconfirmed,100,0.000,0.000,0.000,0.000,0.000,0.000,0.000,0.000,9.000,0.000,50.000,0.000,0.000,14.000,21.000,1.000,0.000,0.000,5.000
4991922,AP150694.jpg,Unconfirmed,100,0.000,0.000,0.000,1.000,1.000,0.000,0.000,0.000,23.000,0.000,41.000,0.000,0.000,27.000,3.000,1.000,0.000,0.000,3.000
4991921,AP150695.jpg,Unconfirmed,100,0.000,0.000,0.000,0.000,1.000,0.000,0.000,0.000,13.000,0.000,38.000,0.000,0.000,38.000,4.000,0.000,0.000,0.000,6.000
4991919,AP150696.jpg,Unconfirmed,100,0.000,0.000,0.000,0.000,2.000,0.000,0.000,0.000,7.000,0.000,45.000,0.000,0.000,38.000,7.000,0.000,0.000,0.000,1.000
4991920,AP150697.jpg,Unconfirmed,100,0.000,0.000,0.000,5.000,3.000,0.000,0.000,0.000,8.000,0.000,34.000,0.000,0.000,39.000,10.000,0.000,0.000,0.000,1.000
4991918,AP150698.jpg,Unconfirmed,100,0.000,0.000,0.000,4.000,4.000,0.000,0.000,0.000,18.000,0.000,15.000,0.000,0.000,39.000,14.000,0.000,0.000,0.000,6.000
4991917,AP150699.jpg,Unconfirmed,100,0.000,0.000,0.000,0.000,3.000,0.000,0.000,0.000,3.000,0.000,16.000,2.000,0.000,16.000,17.000,0.000,0.000,0.000,43.000
4991916,AP150700.jpg,Unconfirmed,100,0.000,0.000,0.000,2.000,3.000,0.000,0.000,0.000,2.000,0.000,32.000,0.000,0.000,34.000,20.000,0.000,0.000,0.000,7.000
4991915,AP150701.jpg,Unconfirmed,100,0.000,0.000,0.000,3.000,5.000,0.000,0.000,0.000,7.000,0.000,2.000,0.000,0.000,57.000,26.000,0.000,0.000,0.000,0.000
4991914,AP150702.jpg,Unconfirmed,100,0.000,0.000,0.000,19.000,1.000,1.000,0.000,0.000,17.000,0.000,1.000,0.000,0.000,16.000,45.000,0.000,0.000,0.000,0.000
4991913,AP150703.jpg,Unconfirmed,100,0.000,0.000,0.000,0.000,1.000,0.000,0.000,0.000,2.000,0.000,41.000,0.000,0.000,42.000,6.000,0.000,0.000,0.000,8.000
4991912,AP150704.jpg,Unconfirmed,100,0.000,0.000,0.000,3.000,4.000,0.000,0.000,0.000,4.000,0.000,19.000,1.000,0.000,40.000,18.000,4.000,0.000,0.000,7.000
4991911,AP150705.jpg,Unconfirmed,100,0.000,0.000,0.000,0.000,2.000,0.000,0.000,0.000,5.000,0.000,25.000,0.000,0.000,49.000,11.000,1.000,0.000,0.000,7.000
4991910,AP150706.jpg,Unconfirmed,100,0.000,0.000,0.000,1.000,0.000,0.000,0.000,0.000,5.000,0.000,63.000,0.000,0.000,16.000,13.000,0.000,0.000,0.000,2.000
4991909,AP150707.jpg,Unconfirmed,100,0.000,0.000,0.000,0.000,0.000,0.000,0.000,0.000,1.000,0.000,62.000,0.000,0.000,24.000,5.000,0.000,0.000,0.000,8.000
4991907,AP150708.jpg,Unconfirmed,100,0.000,0.000,0.000,1.000,1.000,0.000,0.000,0.000,3.000,0.000,46.000,0.000,0.000,27.000,13.000,1.000,0.000,0.000,8.000
4991908,AP150709.jpg,Unconfirmed,100,0.000,0.000,0.000,1.000,1.000,0.000,0.000,0.000,2.000,0.000,24.000,0.000,0.000,31.000,6.000,0.000,0.000,0.000,35.000
4991906,AP150710.jpg,Unconfirmed,100,0.000,0.000,0.000,2.000,3.000,0.000,0.000,0.000,6.000,0.000,31.000,0.000,0.000,46.000,8.000,0.000,0.000,0.000,4.000
4991905,AP150711.jpg,Unconfirmed,100,0.000,0.000,0.000,0.000,0.000,0.000,0.000,0.000,1.000,0.000,64.000,0.000,0.000,21.000,7.000,0.000,0.000,0.000,7.000
4991904,AP150712.jpg,Unconfirmed,100,0.000,0.000,0.000,0.000,0.000,0.000,0.000,0.000,9.000,0.000,28.000,0.000,0.000,47.000,9.000,2.000,0.000,0.000,5.000
4991903,AP150713.jpg,Unconfirmed,100,0.000,0.000,0.000,2.000,0.000,0.000,0.000,0.000,8.000,0.000,39.000,0.000,0.000,41.000,5.000,1.000,0.000,0.000,4.000
4991901,AP150714.jpg,Unconfirmed,100,0.000,0.000,0.000,0.000,2.000,0.000,0.000,0.000,2.000,0.000,40.000,0.000,0.000,40.000,5.000,0.000,0.000,0.000,11.000
4991902,AP150715.jpg,Unconfirmed,100,0.000,0.000,0.000,5.000,1.000,0.000,0.000,0.000,13.000,0.000,16.000,0.000,0.000,40.000,23.000,0.000,0.000,0.000,2.000
4991900,AP150716.jpg,Unconfirmed,100,0.000,0.000,0.000,0.000,10.000,0.000,0.000,0.000,37.000,0.000,16.000,2.000,0.000,15.000,16.000,0.000,0.000,0.000,4.000
4991899,AP150717.jpg,Unconfirmed,100,0.000,0.000,0.000,0.000,2.000,0.000,0.000,0.000,14.000,0.000,27.000,0.000,0.000,40.000,10.000,0.000,0.000,0.000,7.000
4991898,AP150718.jpg,Unconfirmed,100,0.000,0.000,0.000,0.000,14.000,0.000,0.000,0.000,8.000,0.000,30.000,0.000,0.000,14.000,13.000,4.000,0.000,0.000,17.000
4991897,AP150719.jpg,Unconfirmed,100,0.000,0.000,0.000,3.000,31.000,0.000,0.000,0.000,5.000,0.000,23.000,4.000,0.000,8.000,14.000,1.000,0.000,0.000,11.000
4991895,AP150720.jpg,Unconfirmed,100,0.000,0.000,0.000,3.000,1.000,0.000,0.000,0.000,3.000,0.000,54.000,0.000,0.000,19.000,20.000,0.000,0.000,0.000,0.000
4991896,AP150721.jpg,Unconfirmed,100,0.000,0.000,0.000,2.000,1.000,0.000,0.000,0.000,7.000,0.000,61.000,0.000,0.000,27.000,0.000,0.000,0.000,0.000,2.000
4991894,AP150722.jpg,Unconfirmed,100,0.000,0.000,0.000,0.000,2.000,0.000,0.000,0.000,3.000,0.000,38.000,0.000,0.000,32.000,10.000,0.000,0.000,0.000,15.000
4991893,AP150723.jpg,Unconfirmed,100,0.000,0.000,0.000,0.000,2.000,0.000,0.000,0.000,6.000,0.000,29.000,0.000,0.000,45.000,5.000,0.000,0.000,0.000,13.000
4991892,AP150724.jpg,Unconfirmed,100,0.000,0.000,0.000,0.000,1.000,0.000,0.000,0.000,2.000,0.000,26.000,0.000,0.000,11.000,57.000,0.000,0.000,0.000,3.000
4991891,AP150725.jpg,Unconfirmed,100,0.000,0.000,0.000,0.000,6.000,0.000,0.000,0.000,8.000,0.000,11.000,0.000,0.000,22.000,36.000,0.000,0.000,0.000,17.000
4991890,AP150726.jpg,Unconfirmed,100,0.000,0.000,0.000,0.000,11.000,0.000,0.000,0.000,4.000,0.000,54.000,0.000,0.000,5.000,19.000,0.000,0.000,0.000,7.000
4991888,AP150727.jpg,Unconfirmed,100,0.000,0.000,0.000,3.000,4.000,0.000,0.000,0.000,3.000,0.000,29.000,0.000,0.000,38.000,23.000,0.000,0.000,0.000,0.000
4991889,AP150728.jpg,Unconfirmed,100,0.000,0.000,0.000,6.000,24.000,0.000,0.000,0.000,12.000,0.000,0.000,0.000,0.000,10.000,25.000,0.000,0.000,0.000,23.000
4991887,AP150729.jpg,Unconfirmed,100,0.000,0.000,0.000,0.000,1.000,0.000,0.000,0.000,0.000,0.000,0.000,0.000,0.000,0.000,2.000,0.000,0.000,0.000,97.000
4991886,AP150730.jpg,Unconfirmed,100,0.000,0.000,0.000,1.000,3.000,0.000,0.000,0.000,3.000,0.000,3.000,0.000,0.000,14.000,4.000,0.000,0.000,0.000,72.000
4991885,AP150731.jpg,Unconfirmed,100,0.000,0.000,0.000,20.000,1.000,0.000,0.000,0.000,12.000,0.000,0.000,0.000,0.000,41.000,21.000,0.000,0.000,0.000,5.000
4991883,AP150732.jpg,Unconfirmed,100,0.000,0.000,0.000,6.000,5.000,0.000,0.000,0.000,7.000,0.000,36.000,0.000,0.000,38.000,5.000,0.000,0.000,0.000,3.000
4991884,AP150733.jpg,Unconfirmed,100,0.000,0.000,0.000,6.000,1.000,0.000,0.000,0.000,26.000,0.000,17.000,0.000,0.000,49.000,1.000,0.000,0.000,0.000,0.000
4991882,AP150734.jpg,Unconfirmed,100,0.000,0.000,0.000,27.000,0.000,0.000,0.000,0.000,3.000,0.000,29.000,0.000,0.000,38.000,3.000,0.000,0.000,0.000,0.000
4991881,AP150735.jpg,Unconfirmed,100,0.000,0.000,0.000,0.000,4.000,0.000,0.000,0.000,2.000,0.000,41.000,0.000,0.000,19.000,9.000,0.000,0.000,0.000,25.000
4991880,AP150736.jpg,Unconfirmed,100,0.000,0.000,0.000,0.000,0.000,0.000,0.000,0.000,21.000,0.000,23.000,0.000,0.000,43.000,10.000,0.000,0.000,0.000,3.000
4991879,AP150737.jpg,Unconfirmed,100,0.000,0.000,0.000,0.000,5.000,0.000,0.000,0.000,3.000,0.000,40.000,0.000,0.000,37.000,6.000,0.000,0.000,0.000,9.000
4991877,AP150738.jpg,Unconfirmed,100,0.000,0.000,0.000,0.000,1.000,0.000,0.000,0.000,2.000,0.000,11.000,0.000,0.000,72.000,8.000,0.000,0.000,0.000,6.000
4991878,AP150739.jpg,Unconfirmed,100,0.000,0.000,0.000,0.000,37.000,0.000,0.000,0.000,5.000,0.000,2.000,0.000,0.000,2.000,2.000,5.000,0.000,0.000,47.000
4991876,AP150740.jpg,Unconfirmed,100,0.000,0.000,0.000,0.000,21.000,0.000,0.000,0.000,2.000,0.000,7.000,0.000,0.000,1.000,8.000,2.000,0.000,0.000,59.000
4991875,AP150741.jpg,Unconfirmed,100,0.000,0.000,0.000,2.000,98.000,0.000,0.000,0.000,0.000,0.000,0.000,0.000,0.000,0.000,0.000,0.000,0.000,0.000,0.000
4991873,AP150742.jpg,Unconfirmed,100,0.000,0.000,0.000,0.000,47.000,0.000,0.000,0.000,8.000,0.000,2.000,1.000,0.000,0.000,2.000,2.000,0.000,0.000,38.000
4991874,AP150743.jpg,Unconfirmed,100,0.000,0.000,0.000,0.000,15.000,0.000,0.000,0.000,8.000,0.000,0.000,1.000,0.000,5.000,4.000,1.000,0.000,0.000,66.000
4991871,AP150744.jpg,Unconfirmed,100,0.000,0.000,0.000,0.000,8.000,0.000,0.000,0.000,11.000,0.000,6.000,0.000,0.000,0.000,3.000,22.000,0.000,0.000,50.000
4991870,AP150745.jpg,Unconfirmed,100,0.000,0.000,0.000,0.000,39.000,0.000,0.000,0.000,9.000,0.000,4.000,2.000,0.000,0.000,1.000,9.000,0.000,0.000,36.000
4991872,AP150746.jpg,Unconfirmed,100,0.000,0.000,0.000,2.000,25.000,0.000,0.000,0.000,7.000,0.000,3.000,2.000,0.000,0.000,2.000,5.000,0.000,0.000,54.000
4991869,AP150747.jpg,Unconfirmed,100,0.000,0.000,0.000,0.000,27.000,0.000,0.000,0.000,16.000,0.000,2.000,2.000,0.000,4.000,11.000,11.000,0.000,0.000,27.000
4991867,AP150748.jpg,Unconfirmed,100,0.000,0.000,0.000,0.000,4.000,0.000,0.000,0.000,3.000,0.000,2.000,0.000,0.000,0.000,4.000,1.000,0.000,0.000,86.000
4991868,AP150749.jpg,Unconfirmed,100,0.000,0.000,0.000,0.000,10.000,0.000,0.000,0.000,1.000,0.000,4.000,0.000,0.000,0.000,0.000,3.000,0.000,0.000,82.000
4991866,AP150750.jpg,Unconfirmed,100,0.000,0.000,0.000,0.000,44.000,0.000,0.000,0.000,25.000,0.000,6.000,0.000,0.000,1.000,2.000,0.000,0.000,0.000,22.000
4991864,AP150751.jpg,Unconfirmed,100,0.000,0.000,0.000,1.000,29.000,0.000,0.000,0.000,8.000,0.000,2.000,2.000,0.000,2.000,8.000,2.000,0.000,0.000,46.000
4991865,AP150752.jpg,Unconfirmed,100,0.000,0.000,0.000,1.000,15.000,0.000,0.000,0.000,2.000,0.000,5.000,0.000,0.000,2.000,9.000,4.000,0.000,0.000,62.000
4991863,AP150753.jpg,Unconfirmed,100,0.000,0.000,0.000,1.000,12.000,0.000,0.000,0.000,12.000,0.000,6.000,2.000,0.000,3.000,11.000,9.000,0.000,0.000,44.000
4991862,AP150754.jpg,Unconfirmed,100,0.000,0.000,0.000,5.000,24.000,0.000,0.000,0.000,7.000,0.000,1.000,3.000,0.000,0.000,3.000,1.000,0.000,0.000,56.000
4991861,AP150755.jpg,Unconfirmed,100,0.000,0.000,0.000,6.000,9.000,0.000,0.000,0.000,10.000,0.000,1.000,11.000,0.000,4.000,1.000,2.000,0.000,0.000,56.000
4991860,AP150756.jpg,Unconfirmed,100,0.000,0.000,0.000,1.000,18.000,0.000,0.000,0.000,12.000,0.000,2.000,8.000,0.000,0.000,0.000,0.000,0.000,0.000,59.000
4991859,AP150757.jpg,Unconfirmed,100,0.000,0.000,0.000,1.000,25.000,0.000,0.000,0.000,15.000,0.000,0.000,2.000,0.000,1.000,7.000,5.000,0.000,0.000,44.000
4991858,AP150758.jpg,Unconfirmed,100,0.000,0.000,0.000,0.000,100.000,0.000,0.000,0.000,0.000,0.000,0.000,0.000,0.000,0.000,0.000,0.000,0.000,0.000,0.000
4991857,AP150759.jpg,Unconfirmed,100,0.000,0.000,0.000,17.000,76.000,0.000,0.000,0.000,3.000,0.000,0.000,0.000,0.000,4.000,0.000,0.000,0.000,0.000,0.000
4991856,AP150760.jpg,Unconfirmed,100,0.000,0.000,0.000,0.000,16.000,0.000,0.000,0.000,29.000,0.000,1.000,2.000,0.000,5.000,5.000,4.000,0.000,0.000,38.000
4991855,AP150761.jpg,Unconfirmed,100,0.000,0.000,0.000,1.000,33.000,1.000,0.000,0.000,14.000,0.000,3.000,0.000,0.000,2.000,1.000,5.000,0.000,0.000,40.000
4991854,AP150762.jpg,Unconfirmed,100,0.000,0.000,0.000,0.000,13.000,0.000,0.000,0.000,4.000,0.000,4.000,0.000,0.000,3.000,9.000,2.000,0.000,0.000,65.000
4991853,AP150763.jpg,Unconfirmed,100,0.000,0.000,0.000,0.000,18.000,0.000,0.000,0.000,1.000,0.000,1.000,2.000,0.000,3.000,7.000,7.000,0.000,0.000,61.000
4991852,AP150764.jpg,Unconfirmed,100,0.000,0.000,0.000,0.000,19.000,0.000,0.000,0.000,20.000,0.000,1.000,4.000,0.000,4.000,3.000,6.000,0.000,0.000,43.000
4991851,AP150765.jpg,Unconfirmed,100,0.000,0.000,0.000,0.000,32.000,0.000,0.000,0.000,16.000,0.000,1.000,3.000,0.000,3.000,1.000,7.000,0.000,0.000,37.000
4991850,AP150766.jpg,Unconfirmed,100,0.000,0.000,0.000,5.000,27.000,0.000,0.000,0.000,9.000,0.000,1.000,2.000,0.000,5.000,6.000,2.000,0.000,0.000,43.000
4991849,AP150767.jpg,Unconfirmed,100,0.000,0.000,0.000,0.000,18.000,0.000,0.000,0.000,28.000,0.000,0.000,0.000,0.000,4.000,8.000,0.000,0.000,0.000,42.000
4991847,AP150768.jpg,Unconfirmed,100,0.000,0.000,0.000,2.000,23.000,1.000,0.000,0.000,17.000,0.000,0.000,3.000,0.000,2.000,6.000,7.000,0.000,0.000,39.000
4991846,AP150769.jpg,Unconfirmed,100,0.000,0.000,0.000,10.000,21.000,0.000,0.000,0.000,16.000,0.000,4.000,0.000,0.000,9.000,17.000,1.000,0.000,0.000,22.000
4991848,AP150770.jpg,Unconfirmed,100,0.000,0.000,0.000,2.000,13.000,0.000,0.000,0.000,12.000,0.000,3.000,0.000,0.000,1.000,9.000,2.000,0.000,0.000,58.000
4991845,AP150771.jpg,Unconfirmed,100,0.000,0.000,0.000,5.000,43.000,0.000,0.000,0.000,9.000,0.000,0.000,0.000,0.000,10.000,0.000,4.000,0.000,0.000,29.000
4991844,AP150772.jpg,Unconfirmed,100,0.000,0.000,0.000,5.000,16.000,0.000,0.000,0.000,5.000,0.000,1.000,0.000,0.000,1.000,9.000,4.000,0.000,0.000,59.000
4991843,AP150773.jpg,Unconfirmed,100,0.000,0.000,0.000,2.000,11.000,0.000,0.000,0.000,20.000,0.000,3.000,2.000,0.000,4.000,7.000,6.000,0.000,0.000,45.000
4991842,AP150774.jpg,Unconfirmed,100,0.000,0.000,0.000,1.000,18.000,0.000,0.000,0.000,25.000,0.000,2.000,2.000,0.000,6.000,17.000,0.000,0.000,0.000,29.000
4991840,AP150775.jpg,Unconfirmed,100,0.000,0.000,0.000,14.000,31.000,1.000,0.000,0.000,20.000,0.000,1.000,5.000,0.000,9.000,3.000,1.000,0.000,0.000,15.000
4991841,AP150776.jpg,Unconfirmed,100,0.000,0.000,0.000,2.000,17.000,0.000,0.000,0.000,22.000,0.000,0.000,0.000,0.000,6.000,7.000,0.000,0.000,0.000,46.000
4991839,AP150777.jpg,Unconfirmed,100,0.000,0.000,0.000,1.000,15.000,0.000,0.000,0.000,3.000,0.000,4.000,2.000,0.000,2.000,10.000,2.000,0.000,0.000,61.000
4991837,AP150778.jpg,Unconfirmed,100,0.000,0.000,0.000,13.000,7.000,0.000,0.000,0.000,1.000,0.000,0.000,0.000,0.000,11.000,22.000,0.000,0.000,0.000,46.000
4991838,AP150779.jpg,Unconfirmed,100,0.000,0.000,0.000,11.000,34.000,0.000,0.000,0.000,6.000,0.000,0.000,6.000,0.000,2.000,2.000,0.000,0.000,0.000,39.000
4991836,AP150780.jpg,Unconfirmed,100,0.000,0.000,0.000,3.000,16.000,1.000,0.000,0.000,20.000,0.000,2.000,5.000,0.000,6.000,0.000,2.000,0.000,0.000,45.000
4991835,AP150781.jpg,Unconfirmed,100,0.000,0.000,0.000,7.000,17.000,0.000,0.000,0.000,9.000,0.000,1.000,2.000,0.000,2.000,2.000,0.000,0.000,0.000,60.000
4991834,AP150782.jpg,Unconfirmed,100,0.000,0.000,0.000,0.000,22.000,0.000,0.000,0.000,18.000,0.000,0.000,4.000,0.000,1.000,20.000,0.000,0.000,0.000,35.000
4991833,AP150783.jpg,Unconfirmed,100,0.000,0.000,0.000,0.000,8.000,0.000,0.000,0.000,2.000,0.000,4.000,1.000,0.000,0.000,0.000,5.000,0.000,0.000,80.000
4991832,AP150784.jpg,Unconfirmed,100,0.000,0.000,0.000,17.000,19.000,0.000,0.000,0.000,6.000,0.000,0.000,2.000,0.000,1.000,0.000,0.000,0.000,0.000,55.000
4991831,AP150785.jpg,Unconfirmed,100,0.000,0.000,0.000,10.000,9.000,0.000,0.000,0.000,12.000,0.000,0.000,0.000,0.000,11.000,2.000,0.000,0.000,0.000,56.000
4991830,AP150786.jpg,Unconfirmed,100,0.000,0.000,0.000,2.000,19.000,1.000,0.000,0.000,9.000,0.000,0.000,1.000,0.000,6.000,1.000,2.000,0.000,0.000,59.000
4991829,AP150787.jpg,Unconfirmed,100,0.000,0.000,0.000,13.000,10.000,0.000,0.000,0.000,7.000,0.000,0.000,3.000,0.000,7.000,1.000,0.000,0.000,0.000,59.000
4991828,AP150788.jpg,Unconfirmed,100,0.000,0.000,0.000,0.000,26.000,0.000,0.000,0.000,4.000,0.000,0.000,0.000,0.000,1.000,0.000,3.000,0.000,0.000,66.000
4991827,AP150789.jpg,Unconfirmed,100,0.000,0.000,0.000,0.000,29.000,0.000,0.000,0.000,21.000,0.000,0.000,1.000,0.000,0.000,4.000,1.000,0.000,0.000,44.000
4991826,AP150790.jpg,Unconfirmed,100,0.000,0.000,0.000,0.000,21.000,0.000,0.000,0.000,13.000,0.000,1.000,1.000,0.000,2.000,9.000,2.000,0.000,0.000,51.000
4991825,AP150791.jpg,Unconfirmed,100,0.000,0.000,0.000,6.000,6.000,0.000,0.000,0.000,0.000,0.000,1.000,0.000,0.000,1.000,25.000,0.000,0.000,0.000,61.000
4991824,AP150793.jpg,Unconfirmed,100,0.000,0.000,0.000,11.000,15.000,0.000,0.000,0.000,28.000,0.000,0.000,0.000,0.000,13.000,0.000,0.000,0.000,0.000,33.000
4991823,AP150794.jpg,Unconfirmed,100,0.000,0.000,0.000,2.000,1.000,0.000,0.000,0.000,79.000,0.000,0.000,0.000,0.000,16.000,2.000,0.000,0.000,0.000,0.000
4991822,AP150795.jpg,Unconfirmed,100,0.000,0.000,0.000,6.000,9.000,0.000,0.000,0.000,69.000,0.000,0.000,0.000,0.000,15.000,0.000,0.000,0.000,0.000,1.000
4991821,AP150796.jpg,Unconfirmed,100,0.000,0.000,0.000,0.000,1.000,0.000,0.000,0.000,41.000,0.000,0.000,0.000,0.000,58.000,0.000,0.000,0.000,0.000,0.000
4991820,AP150797.jpg,Unconfirmed,100,0.000,0.000,0.000,3.000,23.000,0.000,0.000,0.000,40.000,0.000,4.000,0.000,0.000,12.000,5.000,0.000,0.000,0.000,13.000
4991819,AP150798.jpg,Unconfirmed,100,0.000,0.000,0.000,12.000,8.000,1.000,0.000,0.000,68.000,0.000,3.000,0.000,0.000,3.000,0.000,0.000,0.000,0.000,5.000
4991818,AP150799.jpg,Unconfirmed,100,0.000,0.000,0.000,3.000,17.000,0.000,0.000,0.000,47.000,0.000,0.000,0.000,0.000,10.000,12.000,0.000,0.000,0.000,11.000
4991817,AP150800.jpg,Unconfirmed,100,0.000,0.000,0.000,81.000,17.000,0.000,0.000,0.000,2.000,0.000,0.000,0.000,0.000,0.000,0.000,0.000,0.000,0.000,0.000
4991816,AP150801.jpg,Unconfirmed,100,0.000,0.000,0.000,6.000,3.000,2.000,0.000,0.000,62.000,0.000,0.000,0.000,0.000,27.000,0.000,0.000,0.000,0.000,0.000
4991815,AP150802.jpg,Unconfirmed,100,0.000,0.000,0.000,66.000,0.000,1.000,0.000,0.000,28.000,0.000,0.000,0.000,0.000,5.000,0.000,0.000,0.000,0.000,0.000
4991814,AP150803.jpg,Unconfirmed,100,0.000,0.000,0.000,19.000,2.000,8.000,0.000,0.000,66.000,0.000,0.000,0.000,0.000,2.000,3.000,0.000,0.000,0.000,0.000
4991813,AP150804.jpg,Unconfirmed,100,0.000,0.000,0.000,58.000,4.000,2.000,0.000,0.000,22.000,0.000,1.000,0.000,0.000,3.000,0.000,0.000,0.000,0.000,10.000
4991812,AP150805.jpg,Unconfirmed,100,0.000,0.000,0.000,71.000,5.000,0.000,0.000,0.000,11.000,0.000,0.000,0.000,0.000,6.000,0.000,0.000,0.000,0.000,7.000
4991811,AP150806.jpg,Unconfirmed,100,0.000,0.000,0.000,13.000,0.000,1.000,0.000,0.000,71.000,0.000,0.000,0.000,0.000,15.000,0.000,0.000,0.000,0.000,0.000
4991810,AP150807.jpg,Unconfirmed,100,0.000,0.000,0.000,2.000,85.000,0.000,0.000,0.000,9.000,0.000,1.000,0.000,0.000,3.000,0.000,0.000,0.000,0.000,0.000
4991809,AP150808.jpg,Unconfirmed,100,0.000,0.000,0.000,1.000,11.000,0.000,0.000,0.000,65.000,0.000,0.000,0.000,0.000,4.000,19.000,0.000,0.000,0.000,0.000
4991808,AP150809.jpg,Unconfirmed,100,0.000,0.000,0.000,5.000,20.000,0.000,0.000,0.000,23.000,0.000,3.000,0.000,0.000,16.000,33.000,0.000,0.000,0.000,0.000
4991807,AP150810.jpg,Unconfirmed,100,0.000,0.000,0.000,27.000,0.000,0.000,0.000,0.000,41.000,0.000,0.000,0.000,0.000,32.000,0.000,0.000,0.000,0.000,0.000
4991806,AP150811.jpg,Unconfirmed,100,0.000,0.000,0.000,49.000,0.000,0.000,0.000,0.000,22.000,0.000,0.000,0.000,0.000,29.000,0.000,0.000,0.000,0.000,0.000
4991805,AP150812.jpg,Unconfirmed,100,0.000,0.000,0.000,0.000,73.000,0.000,0.000,0.000,6.000,0.000,3.000,0.000,0.000,7.000,9.000,0.000,0.000,0.000,2.000
4991804,AP150813.jpg,Unconfirmed,100,0.000,0.000,0.000,0.000,100.000,0.000,0.000,0.000,0.000,0.000,0.000,0.000,0.000,0.000,0.000,0.000,0.000,0.000,0.000
4991803,AP150814.jpg,Unconfirmed,100,0.000,0.000,0.000,0.000,56.000,0.000,0.000,0.000,15.000,0.000,2.000,2.000,0.000,0.000,9.000,1.000,0.000,0.000,15.000
4991802,AP150815.jpg,Unconfirmed,100,0.000,0.000,0.000,7.000,62.000,0.000,0.000,0.000,11.000,0.000,2.000,0.000,0.000,12.000,1.000,0.000,0.000,0.000,5.000
4991801,AP150816.jpg,Unconfirmed,100,0.000,0.000,0.000,78.000,8.000,0.000,0.000,0.000,3.000,0.000,1.000,0.000,0.000,9.000,0.000,0.000,0.000,0.000,1.000
4991800,AP150817.jpg,Unconfirmed,100,0.000,0.000,0.000,90.000,7.000,0.000,0.000,0.000,1.000,0.000,0.000,0.000,0.000,0.000,0.000,0.000,0.000,0.000,2.000
4991799,AP150818.jpg,Unconfirmed,100,0.000,0.000,0.000,74.000,2.000,0.000,0.000,0.000,2.000,0.000,0.000,0.000,0.000,4.000,0.000,0.000,0.000,0.000,18.000
4991798,AP150819.jpg,Unconfirmed,100,0.000,0.000,0.000,17.000,0.000,1.000,0.000,0.000,57.000,0.000,0.000,0.000,0.000,25.000,0.000,0.000,0.000,0.000,0.000
4991797,AP150820.jpg,Unconfirmed,100,0.000,0.000,0.000,71.000,9.000,0.000,0.000,0.000,1.000,0.000,0.000,0.000,0.000,5.000,0.000,0.000,0.000,0.000,14.000
4991796,AP150821.jpg,Unconfirmed,100,0.000,0.000,0.000,58.000,7.000,0.000,0.000,0.000,5.000,0.000,2.000,0.000,0.000,15.000,2.000,0.000,0.000,0.000,11.000
4991795,AP150822.jpg,Unconfirmed,100,0.000,0.000,0.000,49.000,4.000,2.000,0.000,0.000,26.000,0.000,0.000,0.000,0.000,4.000,0.000,0.000,0.000,0.000,15.000
4991794,AP150823.jpg,Unconfirmed,100,0.000,0.000,0.000,4.000,0.000,0.000,0.000,0.000,87.000,0.000,0.000,0.000,0.000,9.000,0.000,0.000,0.000,0.000,0.000
4991793,AP150824.jpg,Unconfirmed,100,0.000,0.000,0.000,11.000,11.000,0.000,0.000,0.000,37.000,0.000,4.000,0.000,0.000,16.000,15.000,0.000,0.000,0.000,6.000
4991792,AP150825.jpg,Unconfirmed,100,0.000,0.000,0.000,50.000,33.000,1.000,0.000,0.000,4.000,0.000,0.000,0.000,0.000,0.000,0.000,0.000,0.000,0.000,12.000
4991791,AP150826.jpg,Unconfirmed,100,0.000,0.000,0.000,5.000,1.000,0.000,0.000,0.000,85.000,0.000,0.000,0.000,0.000,4.000,0.000,0.000,0.000,0.000,5.000
4991790,AP150827.jpg,Unconfirmed,100,0.000,0.000,0.000,28.000,14.000,0.000,0.000,0.000,20.000,0.000,0.000,0.000,0.000,6.000,0.000,0.000,0.000,0.000,32.000
4991789,AP150828.jpg,Unconfirmed,100,0.000,0.000,0.000,8.000,11.000,0.000,0.000,0.000,49.000,0.000,0.000,0.000,0.000,9.000,0.000,0.000,0.000,0.000,23.000
4991788,AP150829.jpg,Unconfirmed,100,0.000,0.000,0.000,21.000,2.000,0.000,0.000,0.000,3.000,0.000,0.000,0.000,0.000,19.000,0.000,0.000,0.000,0.000,55.000
4991787,AP150830.jpg,Unconfirmed,100,0.000,0.000,0.000,81.000,7.000,1.000,0.000,0.000,9.000,0.000,0.000,0.000,0.000,2.000,0.000,0.000,0.000,0.000,0.000
4991786,AP150831.jpg,Unconfirmed,100,0.000,0.000,0.000,51.000,3.000,2.000,0.000,0.000,20.000,0.000,0.000,0.000,0.000,5.000,0.000,0.000,0.000,0.000,19.000
4991785,AP150832.jpg,Unconfirmed,100,0.000,0.000,0.000,30.000,6.000,3.000,0.000,0.000,52.000,0.000,0.000,0.000,0.000,4.000,0.000,0.000,0.000,0.000,5.000
4991784,AP150833.jpg,Unconfirmed,100,0.000,0.000,0.000,14.000,14.000,0.000,0.000,0.000,37.000,0.000,0.000,0.000,0.000,13.000,0.000,0.000,0.000,0.000,22.000
4991783,AP150834.jpg,Unconfirmed,100,0.000,0.000,0.000,5.000,9.000,0.000,0.000,0.000,35.000,0.000,0.000,0.000,0.000,3.000,0.000,0.000,0.000,0.000,48.000
4991782,AP150835.jpg,Unconfirmed,100,0.000,0.000,0.000,2.000,9.000,0.000,0.000,0.000,50.000,0.000,0.000,0.000,0.000,5.000,3.000,0.000,0.000,0.000,31.000
4991781,AP150836.jpg,Unconfirmed,100,0.000,0.000,0.000,15.000,9.000,0.000,0.000,0.000,50.000,0.000,1.000,0.000,0.000,6.000,0.000,0.000,0.000,0.000,19.000
4991780,AP150837.jpg,Unconfirmed,100,0.000,0.000,0.000,3.000,28.000,0.000,0.000,0.000,21.000,0.000,1.000,0.000,0.000,32.000,0.000,0.000,0.000,0.000,15.000
4991779,AP150838.jpg,Unconfirmed,100,0.000,0.000,0.000,0.000,8.000,0.000,0.000,0.000,15.000,0.000,0.000,0.000,0.000,0.000,0.000,0.000,0.000,0.000,77.000
4991778,AP150839.jpg,Unconfirmed,100,0.000,0.000,0.000,0.000,33.000,0.000,0.000,0.000,13.000,0.000,0.000,0.000,0.000,8.000,8.000,0.000,0.000,0.000,38.000
4991777,AP150840.jpg,Unconfirmed,100,0.000,0.000,0.000,1.000,32.000,0.000,0.000,0.000,5.000,0.000,0.000,0.000,0.000,0.000,0.000,0.000,0.000,0.000,62.000
4991776,AP150841.jpg,Unconfirmed,100,0.000,0.000,0.000,4.000,23.000,0.000,0.000,0.000,9.000,0.000,0.000,0.000,0.000,0.000,1.000,0.000,0.000,0.000,63.000
4991775,AP150842.jpg,Unconfirmed,100,0.000,0.000,0.000,0.000,6.000,0.000,0.000,0.000,3.000,0.000,0.000,0.000,0.000,0.000,1.000,0.000,0.000,0.000,90.000
4991774,AP150843.jpg,Unconfirmed,100,0.000,0.000,0.000,0.000,14.000,0.000,0.000,0.000,0.000,0.000,0.000,0.000,0.000,2.000,0.000,0.000,0.000,0.000,84.000
4991773,AP150844.jpg,Unconfirmed,100,0.000,0.000,0.000,1.000,19.000,0.000,0.000,0.000,17.000,0.000,2.000,0.000,0.000,28.000,11.000,0.000,0.000,0.000,22.000
4993820,AP160195.jpg,Confirmed,100,0.000,0.000,0.000,3.000,49.000,0.000,0.000,0.000,0.000,0.000,0.000,0.000,0.000,0.000,41.000,0.000,0.000,0.000,7.000
4993819,AP160196.jpg,Confirmed,100,0.000,0.000,0.000,0.000,5.000,0.000,0.000,0.000,1.000,0.000,0.000,0.000,0.000,0.000,57.000,0.000,0.000,0.000,37.000
4993818,AP160197.jpg,Confirmed,100,0.000,0.000,0.000,0.000,6.000,0.000,0.000,0.000,1.000,17.000,0.000,0.000,0.000,0.000,40.000,0.000,0.000,0.000,36.000
4993815,AP160198.jpg,Confirmed,100,0.000,0.000,0.000,5.000,0.000,0.000,0.000,0.000,0.000,0.000,0.000,0.000,0.000,0.000,0.000,1.000,0.000,0.000,94.000
4993817,AP160199.jpg,Confirmed,100,0.000,0.000,0.000,7.000,1.000,1.000,0.000,0.000,17.000,3.000,0.000,0.000,0.000,0.000,0.000,1.000,0.000,0.000,70.000
4993816,AP160203.jpg,Confirmed,100,0.000,0.000,0.000,14.000,0.000,0.000,0.000,0.000,20.000,2.000,2.000,0.000,0.000,1.000,43.000,0.000,0.000,0.000,18.000
4993814,AP160204.jpg,Confirmed,100,0.000,0.000,1.000,66.000,0.000,0.000,0.000,0.000,7.000,0.000,0.000,0.000,0.000,0.000,0.000,0.000,0.000,0.000,26.000
4993813,AP160205.jpg,Confirmed,100,0.000,0.000,0.000,7.000,0.000,0.000,0.000,0.000,3.000,0.000,0.000,0.000,0.000,22.000,0.000,0.000,0.000,0.000,68.000
4993812,AP160206.jpg,Confirmed,100,0.000,0.000,0.000,3.000,7.000,0.000,0.000,0.000,0.000,0.000,0.000,0.000,0.000,3.000,67.000,0.000,0.000,0.000,20.000
4993811,AP160207.jpg,Confirmed,100,0.000,0.000,0.000,36.000,0.000,0.000,0.000,0.000,9.000,0.000,0.000,0.000,0.000,0.000,0.000,0.000,0.000,0.000,55.000
4993809,AP160208.jpg,Confirmed,100,0.000,0.000,0.000,6.000,0.000,0.000,0.000,0.000,11.000,0.000,0.000,0.000,0.000,0.000,0.000,2.000,0.000,0.000,81.000
4993810,AP160209.jpg,Confirmed,100,0.000,0.000,0.000,13.000,0.000,0.000,0.000,0.000,12.000,0.000,0.000,0.000,0.000,7.000,2.000,0.000,0.000,0.000,66.000
4993807,AP160213.jpg,Confirmed,100,0.000,0.000,0.000,27.000,0.000,0.000,0.000,0.000,5.000,1.000,0.000,0.000,0.000,14.000,0.000,0.000,0.000,0.000,53.000
4993808,AP160214.jpg,Confirmed,100,0.000,0.000,0.000,0.000,0.000,0.000,0.000,0.000,0.000,0.000,0.000,0.000,0.000,7.000,0.000,0.000,0.000,0.000,93.000
4993806,AP160215.jpg,Confirmed,100,0.000,0.000,0.000,2.000,0.000,0.000,0.000,0.000,3.000,0.000,0.000,0.000,0.000,0.000,1.000,0.000,0.000,0.000,94.000
4993805,AP160216.jpg,Confirmed,100,0.000,0.000,0.000,82.000,0.000,1.000,0.000,0.000,0.000,0.000,0.000,0.000,0.000,17.000,0.000,0.000,0.000,0.000,0.000
4993802,AP160217.jpg,Confirmed,100,0.000,0.000,0.000,0.000,0.000,0.000,0.000,0.000,2.000,0.000,0.000,0.000,0.000,3.000,0.000,0.000,0.000,0.000,95.000
4993804,AP160218.jpg,Confirmed,100,0.000,0.000,0.000,0.000,0.000,1.000,0.000,0.000,0.000,1.000,0.000,0.000,0.000,2.000,0.000,0.000,0.000,0.000,96.000
4993803,AP160219.jpg,Confirmed,100,0.000,0.000,0.000,0.000,0.000,0.000,0.000,0.000,0.000,0.000,0.000,0.000,0.000,0.000,0.000,0.000,0.000,0.000,100.000
4993801,AP160223.jpg,Confirmed,100,0.000,0.000,0.000,0.000,0.000,0.000,0.000,0.000,0.000,0.000,0.000,0.000,0.000,0.000,74.000,0.000,0.000,0.000,26.000
4993800,AP160224.jpg,Confirmed,100,0.000,0.000,0.000,1.000,11.000,0.000,0.000,0.000,1.000,0.000,0.000,0.000,0.000,0.000,50.000,0.000,0.000,2.000,35.000
4993799,AP160225.jpg,Confirmed,100,0.000,0.000,0.000,0.000,3.000,0.000,0.000,0.000,5.000,0.000,0.000,0.000,0.000,0.000,51.000,0.000,0.000,0.000,41.000
4993798,AP160226.jpg,Confirmed,100,0.000,0.000,0.000,0.000,2.000,0.000,0.000,0.000,0.000,0.000,0.000,0.000,0.000,2.000,15.000,0.000,0.000,31.000,50.000
4993797,AP160227.jpg,Confirmed,100,0.000,0.000,0.000,0.000,41.000,0.000,0.000,0.000,2.000,0.000,0.000,0.000,0.000,0.000,48.000,0.000,0.000,0.000,9.000
4993796,AP160228.jpg,Confirmed,100,0.000,0.000,0.000,12.000,27.000,0.000,0.000,0.000,1.000,1.000,0.000,0.000,0.000,1.000,50.000,0.000,0.000,0.000,8.000
4993795,AP160229.jpg,Confirmed,100,0.000,0.000,1.000,8.000,12.000,0.000,0.000,0.000,0.000,0.000,0.000,0.000,0.000,1.000,25.000,0.000,0.000,0.000,53.000
4993793,AP160233.jpg,Confirmed,100,0.000,0.000,0.000,2.000,3.000,0.000,0.000,0.000,4.000,0.000,0.000,0.000,0.000,0.000,15.000,0.000,0.000,0.000,76.000
4993794,AP160234.jpg,Confirmed,100,0.000,0.000,0.000,0.000,11.000,0.000,0.000,0.000,0.000,0.000,0.000,0.000,0.000,0.000,84.000,0.000,0.000,0.000,5.000
4993792,AP160235.jpg,Confirmed,100,0.000,0.000,0.000,0.000,11.000,0.000,0.000,0.000,0.000,0.000,0.000,0.000,0.000,0.000,53.000,0.000,0.000,0.000,36.000
4993790,AP160236.jpg,Confirmed,100,0.000,0.000,0.000,23.000,4.000,6.000,0.000,0.000,4.000,3.000,2.000,0.000,0.000,5.000,38.000,0.000,0.000,0.000,15.000
4993791,AP160237.jpg,Confirmed,100,0.000,0.000,0.000,0.000,2.000,0.000,0.000,0.000,0.000,0.000,0.000,0.000,0.000,0.000,97.000,0.000,0.000,0.000,1.000
4993789,AP160238.jpg,Confirmed,100,0.000,0.000,0.000,36.000,10.000,0.000,0.000,0.000,2.000,0.000,0.000,0.000,0.000,1.000,48.000,0.000,0.000,0.000,3.000
4993788,AP160239.jpg,Confirmed,100,0.000,0.000,0.000,4.000,16.000,0.000,0.000,0.000,2.000,0.000,0.000,0.000,0.000,0.000,75.000,0.000,0.000,2.000,1.000
4993787,AP160243.jpg,Confirmed,100,0.000,0.000,0.000,13.000,18.000,0.000,0.000,0.000,3.000,1.000,0.000,0.000,0.000,0.000,9.000,0.000,0.000,0.000,56.000
4993785,AP160244.jpg,Confirmed,100,0.000,0.000,0.000,10.000,7.000,0.000,0.000,0.000,1.000,0.000,0.000,0.000,0.000,1.000,0.000,0.000,0.000,0.000,81.000
4993786,AP160245.jpg,Confirmed,100,0.000,0.000,0.000,49.000,31.000,0.000,0.000,0.000,3.000,0.000,0.000,0.000,0.000,2.000,6.000,6.000,0.000,0.000,3.000
4993784,AP160246.jpg,Confirmed,100,0.000,0.000,0.000,15.000,51.000,0.000,0.000,0.000,6.000,0.000,0.000,0.000,0.000,0.000,9.000,0.000,0.000,0.000,19.000
4993783,AP160247.jpg,Confirmed,100,0.000,0.000,0.000,8.000,43.000,0.000,0.000,0.000,0.000,1.000,0.000,0.000,0.000,0.000,28.000,0.000,0.000,0.000,20.000
4993782,AP160248.jpg,Confirmed,100,0.000,0.000,0.000,28.000,17.000,0.000,0.000,0.000,17.000,0.000,0.000,0.000,0.000,3.000,26.000,0.000,0.000,0.000,9.000
4993779,AP160249.jpg,Confirmed,100,0.000,0.000,0.000,63.000,0.000,0.000,0.000,0.000,32.000,0.000,0.000,0.000,0.000,5.000,0.000,0.000,0.000,0.000,0.000
4993781,AP160253.jpg,Confirmed,100,0.000,0.000,0.000,0.000,0.000,0.000,0.000,0.000,0.000,0.000,0.000,0.000,0.000,4.000,0.000,0.000,0.000,3.000,93.000
4993780,AP160254.jpg,Confirmed,100,0.000,0.000,0.000,0.000,10.000,0.000,0.000,0.000,0.000,2.000,0.000,0.000,0.000,1.000,14.000,0.000,0.000,12.000,61.000
4993778,AP160255.jpg,Confirmed,100,0.000,0.000,0.000,0.000,0.000,0.000,0.000,0.000,1.000,0.000,7.000,0.000,0.000,1.000,46.000,0.000,0.000,0.000,45.000
4993777,AP160256.jpg,Confirmed,100,0.000,0.000,0.000,0.000,6.000,0.000,0.000,0.000,0.000,0.000,0.000,0.000,0.000,0.000,26.000,0.000,0.000,0.000,68.000
4993775,AP160257.jpg,Confirmed,100,0.000,0.000,0.000,0.000,0.000,0.000,0.000,0.000,8.000,5.000,0.000,0.000,0.000,4.000,0.000,0.000,0.000,83.000,0.000
4993776,AP160258.jpg,Confirmed,100,0.000,0.000,2.000,11.000,0.000,0.000,0.000,0.000,0.000,0.000,0.000,0.000,0.000,5.000,0.000,0.000,0.000,82.000,0.000
4993774,AP160259.jpg,Confirmed,100,0.000,0.000,0.000,13.000,6.000,0.000,0.000,0.000,1.000,1.000,0.000,0.000,0.000,1.000,62.000,0.000,0.000,0.000,16.000
4993772,AP160263.jpg,Confirmed,100,0.000,0.000,0.000,0.000,0.000,2.000,0.000,0.000,0.000,3.000,4.000,0.000,1.000,35.000,0.000,0.000,0.000,55.000,0.000
4993773,AP160264.jpg,Confirmed,100,0.000,0.000,0.000,0.000,0.000,0.000,0.000,0.000,0.000,0.000,1.000,0.000,0.000,9.000,0.000,0.000,0.000,90.000,0.000
4993771,AP160265.jpg,Confirmed,100,0.000,0.000,0.000,8.000,5.000,2.000,0.000,0.000,3.000,0.000,70.000,0.000,0.000,0.000,1.000,0.000,0.000,0.000,11.000
4993768,AP160266.jpg,Confirmed,100,0.000,0.000,0.000,0.000,0.000,0.000,0.000,0.000,0.000,6.000,0.000,0.000,0.000,22.000,0.000,0.000,0.000,72.000,0.000
4993769,AP160267.jpg,Confirmed,100,0.000,0.000,0.000,7.000,7.000,0.000,0.000,0.000,0.000,0.000,57.000,0.000,0.000,10.000,0.000,0.000,0.000,19.000,0.000
4993770,AP160268.jpg,Confirmed,100,0.000,0.000,0.000,14.000,6.000,0.000,0.000,0.000,15.000,2.000,35.000,0.000,0.000,2.000,0.000,0.000,0.000,0.000,26.000
4993767,AP160269.jpg,Confirmed,100,0.000,0.000,0.000,16.000,4.000,1.000,0.000,0.000,11.000,1.000,45.000,0.000,0.000,0.000,0.000,3.000,0.000,0.000,19.000
4993766,AP160273.jpg,Confirmed,100,0.000,1.000,3.000,52.000,0.000,5.000,0.000,0.000,0.000,0.000,0.000,0.000,0.000,28.000,0.000,0.000,0.000,11.000,0.000
4993765,AP160276.jpg,Confirmed,100,0.000,0.000,13.000,1.000,0.000,0.000,0.000,0.000,7.000,1.000,0.000,0.000,0.000,17.000,0.000,0.000,0.000,61.000,0.000
4993764,AP160277.jpg,Confirmed,100,0.000,0.000,0.000,26.000,0.000,0.000,0.000,0.000,2.000,9.000,0.000,0.000,0.000,56.000,0.000,0.000,0.000,7.000,0.000
4993763,AP160278.jpg,Confirmed,100,0.000,0.000,0.000,16.000,0.000,4.000,0.000,0.000,0.000,0.000,1.000,0.000,0.000,78.000,0.000,0.000,0.000,1.000,0.000
4993762,AP160279.jpg,Confirmed,100,0.000,0.000,0.000,0.000,1.000,0.000,0.000,0.000,0.000,0.000,0.000,0.000,0.000,14.000,0.000,0.000,0.000,85.000,0.000
4993761,AP160280.jpg,Confirmed,100,0.000,0.000,0.000,31.000,0.000,4.000,0.000,0.000,0.000,2.000,0.000,0.000,0.000,52.000,0.000,0.000,0.000,11.000,0.000
4993760,AP160281.jpg,Confirmed,100,0.000,0.000,0.000,1.000,2.000,4.000,0.000,0.000,0.000,0.000,27.000,0.000,0.000,45.000,0.000,0.000,0.000,21.000,0.000
4993757,AP160286.jpg,Confirmed,100,0.000,0.000,0.000,0.000,0.000,0.000,0.000,0.000,0.000,4.000,0.000,0.000,0.000,7.000,0.000,0.000,0.000,89.000,0.000
4993759,AP160288.jpg,Confirmed,100,0.000,0.000,1.000,13.000,1.000,7.000,0.000,0.000,0.000,16.000,8.000,0.000,0.000,32.000,0.000,0.000,0.000,21.000,1.000
4993758,AP160289.jpg,Confirmed,100,0.000,0.000,0.000,36.000,0.000,0.000,0.000,0.000,3.000,0.000,20.000,0.000,0.000,28.000,0.000,0.000,0.000,13.000,0.000
4993754,AP160290.jpg,Confirmed,100,0.000,0.000,0.000,14.000,0.000,0.000,0.000,0.000,5.000,5.000,2.000,0.000,0.000,14.000,0.000,0.000,0.000,60.000,0.000
4993756,AP160292.jpg,Confirmed,100,0.000,0.000,5.000,11.000,0.000,0.000,0.000,0.000,0.000,11.000,0.000,0.000,0.000,44.000,0.000,0.000,0.000,29.000,0.000
4993755,AP160293.jpg,Confirmed,100,0.000,0.000,0.000,21.000,0.000,0.000,0.000,0.000,0.000,0.000,19.000,0.000,0.000,32.000,0.000,0.000,0.000,28.000,0.000
4993753,AP160298.jpg,Confirmed,100,0.000,0.000,0.000,29.000,0.000,4.000,0.000,0.000,0.000,4.000,0.000,0.000,0.000,36.000,0.000,0.000,0.000,27.000,0.000
4993750,AP160300.jpg,Confirmed,100,0.000,0.000,0.000,28.000,0.000,0.000,0.000,0.000,1.000,1.000,1.000,0.000,0.000,27.000,0.000,0.000,0.000,42.000,0.000
4993752,AP160301.jpg,Confirmed,100,0.000,0.000,0.000,63.000,0.000,0.000,0.000,0.000,0.000,0.000,0.000,0.000,0.000,23.000,0.000,0.000,0.000,14.000,0.000
4993751,AP160302.jpg,Confirmed,100,0.000,0.000,0.000,55.000,0.000,0.000,0.000,0.000,0.000,5.000,0.000,0.000,0.000,29.000,0.000,0.000,0.000,11.000,0.000
4993749,AP160303.jpg,Confirmed,100,0.000,0.000,0.000,20.000,0.000,0.000,0.000,0.000,0.000,21.000,0.000,0.000,0.000,28.000,0.000,0.000,0.000,31.000,0.000
4993748,AP160304.jpg,Confirmed,100,0.000,0.000,2.000,0.000,0.000,0.000,0.000,0.000,0.000,7.000,0.000,0.000,0.000,6.000,0.000,0.000,0.000,85.000,0.000
4993747,AP160306.jpg,Confirmed,100,0.000,0.000,1.000,23.000,0.000,0.000,0.000,0.000,0.000,1.000,0.000,0.000,0.000,28.000,0.000,0.000,0.000,47.000,0.000
4993744,AP160310.jpg,Confirmed,100,0.000,0.000,0.000,0.000,0.000,0.000,0.000,0.000,0.000,0.000,0.000,0.000,0.000,0.000,0.000,0.000,0.000,100.000,0.000
4993745,AP160312.jpg,Confirmed,100,0.000,0.000,0.000,62.000,0.000,0.000,0.000,0.000,0.000,0.000,0.000,0.000,0.000,29.000,0.000,0.000,0.000,9.000,0.000
4993746,AP160313.jpg,Confirmed,100,0.000,0.000,8.000,13.000,0.000,5.000,0.000,0.000,0.000,3.000,0.000,0.000,0.000,21.000,0.000,0.000,0.000,50.000,0.000
4993743,AP160314.jpg,Confirmed,100,0.000,0.000,7.000,35.000,0.000,0.000,0.000,0.000,0.000,2.000,0.000,0.000,0.000,38.000,0.000,0.000,0.000,18.000,0.000
4993741,AP160315.jpg,Confirmed,100,0.000,0.000,2.000,32.000,0.000,5.000,0.000,0.000,0.000,8.000,0.000,0.000,0.000,17.000,0.000,0.000,0.000,36.000,0.000
4993742,AP160316.jpg,Confirmed,100,0.000,0.000,0.000,9.000,0.000,0.000,0.000,0.000,2.000,1.000,0.000,0.000,0.000,56.000,0.000,0.000,0.000,32.000,0.000
4993740,AP160325.jpg,Confirmed,100,0.000,0.000,0.000,1.000,0.000,0.000,0.000,0.000,0.000,1.000,0.000,0.000,0.000,35.000,0.000,0.000,0.000,63.000,0.000
4993739,AP160326.jpg,Confirmed,100,0.000,0.000,1.000,1.000,0.000,3.000,0.000,0.000,5.000,1.000,61.000,0.000,0.000,9.000,0.000,0.000,0.000,13.000,6.000
4993738,AP160327.jpg,Confirmed,100,0.000,0.000,0.000,18.000,0.000,0.000,0.000,0.000,0.000,0.000,7.000,1.000,0.000,6.000,0.000,0.000,0.000,68.000,0.000
4993735,AP160328.jpg,Confirmed,100,0.000,0.000,0.000,12.000,0.000,0.000,0.000,0.000,19.000,2.000,10.000,0.000,0.000,6.000,0.000,0.000,0.000,51.000,0.000
4993737,AP160329.jpg,Confirmed,100,0.000,0.000,18.000,0.000,0.000,0.000,0.000,0.000,0.000,3.000,0.000,0.000,0.000,69.000,0.000,0.000,0.000,10.000,0.000
4993736,AP160331.jpg,Confirmed,100,0.000,0.000,15.000,0.000,0.000,0.000,0.000,0.000,0.000,0.000,0.000,0.000,0.000,85.000,0.000,0.000,0.000,0.000,0.000
4993732,AP160335.jpg,Confirmed,100,0.000,0.000,0.000,4.000,0.000,0.000,0.000,0.000,11.000,5.000,13.000,0.000,0.000,16.000,0.000,0.000,0.000,51.000,0.000
4993734,AP160339.jpg,Confirmed,100,0.000,0.000,0.000,64.000,17.000,0.000,0.000,0.000,14.000,0.000,0.000,0.000,0.000,4.000,0.000,0.000,0.000,0.000,1.000
4993733,AP160341.jpg,Confirmed,100,0.000,0.000,0.000,62.000,12.000,0.000,0.000,0.000,8.000,0.000,0.000,0.000,0.000,3.000,0.000,0.000,0.000,0.000,15.000
4993729,AP160342.jpg,Confirmed,100,0.000,0.000,0.000,62.000,0.000,0.000,0.000,0.000,9.000,0.000,0.000,0.000,0.000,29.000,0.000,0.000,0.000,0.000,0.000
4993730,AP160343.jpg,Confirmed,100,0.000,0.000,0.000,91.000,0.000,0.000,0.000,0.000,0.000,0.000,0.000,0.000,0.000,9.000,0.000,0.000,0.000,0.000,0.000
4993731,AP160344.jpg,Confirmed,100,0.000,0.000,0.000,74.000,0.000,0.000,0.000,0.000,0.000,0.000,0.000,0.000,0.000,13.000,0.000,0.000,0.000,0.000,13.000
4993728,AP160345.jpg,Confirmed,100,0.000,0.000,0.000,4.000,0.000,0.000,0.000,0.000,7.000,0.000,0.000,0.000,0.000,47.000,0.000,0.000,0.000,0.000,42.000
4993726,AP160346.jpg,Confirmed,100,0.000,0.000,0.000,4.000,0.000,0.000,0.000,0.000,0.000,0.000,0.000,0.000,0.000,3.000,0.000,0.000,0.000,0.000,93.000
4993727,AP160350.jpg,Confirmed,100,0.000,0.000,0.000,55.000,0.000,0.000,0.000,0.000,45.000,0.000,0.000,0.000,0.000,0.000,0.000,0.000,0.000,0.000,0.000
4993723,AP160351.jpg,Confirmed,100,0.000,0.000,0.000,38.000,0.000,0.000,0.000,0.000,13.000,0.000,0.000,0.000,0.000,18.000,0.000,0.000,0.000,0.000,31.000
4993725,AP160352.jpg,Confirmed,100,0.000,0.000,0.000,58.000,0.000,0.000,0.000,0.000,41.000,0.000,0.000,0.000,0.000,1.000,0.000,0.000,0.000,0.000,0.000
4993724,AP160353.jpg,Confirmed,100,0.000,0.000,0.000,58.000,3.000,0.000,0.000,0.000,1.000,0.000,0.000,0.000,0.000,34.000,0.000,0.000,0.000,0.000,4.000
4993721,AP160354.jpg,Confirmed,100,0.000,0.000,0.000,84.000,8.000,0.000,0.000,0.000,0.000,0.000,0.000,0.000,0.000,3.000,5.000,0.000,0.000,0.000,0.000
4993722,AP160355.jpg,Confirmed,100,0.000,0.000,0.000,58.000,1.000,0.000,0.000,0.000,11.000,0.000,0.000,0.000,0.000,30.000,0.000,0.000,0.000,0.000,0.000
4993720,AP160356.jpg,Confirmed,100,0.000,0.000,0.000,52.000,1.000,0.000,0.000,0.000,47.000,0.000,0.000,0.000,0.000,0.000,0.000,0.000,0.000,0.000,0.000
4993719,AP160360.jpg,Confirmed,100,0.000,0.000,0.000,45.000,0.000,0.000,0.000,0.000,38.000,0.000,0.000,0.000,0.000,17.000,0.000,0.000,0.000,0.000,0.000
4993718,AP160361.jpg,Confirmed,100,0.000,0.000,0.000,65.000,2.000,1.000,0.000,0.000,22.000,0.000,0.000,0.000,0.000,10.000,0.000,0.000,0.000,0.000,0.000
4993717,AP160362.jpg,Confirmed,100,0.000,0.000,0.000,75.000,0.000,0.000,0.000,0.000,3.000,0.000,0.000,0.000,0.000,22.000,0.000,0.000,0.000,0.000,0.000
4993716,AP160363.jpg,Confirmed,100,0.000,0.000,0.000,80.000,6.000,1.000,0.000,0.000,4.000,0.000,0.000,0.000,0.000,2.000,2.000,0.000,0.000,0.000,5.000
4993715,AP160364.jpg,Confirmed,100,0.000,0.000,0.000,67.000,0.000,0.000,0.000,0.000,32.000,0.000,0.000,0.000,0.000,1.000,0.000,0.000,0.000,0.000,0.000
4993714,AP160365.jpg,Confirmed,100,0.000,0.000,0.000,4.000,0.000,0.000,0.000,0.000,85.000,0.000,0.000,0.000,0.000,0.000,0.000,0.000,0.000,0.000,11.000
4993712,AP160367.jpg,Confirmed,100,0.000,0.000,0.000,5.000,0.000,0.000,0.000,0.000,28.000,0.000,0.000,0.000,0.000,12.000,0.000,0.000,0.000,0.000,55.000
4993713,AP160371.jpg,Confirmed,100,0.000,0.000,0.000,29.000,0.000,0.000,0.000,0.000,17.000,0.000,0.000,0.000,0.000,9.000,0.000,0.000,0.000,0.000,45.000
4993711,AP160372.jpg,Confirmed,100,0.000,0.000,0.000,31.000,0.000,0.000,0.000,0.000,69.000,0.000,0.000,0.000,0.000,0.000,0.000,0.000,0.000,0.000,0.000
4993709,AP160373.jpg,Confirmed,100,0.000,0.000,0.000,46.000,2.000,1.000,0.000,0.000,51.000,0.000,0.000,0.000,0.000,0.000,0.000,0.000,0.000,0.000,0.000
4993710,AP160374.jpg,Confirmed,100,0.000,0.000,0.000,60.000,0.000,3.000,0.000,0.000,37.000,0.000,0.000,0.000,0.000,0.000,0.000,0.000,0.000,0.000,0.000
4993708,AP160375.jpg,Confirmed,100,0.000,0.000,0.000,32.000,0.000,0.000,0.000,0.000,68.000,0.000,0.000,0.000,0.000,0.000,0.000,0.000,0.000,0.000,0.000
4993706,AP160376.jpg,Confirmed,100,0.000,0.000,0.000,86.000,3.000,1.000,0.000,0.000,10.000,0.000,0.000,0.000,0.000,0.000,0.000,0.000,0.000,0.000,0.000
4993707,AP160377.jpg,Confirmed,100,0.000,0.000,0.000,78.000,0.000,0.000,0.000,0.000,22.000,0.000,0.000,0.000,0.000,0.000,0.000,0.000,0.000,0.000,0.000
4993705,AP160382.jpg,Confirmed,100,0.000,0.000,0.000,83.000,0.000,0.000,0.000,0.000,17.000,0.000,0.000,0.000,0.000,0.000,0.000,0.000,0.000,0.000,0.000
4993704,AP160383.jpg,Confirmed,100,0.000,0.000,0.000,11.000,0.000,0.000,0.000,0.000,87.000,0.000,0.000,0.000,0.000,0.000,0.000,0.000,0.000,0.000,2.000
4993703,AP160384.jpg,Confirmed,100,0.000,0.000,0.000,3.000,0.000,3.000,0.000,0.000,29.000,0.000,0.000,0.000,0.000,46.000,0.000,0.000,0.000,0.000,19.000
4993702,AP160385.jpg,Confirmed,100,0.000,0.000,0.000,8.000,0.000,0.000,0.000,0.000,79.000,0.000,0.000,0.000,0.000,0.000,0.000,0.000,0.000,0.000,13.000
4993700,AP160386.jpg,Confirmed,100,0.000,0.000,0.000,6.000,3.000,7.000,0.000,0.000,78.000,0.000,0.000,0.000,0.000,0.000,0.000,0.000,0.000,0.000,6.000
4993701,AP160387.jpg,Confirmed,100,0.000,0.000,0.000,19.000,0.000,0.000,0.000,0.000,72.000,0.000,0.000,0.000,0.000,0.000,0.000,0.000,0.000,0.000,9.000
4993699,AP160388.jpg,Confirmed,100,0.000,0.000,0.000,5.000,0.000,0.000,0.000,0.000,79.000,0.000,0.000,0.000,0.000,0.000,0.000,0.000,0.000,0.000,16.000
4993698,AP160392.jpg,Confirmed,100,0.000,0.000,0.000,0.000,0.000,0.000,0.000,0.000,100.000,0.000,0.000,0.000,0.000,0.000,0.000,0.000,0.000,0.000,0.000
4993697,AP160393.jpg,Confirmed,100,0.000,0.000,0.000,2.000,0.000,0.000,0.000,0.000,0.000,0.000,0.000,0.000,0.000,98.000,0.000,0.000,0.000,0.000,0.000
4993694,AP160394.jpg,Confirmed,100,0.000,0.000,0.000,0.000,0.000,0.000,0.000,0.000,67.000,0.000,0.000,0.000,0.000,0.000,0.000,0.000,0.000,0.000,33.000
4993696,AP160395.jpg,Confirmed,100,0.000,0.000,0.000,53.000,0.000,0.000,0.000,0.000,47.000,0.000,0.000,0.000,0.000,0.000,0.000,0.000,0.000,0.000,0.000
4993695,AP160396.jpg,Confirmed,100,0.000,0.000,0.000,33.000,0.000,0.000,0.000,0.000,58.000,0.000,0.000,0.000,0.000,9.000,0.000,0.000,0.000,0.000,0.000
4993693,AP160397.jpg,Confirmed,100,0.000,0.000,0.000,31.000,0.000,7.000,0.000,0.000,44.000,9.000,0.000,0.000,0.000,9.000,0.000,0.000,0.000,0.000,0.000
4993692,AP160415.jpg,Unconfirmed,100,0.000,0.000,0.000,36.000,2.000,1.000,0.000,0.000,26.000,0.000,6.000,0.000,0.000,27.000,2.000,0.000,0.000,0.000,0.000
4993691,AP160416.jpg,Unconfirmed,100,0.000,0.000,1.000,24.000,42.000,0.000,0.000,0.000,22.000,0.000,3.000,0.000,0.000,6.000,0.000,1.000,0.000,0.000,1.000
4993690,AP160417.jpg,Unconfirmed,100,0.000,0.000,2.000,29.000,6.000,0.000,0.000,0.000,12.000,0.000,11.000,0.000,0.000,17.000,16.000,0.000,0.000,0.000,7.000
4993689,AP160418.jpg,Unconfirmed,100,0.000,0.000,0.000,89.000,4.000,0.000,0.000,0.000,3.000,0.000,1.000,0.000,0.000,3.000,0.000,0.000,0.000,0.000,0.000
4993688,AP160419.jpg,Unconfirmed,100,0.000,0.000,0.000,19.000,66.000,2.000,0.000,0.000,7.000,0.000,4.000,0.000,0.000,1.000,1.000,0.000,0.000,0.000,0.000
4993687,AP160420.jpg,Unconfirmed,100,0.000,0.000,0.000,0.000,88.000,0.000,0.000,0.000,0.000,0.000,1.000,0.000,0.000,8.000,3.000,0.000,0.000,0.000,0.000
4993686,AP160421.jpg,Unconfirmed,100,0.000,0.000,0.000,29.000,56.000,2.000,0.000,0.000,6.000,0.000,0.000,0.000,0.000,3.000,3.000,1.000,0.000,0.000,0.000
4993685,AP160422.jpg,Unconfirmed,100,0.000,0.000,0.000,0.000,0.000,0.000,0.000,0.000,7.000,0.000,2.000,0.000,0.000,1.000,40.000,0.000,0.000,0.000,50.000
4993684,AP160423.jpg,Unconfirmed,100,0.000,0.000,0.000,2.000,11.000,0.000,0.000,0.000,13.000,3.000,11.000,0.000,0.000,1.000,32.000,3.000,0.000,0.000,24.000
4993683,AP160424.jpg,Unconfirmed,100,0.000,0.000,0.000,1.000,69.000,0.000,0.000,0.000,3.000,0.000,17.000,0.000,0.000,1.000,4.000,0.000,0.000,0.000,5.000
4993682,AP160425.jpg,Unconfirmed,100,0.000,0.000,2.000,45.000,35.000,0.000,0.000,0.000,13.000,1.000,0.000,0.000,0.000,3.000,1.000,0.000,0.000,0.000,0.000
4993681,AP160426.jpg,Unconfirmed,100,0.000,0.000,0.000,94.000,6.000,0.000,0.000,0.000,0.000,0.000,0.000,0.000,0.000,0.000,0.000,0.000,0.000,0.000,0.000
4993680,AP160427.jpg,Unconfirmed,100,0.000,0.000,2.000,26.000,31.000,0.000,0.000,0.000,9.000,1.000,3.000,0.000,0.000,1.000,9.000,14.000,0.000,0.000,4.000
4993679,AP160428.jpg,Unconfirmed,100,0.000,0.000,1.000,22.000,24.000,0.000,0.000,0.000,30.000,0.000,1.000,0.000,0.000,22.000,0.000,0.000,0.000,0.000,0.000
4993678,AP160429.jpg,Unconfirmed,100,0.000,0.000,0.000,51.000,15.000,0.000,0.000,0.000,2.000,0.000,14.000,0.000,0.000,1.000,5.000,8.000,0.000,0.000,4.000
4993677,AP160430.jpg,Unconfirmed,100,0.000,0.000,0.000,32.000,46.000,0.000,0.000,0.000,6.000,0.000,0.000,0.000,0.000,0.000,4.000,0.000,0.000,0.000,12.000
4993676,AP160431.jpg,Unconfirmed,100,0.000,0.000,0.000,59.000,22.000,0.000,0.000,0.000,2.000,0.000,1.000,0.000,0.000,8.000,7.000,0.000,0.000,0.000,1.000
4993675,AP160432.jpg,Unconfirmed,100,0.000,0.000,0.000,52.000,29.000,0.000,0.000,0.000,5.000,0.000,0.000,0.000,0.000,1.000,4.000,1.000,0.000,0.000,8.000
4993674,AP160433.jpg,Unconfirmed,100,0.000,0.000,0.000,11.000,28.000,0.000,0.000,0.000,20.000,0.000,6.000,0.000,0.000,0.000,6.000,10.000,0.000,0.000,19.000
4993673,AP160434.jpg,Unconfirmed,100,0.000,0.000,0.000,1.000,20.000,0.000,0.000,0.000,1.000,0.000,2.000,0.000,0.000,0.000,5.000,3.000,0.000,0.000,68.000
4993672,AP160435.jpg,Unconfirmed,100,0.000,0.000,0.000,51.000,20.000,2.000,0.000,0.000,18.000,0.000,1.000,0.000,0.000,2.000,1.000,5.000,0.000,0.000,0.000
4993670,AP160436.jpg,Unconfirmed,100,0.000,0.000,0.000,29.000,21.000,0.000,0.000,0.000,3.000,0.000,1.000,0.000,0.000,1.000,2.000,5.000,0.000,0.000,38.000
4993671,AP160437.jpg,Unconfirmed,100,0.000,0.000,0.000,8.000,25.000,0.000,0.000,0.000,0.000,0.000,0.000,0.000,0.000,7.000,11.000,0.000,0.000,0.000,49.000
4993669,AP160438.jpg,Unconfirmed,100,0.000,0.000,0.000,23.000,25.000,0.000,0.000,0.000,4.000,0.000,1.000,0.000,0.000,1.000,14.000,2.000,0.000,0.000,30.000
4993667,AP160439.jpg,Unconfirmed,100,0.000,0.000,0.000,38.000,52.000,0.000,0.000,0.000,5.000,0.000,1.000,0.000,0.000,1.000,0.000,0.000,0.000,0.000,3.000
4993668,AP160440.jpg,Unconfirmed,100,0.000,0.000,0.000,49.000,42.000,0.000,0.000,0.000,6.000,0.000,0.000,0.000,0.000,1.000,0.000,0.000,0.000,0.000,2.000
4993666,AP160441.jpg,Unconfirmed,100,0.000,0.000,1.000,36.000,49.000,0.000,0.000,0.000,6.000,0.000,0.000,0.000,0.000,1.000,4.000,0.000,0.000,0.000,3.000
4993665,AP160442.jpg,Unconfirmed,100,0.000,0.000,0.000,33.000,26.000,2.000,0.000,0.000,14.000,0.000,1.000,0.000,0.000,8.000,5.000,9.000,0.000,0.000,2.000
4993664,AP160443.jpg,Unconfirmed,100,0.000,0.000,0.000,0.000,17.000,0.000,0.000,0.000,4.000,0.000,3.000,0.000,0.000,5.000,71.000,0.000,0.000,0.000,0.000
4993663,AP160444.jpg,Unconfirmed,100,0.000,0.000,0.000,3.000,41.000,0.000,0.000,0.000,6.000,0.000,0.000,0.000,0.000,3.000,43.000,2.000,0.000,0.000,2.000
4993662,AP160445.jpg,Unconfirmed,100,0.000,0.000,0.000,0.000,9.000,0.000,0.000,0.000,4.000,0.000,0.000,0.000,0.000,4.000,77.000,2.000,0.000,0.000,4.000
4993661,AP160446.jpg,Unconfirmed,100,0.000,0.000,1.000,8.000,29.000,0.000,0.000,0.000,9.000,0.000,4.000,0.000,0.000,20.000,15.000,2.000,0.000,0.000,12.000
4993660,AP160447.jpg,Unconfirmed,100,0.000,0.000,0.000,2.000,8.000,0.000,0.000,0.000,7.000,0.000,12.000,0.000,0.000,6.000,49.000,2.000,0.000,0.000,14.000
4993659,AP160448.jpg,Unconfirmed,100,0.000,0.000,0.000,0.000,30.000,0.000,0.000,0.000,41.000,0.000,2.000,0.000,0.000,7.000,20.000,0.000,0.000,0.000,0.000
4993657,AP160449.jpg,Unconfirmed,100,0.000,0.000,0.000,18.000,34.000,0.000,0.000,0.000,28.000,0.000,1.000,0.000,0.000,10.000,9.000,0.000,0.000,0.000,0.000
4993658,AP160450.jpg,Unconfirmed,100,0.000,0.000,0.000,1.000,13.000,0.000,0.000,0.000,9.000,0.000,2.000,0.000,0.000,4.000,61.000,5.000,0.000,0.000,5.000
4993656,AP160451.jpg,Unconfirmed,100,0.000,0.000,0.000,0.000,22.000,0.000,0.000,0.000,9.000,0.000,2.000,0.000,0.000,0.000,66.000,0.000,0.000,0.000,1.000
4993654,AP160452.jpg,Unconfirmed,100,0.000,0.000,0.000,0.000,20.000,0.000,0.000,0.000,5.000,0.000,1.000,0.000,0.000,0.000,65.000,1.000,0.000,0.000,8.000
4993655,AP160453.jpg,Unconfirmed,100,0.000,0.000,0.000,15.000,18.000,0.000,0.000,0.000,3.000,0.000,0.000,0.000,0.000,5.000,15.000,5.000,0.000,0.000,39.000
4993653,AP160454.jpg,Unconfirmed,100,0.000,0.000,0.000,7.000,15.000,0.000,0.000,0.000,5.000,0.000,4.000,0.000,0.000,3.000,28.000,3.000,0.000,0.000,35.000
4993650,AP160455.jpg,Unconfirmed,100,0.000,0.000,1.000,20.000,12.000,0.000,0.000,0.000,18.000,0.000,3.000,0.000,0.000,6.000,20.000,4.000,0.000,0.000,16.000
4993652,AP160456.jpg,Unconfirmed,100,0.000,0.000,1.000,28.000,29.000,0.000,0.000,0.000,6.000,0.000,2.000,0.000,0.000,1.000,2.000,10.000,0.000,0.000,21.000
4993651,AP160457.jpg,Unconfirmed,100,0.000,0.000,1.000,5.000,42.000,0.000,0.000,0.000,5.000,0.000,2.000,0.000,0.000,2.000,31.000,0.000,0.000,0.000,12.000
4993649,AP160458.jpg,Unconfirmed,100,0.000,0.000,0.000,2.000,30.000,0.000,0.000,0.000,5.000,0.000,2.000,0.000,0.000,4.000,47.000,1.000,0.000,0.000,9.000
4993648,AP160459.jpg,Unconfirmed,100,0.000,0.000,0.000,5.000,9.000,0.000,0.000,0.000,5.000,0.000,4.000,0.000,0.000,0.000,65.000,0.000,0.000,0.000,12.000
4993647,AP160460.jpg,Unconfirmed,100,0.000,0.000,0.000,76.000,2.000,3.000,0.000,0.000,3.000,0.000,1.000,0.000,0.000,5.000,0.000,0.000,0.000,0.000,10.000
4993646,AP160461.jpg,Unconfirmed,100,0.000,0.000,1.000,9.000,22.000,0.000,0.000,0.000,12.000,0.000,4.000,0.000,0.000,7.000,28.000,3.000,0.000,0.000,14.000
4993645,AP160462.jpg,Unconfirmed,100,0.000,0.000,0.000,66.000,1.000,1.000,0.000,0.000,7.000,0.000,2.000,0.000,0.000,6.000,0.000,5.000,0.000,0.000,12.000
4993644,AP160464.jpg,Unconfirmed,100,0.000,0.000,0.000,26.000,13.000,6.000,0.000,0.000,33.000,0.000,0.000,0.000,0.000,22.000,0.000,0.000,0.000,0.000,0.000
4993643,AP160465.jpg,Unconfirmed,100,0.000,0.000,1.000,0.000,63.000,0.000,0.000,0.000,18.000,0.000,1.000,0.000,0.000,5.000,3.000,8.000,0.000,0.000,1.000
4993641,AP160466.jpg,Unconfirmed,100,0.000,0.000,1.000,0.000,96.000,0.000,0.000,0.000,2.000,0.000,0.000,0.000,0.000,0.000,1.000,0.000,0.000,0.000,0.000
4993642,AP160467.jpg,Unconfirmed,100,0.000,0.000,0.000,2.000,36.000,0.000,0.000,0.000,55.000,0.000,0.000,0.000,0.000,7.000,0.000,0.000,0.000,0.000,0.000
4993640,AP160468.jpg,Unconfirmed,100,0.000,0.000,0.000,0.000,92.000,0.000,0.000,0.000,5.000,0.000,0.000,0.000,0.000,0.000,1.000,0.000,0.000,0.000,2.000
4993639,AP160469.jpg,Unconfirmed,100,0.000,0.000,0.000,13.000,44.000,2.000,0.000,0.000,23.000,0.000,2.000,0.000,0.000,16.000,0.000,0.000,0.000,0.000,0.000
4993638,AP160470.jpg,Unconfirmed,100,0.000,0.000,0.000,67.000,12.000,0.000,0.000,0.000,1.000,0.000,0.000,0.000,0.000,20.000,0.000,0.000,0.000,0.000,0.000
4993636,AP160471.jpg,Unconfirmed,100,0.000,0.000,1.000,0.000,85.000,0.000,0.000,0.000,6.000,0.000,2.000,0.000,0.000,2.000,1.000,0.000,0.000,0.000,3.000
4993637,AP160472.jpg,Unconfirmed,100,0.000,0.000,0.000,5.000,15.000,1.000,0.000,0.000,16.000,0.000,5.000,0.000,0.000,9.000,5.000,0.000,0.000,0.000,44.000
4993635,AP160473.jpg,Unconfirmed,100,0.000,0.000,0.000,4.000,15.000,0.000,0.000,0.000,18.000,0.000,4.000,0.000,0.000,10.000,6.000,0.000,0.000,0.000,43.000
4993633,AP160474.jpg,Unconfirmed,100,0.000,0.000,0.000,63.000,1.000,0.000,0.000,0.000,16.000,0.000,0.000,0.000,0.000,20.000,0.000,0.000,0.000,0.000,0.000
4993634,AP160475.jpg,Unconfirmed,100,0.000,0.000,0.000,11.000,7.000,0.000,0.000,0.000,37.000,0.000,0.000,0.000,0.000,39.000,0.000,0.000,0.000,0.000,6.000
4993632,AP160476.jpg,Unconfirmed,100,0.000,0.000,0.000,29.000,1.000,4.000,0.000,0.000,11.000,0.000,0.000,0.000,0.000,55.000,0.000,0.000,0.000,0.000,0.000
4993630,AP160477.jpg,Unconfirmed,100,0.000,0.000,0.000,44.000,0.000,0.000,0.000,0.000,39.000,0.000,0.000,0.000,0.000,17.000,0.000,0.000,0.000,0.000,0.000
4993631,AP160478.jpg,Unconfirmed,100,0.000,0.000,0.000,24.000,0.000,1.000,0.000,0.000,5.000,0.000,0.000,0.000,0.000,70.000,0.000,0.000,0.000,0.000,0.000
4993629,AP160479.jpg,Unconfirmed,100,0.000,0.000,0.000,10.000,7.000,1.000,0.000,0.000,50.000,0.000,0.000,0.000,0.000,18.000,0.000,0.000,0.000,0.000,14.000
4993628,AP160480.jpg,Unconfirmed,100,0.000,0.000,0.000,21.000,8.000,0.000,0.000,0.000,39.000,0.000,1.000,0.000,0.000,16.000,0.000,0.000,0.000,0.000,15.000
4993627,AP160481.jpg,Unconfirmed,100,0.000,0.000,0.000,0.000,7.000,0.000,0.000,0.000,14.000,0.000,0.000,0.000,0.000,78.000,1.000,0.000,0.000,0.000,0.000
4993626,AP160482.jpg,Unconfirmed,100,0.000,0.000,0.000,6.000,8.000,0.000,0.000,0.000,60.000,0.000,0.000,0.000,0.000,4.000,1.000,0.000,0.000,0.000,21.000
4993625,AP160483.jpg,Unconfirmed,100,0.000,0.000,0.000,23.000,18.000,0.000,0.000,0.000,9.000,0.000,1.000,0.000,0.000,20.000,0.000,0.000,0.000,0.000,29.000
4993624,AP160484.jpg,Unconfirmed,100,0.000,0.000,0.000,50.000,6.000,0.000,0.000,0.000,22.000,0.000,1.000,0.000,0.000,6.000,0.000,0.000,0.000,0.000,15.000
4993623,AP160485.jpg,Unconfirmed,100,0.000,0.000,0.000,48.000,1.000,1.000,0.000,0.000,48.000,0.000,0.000,0.000,0.000,2.000,0.000,0.000,0.000,0.000,0.000
4993622,AP160486.jpg,Unconfirmed,100,0.000,0.000,0.000,66.000,1.000,0.000,0.000,0.000,27.000,0.000,0.000,0.000,0.000,6.000,0.000,0.000,0.000,0.000,0.000
4993621,AP160487.jpg,Unconfirmed,100,0.000,0.000,0.000,29.000,3.000,0.000,0.000,0.000,31.000,0.000,0.000,0.000,0.000,31.000,0.000,0.000,0.000,0.000,6.000
4993620,AP160488.jpg,Unconfirmed,100,0.000,0.000,0.000,10.000,0.000,1.000,0.000,0.000,51.000,0.000,0.000,0.000,0.000,38.000,0.000,0.000,0.000,0.000,0.000
4993619,AP160489.jpg,Unconfirmed,100,0.000,0.000,0.000,33.000,0.000,2.000,0.000,0.000,51.000,0.000,0.000,0.000,0.000,14.000,0.000,0.000,0.000,0.000,0.000
4993618,AP160490.jpg,Unconfirmed,100,0.000,0.000,0.000,0.000,1.000,0.000,0.000,0.000,40.000,0.000,0.000,0.000,0.000,13.000,44.000,0.000,0.000,0.000,2.000
4993617,AP160491.jpg,Unconfirmed,100,0.000,0.000,0.000,0.000,1.000,0.000,0.000,0.000,14.000,0.000,1.000,0.000,0.000,47.000,31.000,0.000,0.000,0.000,6.000
4993616,AP160492.jpg,Unconfirmed,100,0.000,0.000,0.000,29.000,0.000,0.000,0.000,0.000,58.000,0.000,3.000,0.000,0.000,10.000,0.000,0.000,0.000,0.000,0.000
4993615,AP160494.jpg,Unconfirmed,100,0.000,0.000,0.000,1.000,6.000,0.000,0.000,0.000,26.000,0.000,0.000,0.000,0.000,0.000,0.000,0.000,0.000,0.000,67.000
4993614,AP160495.jpg,Unconfirmed,100,0.000,0.000,0.000,4.000,2.000,0.000,0.000,0.000,89.000,0.000,0.000,0.000,0.000,4.000,1.000,0.000,0.000,0.000,0.000
4993611,AP160496.jpg,Unconfirmed,100,0.000,0.000,0.000,2.000,0.000,0.000,0.000,0.000,93.000,0.000,0.000,0.000,0.000,5.000,0.000,0.000,0.000,0.000,0.000
4993613,AP160497.jpg,Unconfirmed,100,0.000,0.000,0.000,13.000,5.000,0.000,0.000,0.000,30.000,0.000,1.000,0.000,0.000,10.000,1.000,0.000,0.000,0.000,40.000
4993612,AP160498.jpg,Unconfirmed,100,0.000,0.000,0.000,6.000,2.000,0.000,0.000,0.000,34.000,0.000,0.000,0.000,0.000,57.000,1.000,0.000,0.000,0.000,0.000
4993610,AP160499.jpg,Unconfirmed,100,0.000,0.000,0.000,0.000,1.000,0.000,0.000,0.000,95.000,0.000,0.000,0.000,0.000,3.000,0.000,0.000,0.000,0.000,1.000
4993609,AP160501.jpg,Unconfirmed,100,0.000,0.000,0.000,0.000,11.000,0.000,0.000,0.000,17.000,0.000,1.000,0.000,0.000,2.000,13.000,0.000,0.000,0.000,56.000
4993608,AP160502.jpg,Unconfirmed,100,0.000,0.000,0.000,1.000,5.000,0.000,0.000,0.000,31.000,0.000,0.000,0.000,0.000,12.000,51.000,0.000,0.000,0.000,0.000
4993607,AP160503.jpg,Unconfirmed,100,0.000,0.000,0.000,10.000,3.000,0.000,0.000,0.000,16.000,0.000,2.000,0.000,0.000,7.000,49.000,0.000,0.000,0.000,13.000
4993606,AP160504.jpg,Unconfirmed,100,0.000,0.000,0.000,0.000,0.000,1.000,0.000,0.000,99.000,0.000,0.000,0.000,0.000,0.000,0.000,0.000,0.000,0.000,0.000
4993605,AP160505.jpg,Unconfirmed,100,0.000,0.000,0.000,0.000,1.000,0.000,0.000,0.000,47.000,0.000,0.000,0.000,0.000,13.000,39.000,0.000,0.000,0.000,0.000
4993604,AP160506.jpg,Unconfirmed,100,0.000,0.000,0.000,10.000,0.000,0.000,0.000,0.000,64.000,0.000,2.000,0.000,0.000,15.000,2.000,0.000,0.000,0.000,7.000
4991772,AP160829.jpg,Unconfirmed,100,0.000,0.000,0.000,46.000,32.000,1.000,0.000,0.000,2.000,0.000,2.000,1.000,0.000,3.000,3.000,0.000,0.000,0.000,10.000
4991771,AP160830.jpg,Unconfirmed,100,0.000,0.000,0.000,1.000,3.000,0.000,0.000,0.000,5.000,0.000,48.000,0.000,0.000,8.000,6.000,3.000,0.000,0.000,26.000
4991770,AP160831.jpg,Unconfirmed,100,0.000,0.000,0.000,2.000,2.000,0.000,0.000,0.000,8.000,1.000,42.000,0.000,0.000,11.000,8.000,2.000,0.000,0.000,24.000
4991769,AP160832.jpg,Unconfirmed,100,0.000,0.000,0.000,50.000,6.000,0.000,0.000,0.000,1.000,0.000,3.000,0.000,0.000,36.000,3.000,0.000,0.000,0.000,1.000
4991768,AP160833.jpg,Unconfirmed,100,0.000,0.000,0.000,28.000,1.000,0.000,0.000,0.000,4.000,0.000,31.000,0.000,0.000,27.000,3.000,0.000,0.000,0.000,6.000
4991767,AP160834.jpg,Unconfirmed,100,0.000,0.000,0.000,24.000,1.000,0.000,0.000,0.000,4.000,0.000,30.000,0.000,0.000,31.000,5.000,0.000,0.000,0.000,5.000
4991766,AP160835.jpg,Unconfirmed,100,0.000,0.000,1.000,59.000,1.000,0.000,0.000,0.000,5.000,0.000,2.000,0.000,0.000,13.000,0.000,6.000,0.000,0.000,13.000
4991765,AP160836.jpg,Unconfirmed,100,0.000,0.000,0.000,76.000,6.000,0.000,0.000,0.000,2.000,0.000,1.000,0.000,0.000,12.000,0.000,0.000,0.000,0.000,3.000
4991764,AP160837.jpg,Unconfirmed,100,0.000,0.000,0.000,63.000,0.000,0.000,0.000,0.000,2.000,0.000,0.000,0.000,0.000,33.000,0.000,2.000,0.000,0.000,0.000
4991763,AP160838.jpg,Unconfirmed,100,0.000,0.000,0.000,16.000,4.000,0.000,0.000,0.000,8.000,0.000,66.000,0.000,0.000,3.000,0.000,2.000,0.000,0.000,1.000
4991761,AP160839.jpg,Unconfirmed,100,0.000,0.000,0.000,49.000,2.000,0.000,0.000,0.000,7.000,0.000,3.000,0.000,0.000,32.000,0.000,0.000,0.000,0.000,7.000
4991762,AP160840.jpg,Unconfirmed,100,0.000,0.000,1.000,1.000,5.000,0.000,0.000,0.000,13.000,0.000,23.000,0.000,0.000,1.000,10.000,8.000,0.000,0.000,38.000
4991760,AP160841.jpg,Unconfirmed,100,0.000,0.000,0.000,7.000,3.000,0.000,0.000,0.000,6.000,1.000,24.000,0.000,0.000,3.000,9.000,3.000,0.000,0.000,44.000
4991759,AP160842.jpg,Unconfirmed,100,0.000,0.000,0.000,37.000,1.000,0.000,0.000,0.000,12.000,1.000,6.000,0.000,0.000,2.000,3.000,2.000,0.000,0.000,36.000
4991758,AP160843.jpg,Unconfirmed,100,0.000,0.000,0.000,78.000,4.000,1.000,0.000,0.000,2.000,0.000,6.000,0.000,0.000,6.000,2.000,0.000,0.000,0.000,1.000
4991757,AP160844.jpg,Unconfirmed,100,0.000,0.000,0.000,29.000,16.000,0.000,0.000,0.000,7.000,0.000,21.000,0.000,0.000,9.000,3.000,3.000,0.000,0.000,12.000
4991756,AP160845.jpg,Unconfirmed,100,0.000,0.000,0.000,13.000,38.000,0.000,0.000,0.000,2.000,0.000,6.000,1.000,0.000,4.000,14.000,3.000,0.000,0.000,19.000
4991755,AP160846.jpg,Unconfirmed,100,0.000,0.000,0.000,4.000,12.000,0.000,0.000,0.000,4.000,0.000,1.000,1.000,0.000,4.000,24.000,0.000,0.000,0.000,50.000
4991754,AP160847.jpg,Unconfirmed,100,0.000,0.000,0.000,11.000,9.000,0.000,0.000,0.000,9.000,0.000,7.000,8.000,0.000,2.000,4.000,7.000,0.000,0.000,43.000
4991753,AP160848.jpg,Unconfirmed,100,0.000,0.000,0.000,2.000,48.000,0.000,0.000,0.000,1.000,0.000,2.000,0.000,0.000,1.000,18.000,0.000,0.000,0.000,28.000
4991752,AP160849.jpg,Unconfirmed,100,0.000,0.000,0.000,1.000,37.000,0.000,0.000,0.000,0.000,0.000,25.000,0.000,0.000,0.000,11.000,0.000,0.000,0.000,26.000
4991751,AP160850.jpg,Unconfirmed,100,0.000,0.000,0.000,69.000,5.000,0.000,0.000,0.000,3.000,0.000,1.000,0.000,0.000,5.000,4.000,0.000,0.000,0.000,13.000
4991750,AP160851.jpg,Unconfirmed,100,0.000,0.000,0.000,38.000,4.000,0.000,0.000,0.000,3.000,0.000,10.000,0.000,0.000,10.000,12.000,0.000,0.000,0.000,23.000
4991749,AP160852.jpg,Unconfirmed,100,0.000,0.000,0.000,35.000,10.000,1.000,0.000,0.000,6.000,0.000,12.000,0.000,0.000,24.000,12.000,0.000,0.000,0.000,0.000
4991748,AP160853.jpg,Unconfirmed,100,0.000,0.000,0.000,12.000,7.000,0.000,0.000,0.000,2.000,0.000,33.000,0.000,0.000,1.000,8.000,0.000,0.000,0.000,37.000
4991747,AP160854.jpg,Unconfirmed,100,0.000,0.000,0.000,29.000,8.000,0.000,0.000,0.000,6.000,0.000,2.000,0.000,0.000,2.000,35.000,0.000,0.000,0.000,18.000
4991746,AP160855.jpg,Unconfirmed,100,0.000,0.000,0.000,36.000,11.000,1.000,0.000,0.000,4.000,0.000,2.000,0.000,0.000,3.000,10.000,0.000,0.000,0.000,33.000
4991745,AP160856.jpg,Unconfirmed,100,0.000,0.000,0.000,5.000,0.000,0.000,0.000,0.000,6.000,1.000,11.000,0.000,0.000,17.000,17.000,1.000,0.000,0.000,42.000
4991744,AP160857.jpg,Unconfirmed,100,0.000,0.000,0.000,13.000,1.000,0.000,0.000,0.000,9.000,0.000,18.000,0.000,0.000,25.000,10.000,9.000,0.000,0.000,15.000
4991743,AP160858.jpg,Unconfirmed,100,0.000,0.000,0.000,0.000,0.000,0.000,0.000,0.000,2.000,0.000,14.000,0.000,0.000,18.000,13.000,0.000,0.000,0.000,53.000
4991742,AP160859.jpg,Unconfirmed,100,0.000,0.000,0.000,0.000,0.000,0.000,0.000,0.000,0.000,0.000,6.000,0.000,0.000,7.000,8.000,0.000,0.000,0.000,79.000
4991739,AP160860.jpg,Unconfirmed,100,0.000,0.000,0.000,4.000,5.000,0.000,0.000,0.000,3.000,0.000,18.000,0.000,0.000,19.000,6.000,1.000,0.000,0.000,44.000
4991740,AP160861.jpg,Unconfirmed,100,0.000,0.000,0.000,15.000,14.000,0.000,0.000,0.000,4.000,0.000,5.000,0.000,0.000,7.000,1.000,1.000,0.000,0.000,53.000
4991741,AP160862.jpg,Unconfirmed,100,0.000,0.000,0.000,37.000,4.000,0.000,0.000,0.000,3.000,0.000,21.000,0.000,0.000,4.000,4.000,0.000,0.000,0.000,27.000
4991738,AP160863.jpg,Unconfirmed,100,0.000,0.000,0.000,7.000,4.000,0.000,0.000,0.000,8.000,2.000,29.000,1.000,0.000,12.000,6.000,0.000,0.000,0.000,31.000
4991737,AP160864.jpg,Unconfirmed,100,0.000,0.000,0.000,78.000,8.000,0.000,0.000,0.000,3.000,0.000,1.000,0.000,0.000,1.000,3.000,0.000,0.000,0.000,6.000
4991736,AP160865.jpg,Unconfirmed,100,0.000,0.000,0.000,77.000,1.000,0.000,0.000,0.000,11.000,0.000,0.000,0.000,0.000,10.000,1.000,0.000,0.000,0.000,0.000
4991735,AP160866.jpg,Unconfirmed,100,0.000,0.000,0.000,50.000,11.000,0.000,0.000,0.000,10.000,0.000,1.000,0.000,0.000,3.000,0.000,9.000,0.000,0.000,16.000
4991734,AP160867.jpg,Unconfirmed,100,0.000,0.000,0.000,11.000,8.000,1.000,0.000,0.000,1.000,0.000,0.000,0.000,0.000,3.000,1.000,7.000,0.000,0.000,68.000
4991733,AP160868.jpg,Unconfirmed,100,0.000,0.000,0.000,0.000,13.000,0.000,0.000,0.000,0.000,0.000,1.000,0.000,0.000,0.000,0.000,0.000,0.000,0.000,86.000
4991732,AP160869.jpg,Unconfirmed,100,0.000,0.000,0.000,1.000,45.000,0.000,0.000,0.000,0.000,0.000,1.000,0.000,0.000,0.000,0.000,1.000,0.000,0.000,52.000
4991731,AP160870.jpg,Unconfirmed,100,0.000,0.000,0.000,7.000,31.000,0.000,0.000,0.000,7.000,0.000,3.000,0.000,0.000,5.000,2.000,18.000,0.000,0.000,27.000
4991730,AP160871.jpg,Unconfirmed,100,0.000,0.000,0.000,1.000,9.000,0.000,0.000,0.000,3.000,0.000,4.000,0.000,0.000,1.000,5.000,3.000,0.000,0.000,74.000
4991729,AP160872.jpg,Unconfirmed,100,0.000,0.000,0.000,2.000,16.000,0.000,0.000,0.000,0.000,0.000,2.000,0.000,0.000,1.000,3.000,0.000,0.000,0.000,76.000
4991728,AP160873.jpg,Unconfirmed,100,0.000,0.000,0.000,16.000,7.000,0.000,0.000,0.000,1.000,0.000,1.000,0.000,0.000,2.000,0.000,0.000,0.000,0.000,73.000
4991727,AP160874.jpg,Unconfirmed,100,0.000,0.000,0.000,49.000,36.000,0.000,0.000,0.000,1.000,0.000,0.000,0.000,0.000,4.000,0.000,0.000,0.000,0.000,10.000
4991726,AP160876.jpg,Unconfirmed,100,0.000,0.000,0.000,13.000,76.000,1.000,0.000,0.000,3.000,0.000,0.000,0.000,0.000,7.000,0.000,0.000,0.000,0.000,0.000
4991724,AP160877.jpg,Unconfirmed,100,0.000,0.000,0.000,36.000,20.000,0.000,0.000,0.000,10.000,0.000,3.000,0.000,0.000,8.000,3.000,2.000,0.000,0.000,18.000
4991725,AP160878.jpg,Unconfirmed,100,0.000,0.000,0.000,13.000,40.000,0.000,0.000,0.000,2.000,0.000,1.000,0.000,0.000,13.000,5.000,5.000,0.000,0.000,21.000
4991723,AP160879.jpg,Unconfirmed,100,0.000,0.000,0.000,43.000,19.000,1.000,0.000,0.000,2.000,0.000,2.000,0.000,0.000,14.000,2.000,0.000,0.000,0.000,17.000
4991722,AP160880.jpg,Unconfirmed,100,0.000,0.000,2.000,21.000,40.000,0.000,0.000,0.000,3.000,1.000,0.000,0.000,0.000,0.000,1.000,0.000,0.000,0.000,32.000
4991721,AP160881.jpg,Unconfirmed,100,0.000,0.000,0.000,13.000,53.000,0.000,0.000,0.000,0.000,0.000,1.000,0.000,0.000,5.000,11.000,7.000,0.000,0.000,10.000
4991720,AP160882.jpg,Unconfirmed,100,0.000,0.000,0.000,11.000,42.000,0.000,0.000,0.000,6.000,0.000,1.000,0.000,0.000,6.000,2.000,0.000,0.000,0.000,32.000
4991719,AP160883.jpg,Unconfirmed,100,0.000,0.000,0.000,1.000,33.000,0.000,0.000,0.000,6.000,0.000,5.000,0.000,0.000,2.000,2.000,7.000,0.000,0.000,44.000
4991718,AP160884.jpg,Unconfirmed,100,0.000,0.000,0.000,11.000,45.000,0.000,0.000,0.000,2.000,0.000,1.000,0.000,0.000,0.000,0.000,24.000,0.000,0.000,17.000
4991717,AP160885.jpg,Unconfirmed,100,0.000,0.000,1.000,11.000,6.000,0.000,0.000,0.000,3.000,0.000,0.000,0.000,0.000,1.000,4.000,3.000,0.000,0.000,71.000
4991716,AP160886.jpg,Unconfirmed,100,0.000,0.000,0.000,14.000,4.000,0.000,0.000,0.000,5.000,0.000,0.000,0.000,0.000,3.000,1.000,2.000,0.000,0.000,71.000
4991715,AP160887.jpg,Unconfirmed,100,0.000,0.000,0.000,25.000,2.000,0.000,0.000,0.000,2.000,0.000,0.000,0.000,0.000,1.000,1.000,1.000,0.000,0.000,68.000
4991714,AP160888.jpg,Unconfirmed,100,0.000,0.000,2.000,22.000,16.000,0.000,0.000,0.000,9.000,0.000,0.000,0.000,0.000,3.000,0.000,6.000,0.000,0.000,42.000
4991713,AP160889.jpg,Unconfirmed,100,0.000,0.000,0.000,2.000,45.000,0.000,0.000,0.000,1.000,0.000,1.000,0.000,0.000,1.000,2.000,0.000,0.000,0.000,48.000
4991712,AP160890.jpg,Unconfirmed,100,0.000,0.000,0.000,4.000,62.000,0.000,0.000,0.000,2.000,0.000,0.000,0.000,0.000,2.000,0.000,0.000,0.000,0.000,30.000
4991711,AP160891.jpg,Unconfirmed,100,0.000,0.000,0.000,2.000,29.000,0.000,0.000,0.000,1.000,0.000,4.000,0.000,0.000,0.000,3.000,1.000,0.000,0.000,60.000
4991710,AP160892.jpg,Unconfirmed,100,0.000,0.000,0.000,12.000,29.000,0.000,0.000,0.000,5.000,0.000,1.000,0.000,0.000,4.000,1.000,25.000,0.000,0.000,23.000
4991709,AP160893.jpg,Unconfirmed,100,0.000,0.000,0.000,1.000,53.000,0.000,0.000,0.000,4.000,0.000,0.000,0.000,0.000,0.000,2.000,1.000,0.000,0.000,39.000
4991708,AP160894.jpg,Unconfirmed,100,0.000,0.000,0.000,0.000,34.000,0.000,0.000,0.000,0.000,0.000,2.000,0.000,0.000,1.000,4.000,0.000,0.000,0.000,59.000
4991707,AP160897.jpg,Unconfirmed,100,0.000,0.000,0.000,30.000,25.000,0.000,0.000,0.000,3.000,0.000,2.000,0.000,0.000,0.000,0.000,0.000,0.000,0.000,40.000
4991706,AP160898.jpg,Unconfirmed,100,0.000,0.000,0.000,63.000,11.000,0.000,0.000,0.000,2.000,0.000,0.000,0.000,0.000,7.000,0.000,0.000,0.000,0.000,17.000
4991705,AP160899.jpg,Unconfirmed,100,0.000,0.000,0.000,23.000,7.000,1.000,0.000,0.000,7.000,0.000,2.000,0.000,0.000,13.000,11.000,3.000,0.000,0.000,33.000
4991704,AP160900.jpg,Unconfirmed,100,0.000,0.000,0.000,31.000,13.000,0.000,0.000,0.000,0.000,0.000,1.000,0.000,0.000,2.000,1.000,0.000,0.000,0.000,52.000
4991703,AP160901.jpg,Unconfirmed,100,0.000,0.000,0.000,7.000,5.000,0.000,0.000,0.000,14.000,0.000,4.000,0.000,0.000,37.000,4.000,1.000,0.000,0.000,28.000
4991702,AP160902.jpg,Unconfirmed,100,0.000,0.000,0.000,16.000,6.000,0.000,0.000,0.000,10.000,0.000,2.000,0.000,0.000,5.000,0.000,0.000,0.000,0.000,61.000
4991701,AP160903.jpg,Unconfirmed,100,0.000,0.000,0.000,10.000,6.000,0.000,0.000,0.000,7.000,0.000,4.000,0.000,0.000,37.000,3.000,3.000,0.000,0.000,30.000
4991700,AP160904.jpg,Unconfirmed,100,0.000,0.000,0.000,7.000,73.000,0.000,0.000,0.000,6.000,0.000,0.000,0.000,0.000,7.000,2.000,0.000,0.000,0.000,5.000
4991699,AP160905.jpg,Unconfirmed,100,0.000,0.000,0.000,12.000,17.000,0.000,0.000,0.000,0.000,0.000,0.000,0.000,0.000,2.000,2.000,0.000,0.000,0.000,67.000
4991698,AP160906.jpg,Unconfirmed,100,0.000,0.000,0.000,3.000,4.000,0.000,0.000,0.000,7.000,0.000,2.000,0.000,0.000,1.000,1.000,0.000,0.000,0.000,82.000
4991697,AP160907.jpg,Unconfirmed,100,0.000,0.000,0.000,55.000,24.000,0.000,0.000,0.000,1.000,0.000,0.000,0.000,0.000,2.000,0.000,0.000,0.000,0.000,18.000
4991696,AP160908.jpg,Unconfirmed,100,0.000,0.000,0.000,0.000,33.000,0.000,0.000,0.000,0.000,0.000,2.000,0.000,0.000,0.000,6.000,0.000,0.000,0.000,59.000
4991695,AP160909.jpg,Unconfirmed,100,0.000,0.000,0.000,62.000,10.000,0.000,0.000,0.000,9.000,0.000,0.000,0.000,0.000,4.000,0.000,1.000,0.000,0.000,14.000
4991694,AP160910.jpg,Unconfirmed,100,0.000,0.000,0.000,39.000,40.000,0.000,0.000,0.000,9.000,0.000,0.000,0.000,0.000,5.000,0.000,0.000,0.000,0.000,7.000
4991693,AP160911.jpg,Unconfirmed,100,0.000,0.000,0.000,3.000,81.000,0.000,0.000,0.000,5.000,0.000,2.000,0.000,0.000,6.000,0.000,0.000,0.000,0.000,3.000
4991692,AP160912.jpg,Unconfirmed,100,0.000,0.000,0.000,4.000,90.000,0.000,0.000,0.000,3.000,0.000,0.000,0.000,0.000,3.000,0.000,0.000,0.000,0.000,0.000
4991691,AP160913.jpg,Unconfirmed,100,0.000,0.000,0.000,4.000,0.000,0.000,0.000,0.000,0.000,0.000,0.000,0.000,0.000,4.000,17.000,0.000,0.000,0.000,75.000
4991690,AP160914.jpg,Unconfirmed,100,0.000,0.000,0.000,1.000,6.000,0.000,0.000,0.000,31.000,0.000,0.000,0.000,0.000,3.000,0.000,22.000,0.000,0.000,37.000
4991689,AP160915.jpg,Unconfirmed,100,0.000,0.000,0.000,14.000,13.000,0.000,0.000,0.000,1.000,0.000,1.000,0.000,0.000,3.000,6.000,0.000,0.000,0.000,62.000
4991688,AP160917.jpg,Unconfirmed,100,0.000,0.000,0.000,7.000,64.000,0.000,0.000,0.000,7.000,0.000,3.000,0.000,0.000,6.000,0.000,1.000,0.000,0.000,12.000
4991687,AP160918.jpg,Unconfirmed,100,0.000,0.000,0.000,0.000,20.000,0.000,0.000,0.000,20.000,0.000,3.000,2.000,0.000,7.000,3.000,3.000,0.000,0.000,42.000
4991686,AP160919.jpg,Unconfirmed,100,0.000,0.000,0.000,14.000,2.000,0.000,0.000,0.000,46.000,0.000,0.000,0.000,0.000,38.000,0.000,0.000,0.000,0.000,0.000
4991685,AP160920.jpg,Unconfirmed,100,0.000,0.000,0.000,5.000,39.000,0.000,0.000,0.000,31.000,0.000,0.000,0.000,0.000,16.000,0.000,0.000,0.000,0.000,9.000
4991684,AP160921.jpg,Unconfirmed,100,0.000,0.000,0.000,46.000,1.000,2.000,0.000,0.000,24.000,0.000,0.000,0.000,0.000,27.000,0.000,0.000,0.000,0.000,0.000
4991683,AP160922.jpg,Unconfirmed,100,0.000,0.000,0.000,13.000,1.000,0.000,0.000,0.000,21.000,0.000,0.000,0.000,0.000,30.000,32.000,0.000,0.000,0.000,3.000
4991682,AP160923.jpg,Unconfirmed,100,0.000,0.000,0.000,81.000,3.000,0.000,0.000,0.000,11.000,0.000,0.000,0.000,0.000,5.000,0.000,0.000,0.000,0.000,0.000
4991681,AP160924.jpg,Unconfirmed,100,0.000,0.000,0.000,68.000,1.000,0.000,0.000,0.000,6.000,0.000,1.000,0.000,0.000,23.000,0.000,0.000,0.000,0.000,1.000
4991680,AP160925.jpg,Unconfirmed,100,0.000,0.000,0.000,75.000,0.000,0.000,0.000,0.000,2.000,0.000,0.000,0.000,0.000,23.000,0.000,0.000,0.000,0.000,0.000
4991679,AP160926.jpg,Unconfirmed,100,0.000,0.000,0.000,68.000,16.000,0.000,0.000,0.000,1.000,0.000,0.000,0.000,0.000,8.000,0.000,0.000,0.000,0.000,7.000
4991678,AP160927.jpg,Unconfirmed,100,0.000,0.000,0.000,79.000,2.000,0.000,0.000,0.000,3.000,0.000,0.000,0.000,0.000,16.000,0.000,0.000,0.000,0.000,0.000
4991677,AP160928.jpg,Unconfirmed,100,0.000,0.000,0.000,80.000,2.000,0.000,0.000,0.000,4.000,0.000,0.000,0.000,0.000,14.000,0.000,0.000,0.000,0.000,0.000
4991676,AP160929.jpg,Unconfirmed,100,0.000,0.000,0.000,71.000,5.000,0.000,0.000,0.000,2.000,0.000,0.000,0.000,0.000,22.000,0.000,0.000,0.000,0.000,0.000
4991675,AP160930.jpg,Unconfirmed,100,0.000,0.000,0.000,79.000,1.000,0.000,0.000,0.000,4.000,0.000,0.000,0.000,0.000,13.000,0.000,0.000,0.000,0.000,3.000
4991674,AP160931.jpg,Unconfirmed,100,0.000,0.000,0.000,87.000,0.000,0.000,0.000,0.000,2.000,0.000,0.000,0.000,0.000,9.000,0.000,0.000,0.000,0.000,2.000
4991673,AP160932.jpg,Unconfirmed,100,0.000,0.000,0.000,23.000,20.000,0.000,0.000,0.000,6.000,0.000,0.000,0.000,0.000,48.000,2.000,0.000,0.000,0.000,1.000
4991672,AP160933.jpg,Unconfirmed,100,0.000,0.000,0.000,15.000,66.000,0.000,0.000,0.000,1.000,0.000,2.000,0.000,0.000,3.000,0.000,0.000,0.000,0.000,13.000
4991671,AP160934.jpg,Unconfirmed,100,0.000,0.000,0.000,45.000,49.000,0.000,0.000,0.000,0.000,0.000,2.000,0.000,0.000,1.000,0.000,0.000,0.000,0.000,3.000
4991670,AP160935.jpg,Unconfirmed,100,0.000,0.000,0.000,28.000,0.000,0.000,0.000,0.000,28.000,0.000,0.000,0.000,0.000,44.000,0.000,0.000,0.000,0.000,0.000
4991669,AP160936.jpg,Unconfirmed,100,0.000,0.000,0.000,64.000,5.000,0.000,0.000,0.000,0.000,0.000,0.000,0.000,0.000,31.000,0.000,0.000,0.000,0.000,0.000
4991668,AP160937.jpg,Unconfirmed,100,0.000,0.000,0.000,72.000,0.000,0.000,0.000,0.000,8.000,0.000,0.000,0.000,0.000,20.000,0.000,0.000,0.000,0.000,0.000
4991667,AP160938.jpg,Unconfirmed,100,0.000,0.000,0.000,39.000,10.000,0.000,0.000,0.000,13.000,0.000,0.000,0.000,0.000,23.000,0.000,0.000,0.000,0.000,15.000
4991666,AP160939.jpg,Unconfirmed,100,0.000,0.000,0.000,4.000,19.000,0.000,0.000,0.000,21.000,0.000,0.000,0.000,0.000,25.000,0.000,0.000,0.000,0.000,31.000
4991665,AP160940.jpg,Unconfirmed,100,0.000,0.000,0.000,3.000,14.000,0.000,0.000,0.000,31.000,0.000,0.000,0.000,0.000,35.000,0.000,0.000,0.000,0.000,17.000
4991664,AP160941.jpg,Unconfirmed,100,0.000,0.000,0.000,33.000,19.000,0.000,0.000,0.000,17.000,0.000,1.000,0.000,0.000,28.000,0.000,0.000,0.000,0.000,2.000
4991663,AP160942.jpg,Unconfirmed,100,0.000,0.000,0.000,44.000,0.000,0.000,0.000,0.000,33.000,0.000,0.000,0.000,0.000,23.000,0.000,0.000,0.000,0.000,0.000
4991662,AP160943.jpg,Unconfirmed,100,0.000,0.000,0.000,9.000,5.000,0.000,0.000,0.000,16.000,0.000,0.000,0.000,0.000,51.000,0.000,0.000,0.000,0.000,19.000
4991661,AP160944.jpg,Unconfirmed,100,0.000,0.000,0.000,53.000,0.000,0.000,0.000,0.000,0.000,0.000,3.000,0.000,0.000,44.000,0.000,0.000,0.000,0.000,0.000
4991660,AP160945.jpg,Unconfirmed,100,0.000,0.000,0.000,64.000,0.000,0.000,0.000,0.000,1.000,0.000,0.000,0.000,0.000,35.000,0.000,0.000,0.000,0.000,0.000
4991659,AP160946.jpg,Unconfirmed,100,0.000,0.000,0.000,36.000,0.000,0.000,0.000,0.000,27.000,0.000,0.000,0.000,0.000,37.000,0.000,0.000,0.000,0.000,0.000
4991658,AP160947.jpg,Unconfirmed,100,0.000,0.000,0.000,88.000,2.000,0.000,0.000,0.000,0.000,0.000,0.000,0.000,0.000,10.000,0.000,0.000,0.000,0.000,0.000
4991657,AP160948.jpg,Unconfirmed,100,0.000,0.000,0.000,43.000,0.000,0.000,0.000,0.000,34.000,0.000,0.000,0.000,0.000,23.000,0.000,0.000,0.000,0.000,0.000
4991656,AP160949.jpg,Unconfirmed,100,0.000,0.000,0.000,47.000,1.000,0.000,0.000,0.000,7.000,0.000,0.000,0.000,0.000,45.000,0.000,0.000,0.000,0.000,0.000
4991655,AP160951.jpg,Unconfirmed,100,0.000,0.000,0.000,8.000,0.000,0.000,0.000,0.000,59.000,0.000,0.000,0.000,0.000,31.000,2.000,0.000,0.000,0.000,0.000
4991654,AP160952.jpg,Unconfirmed,100,0.000,0.000,0.000,1.000,0.000,0.000,0.000,0.000,71.000,0.000,0.000,0.000,0.000,28.000,0.000,0.000,0.000,0.000,0.000
4991653,AP160953.jpg,Unconfirmed,100,0.000,0.000,0.000,21.000,0.000,0.000,0.000,0.000,21.000,0.000,0.000,0.000,0.000,58.000,0.000,0.000,0.000,0.000,0.000
4991652,AP160954.jpg,Unconfirmed,100,0.000,0.000,0.000,20.000,2.000,1.000,0.000,0.000,18.000,0.000,1.000,0.000,0.000,58.000,0.000,0.000,0.000,0.000,0.000
4991651,AP160956.jpg,Unconfirmed,100,0.000,0.000,0.000,68.000,0.000,0.000,0.000,0.000,0.000,0.000,0.000,0.000,0.000,31.000,0.000,0.000,0.000,0.000,1.000
4991650,AP160957.jpg,Unconfirmed,100,0.000,0.000,0.000,80.000,4.000,0.000,0.000,0.000,6.000,0.000,0.000,0.000,0.000,8.000,0.000,0.000,0.000,0.000,2.000
4991649,AP160958.jpg,Unconfirmed,100,0.000,0.000,0.000,97.000,3.000,0.000,0.000,0.000,0.000,0.000,0.000,0.000,0.000,0.000,0.000,0.000,0.000,0.000,0.000
4991648,AP160959.jpg,Unconfirmed,100,0.000,0.000,0.000,71.000,5.000,2.000,0.000,0.000,18.000,0.000,0.000,0.000,0.000,4.000,0.000,0.000,0.000,0.000,0.000
4991647,AP160960.jpg,Unconfirmed,100,0.000,0.000,0.000,76.000,5.000,0.000,0.000,0.000,1.000,0.000,0.000,0.000,0.000,11.000,0.000,0.000,0.000,0.000,7.000
4991646,AP160961.jpg,Unconfirmed,100,0.000,0.000,0.000,71.000,4.000,0.000,0.000,0.000,6.000,0.000,0.000,0.000,0.000,19.000,0.000,0.000,0.000,0.000,0.000
4991645,AP160962.jpg,Unconfirmed,100,0.000,0.000,0.000,58.000,18.000,0.000,0.000,0.000,8.000,0.000,0.000,0.000,0.000,16.000,0.000,0.000,0.000,0.000,0.000
4991644,AP160977.jpg,Confirmed,100,0.000,0.000,0.000,4.000,0.000,0.000,0.000,0.000,0.000,0.000,9.000,0.000,0.000,0.000,0.000,0.000,0.000,87.000,0.000
4991643,AP160978.jpg,Confirmed,100,0.000,0.000,0.000,12.000,0.000,0.000,0.000,0.000,1.000,3.000,9.000,0.000,0.000,1.000,0.000,0.000,0.000,73.000,1.000
4991642,AP160979.jpg,Confirmed,100,0.000,0.000,2.000,12.000,0.000,0.000,0.000,0.000,2.000,5.000,43.000,0.000,0.000,3.000,0.000,0.000,0.000,33.000,0.000
4991641,AP160980.jpg,Confirmed,100,0.000,0.000,0.000,13.000,0.000,0.000,0.000,0.000,0.000,1.000,6.000,0.000,0.000,3.000,0.000,0.000,0.000,77.000,0.000
4991640,AP160981.jpg,Confirmed,100,0.000,0.000,0.000,13.000,0.000,3.000,0.000,0.000,0.000,2.000,3.000,0.000,0.000,22.000,0.000,0.000,0.000,57.000,0.000
4991639,AP160982.jpg,Confirmed,100,0.000,0.000,0.000,14.000,0.000,0.000,0.000,0.000,0.000,1.000,9.000,0.000,0.000,9.000,0.000,0.000,0.000,67.000,0.000
4991638,AP160983.jpg,Confirmed,100,0.000,0.000,0.000,2.000,0.000,2.000,0.000,0.000,0.000,14.000,3.000,0.000,0.000,0.000,0.000,0.000,0.000,79.000,0.000
4991637,AP160984.jpg,Confirmed,100,0.000,0.000,0.000,0.000,0.000,0.000,0.000,0.000,0.000,1.000,9.000,0.000,0.000,0.000,0.000,0.000,0.000,90.000,0.000
4991636,AP160985.jpg,Confirmed,100,0.000,0.000,0.000,56.000,0.000,3.000,0.000,0.000,0.000,1.000,9.000,0.000,0.000,21.000,0.000,0.000,0.000,10.000,0.000
4991635,AP160986.jpg,Confirmed,100,0.000,0.000,0.000,24.000,0.000,4.000,0.000,0.000,0.000,1.000,42.000,0.000,0.000,1.000,0.000,0.000,0.000,28.000,0.000
4991634,AP160988.jpg,Confirmed,100,0.000,0.000,0.000,59.000,0.000,0.000,0.000,0.000,0.000,6.000,22.000,0.000,0.000,4.000,0.000,0.000,0.000,9.000,0.000
4991633,AP160990.jpg,Confirmed,100,0.000,0.000,0.000,13.000,0.000,1.000,0.000,0.000,0.000,19.000,30.000,0.000,0.000,2.000,0.000,0.000,0.000,35.000,0.000
4991632,AP160991.jpg,Unconfirmed,100,0.000,0.000,0.000,8.000,13.000,0.000,0.000,0.000,13.000,0.000,26.000,0.000,0.000,32.000,0.000,2.000,0.000,0.000,6.000
4991631,AP160992.jpg,Unconfirmed,100,0.000,0.000,0.000,0.000,11.000,0.000,0.000,0.000,16.000,0.000,0.000,5.000,0.000,0.000,0.000,1.000,0.000,0.000,67.000
4991629,AP160993.jpg,Unconfirmed,100,0.000,0.000,0.000,3.000,13.000,0.000,0.000,0.000,0.000,0.000,41.000,3.000,0.000,11.000,3.000,1.000,0.000,0.000,25.000
4991630,AP160994.jpg,Unconfirmed,100,0.000,0.000,0.000,0.000,4.000,0.000,0.000,0.000,0.000,2.000,48.000,2.000,0.000,3.000,8.000,2.000,0.000,0.000,31.000
4991628,AP160995.jpg,Unconfirmed,100,0.000,0.000,0.000,53.000,8.000,0.000,0.000,0.000,2.000,0.000,11.000,0.000,0.000,20.000,2.000,0.000,0.000,0.000,4.000
4991627,AP160996.jpg,Unconfirmed,100,0.000,0.000,0.000,8.000,20.000,0.000,0.000,0.000,3.000,1.000,42.000,2.000,0.000,8.000,1.000,6.000,0.000,0.000,9.000
4991626,AP160997.jpg,Unconfirmed,100,0.000,0.000,0.000,25.000,5.000,0.000,0.000,0.000,5.000,0.000,22.000,0.000,0.000,14.000,3.000,10.000,0.000,0.000,16.000
4991625,AP160998.jpg,Unconfirmed,100,0.000,0.000,0.000,0.000,40.000,0.000,0.000,0.000,1.000,2.000,19.000,9.000,0.000,13.000,3.000,3.000,0.000,0.000,10.000
4991623,AP160999.jpg,Unconfirmed,100,0.000,0.000,0.000,1.000,21.000,0.000,0.000,0.000,2.000,0.000,36.000,0.000,0.000,13.000,3.000,3.000,0.000,0.000,21.000
4991624,AP161000.jpg,Unconfirmed,100,0.000,0.000,0.000,0.000,22.000,0.000,0.000,0.000,2.000,0.000,30.000,2.000,0.000,18.000,12.000,0.000,0.000,0.000,14.000
4991622,AP161001.jpg,Unconfirmed,100,0.000,0.000,0.000,0.000,19.000,0.000,0.000,0.000,3.000,0.000,10.000,2.000,0.000,51.000,5.000,0.000,0.000,0.000,10.000
4991621,AP161002.jpg,Unconfirmed,100,0.000,0.000,0.000,2.000,19.000,0.000,0.000,0.000,0.000,0.000,61.000,2.000,0.000,8.000,7.000,0.000,0.000,0.000,1.000
4991620,AP161003.jpg,Unconfirmed,100,0.000,0.000,0.000,26.000,12.000,0.000,0.000,0.000,2.000,0.000,33.000,0.000,0.000,16.000,1.000,3.000,0.000,0.000,7.000
4991619,AP161004.jpg,Unconfirmed,100,0.000,0.000,0.000,0.000,17.000,0.000,0.000,0.000,9.000,4.000,16.000,3.000,0.000,0.000,13.000,9.000,0.000,0.000,29.000
4991618,AP161005.jpg,Unconfirmed,100,0.000,0.000,0.000,0.000,10.000,0.000,0.000,0.000,2.000,0.000,60.000,0.000,0.000,9.000,8.000,3.000,0.000,0.000,8.000
4991617,AP161006.jpg,Unconfirmed,100,0.000,0.000,0.000,0.000,59.000,0.000,0.000,0.000,0.000,0.000,15.000,3.000,0.000,2.000,8.000,5.000,0.000,0.000,8.000
4991616,AP161007.jpg,Unconfirmed,100,0.000,0.000,0.000,0.000,46.000,0.000,0.000,0.000,2.000,2.000,25.000,2.000,0.000,3.000,9.000,7.000,0.000,0.000,4.000
4991615,AP161008.jpg,Unconfirmed,100,0.000,0.000,0.000,4.000,28.000,0.000,0.000,0.000,3.000,0.000,26.000,1.000,0.000,23.000,5.000,2.000,0.000,0.000,8.000
4991614,AP161009.jpg,Unconfirmed,100,0.000,0.000,0.000,14.000,2.000,0.000,0.000,0.000,0.000,0.000,19.000,0.000,0.000,51.000,6.000,0.000,0.000,0.000,8.000
4991613,AP161010.jpg,Unconfirmed,100,0.000,0.000,0.000,0.000,24.000,0.000,0.000,0.000,5.000,2.000,30.000,2.000,0.000,16.000,6.000,1.000,0.000,0.000,14.000
4991612,AP161011.jpg,Unconfirmed,100,0.000,0.000,0.000,17.000,4.000,0.000,0.000,0.000,8.000,0.000,32.000,0.000,0.000,9.000,1.000,5.000,0.000,0.000,24.000
4991611,AP161012.jpg,Unconfirmed,100,0.000,0.000,0.000,0.000,26.000,0.000,0.000,0.000,24.000,0.000,0.000,22.000,0.000,0.000,0.000,0.000,0.000,0.000,28.000
4991610,AP161013.jpg,Unconfirmed,100,0.000,0.000,0.000,0.000,33.000,0.000,0.000,0.000,13.000,3.000,6.000,14.000,0.000,3.000,1.000,2.000,0.000,0.000,25.000
4991609,AP161015.jpg,Unconfirmed,100,0.000,0.000,0.000,5.000,80.000,0.000,0.000,0.000,0.000,0.000,0.000,0.000,0.000,1.000,0.000,0.000,0.000,0.000,14.000
4991608,AP161016.jpg,Unconfirmed,100,0.000,0.000,0.000,41.000,20.000,0.000,0.000,0.000,18.000,0.000,0.000,0.000,0.000,6.000,0.000,9.000,0.000,0.000,6.000
4991607,AP161017.jpg,Unconfirmed,100,0.000,0.000,1.000,22.000,28.000,0.000,0.000,0.000,1.000,0.000,1.000,0.000,0.000,0.000,0.000,13.000,0.000,0.000,34.000
4991606,AP161018.jpg,Unconfirmed,100,0.000,0.000,0.000,27.000,39.000,0.000,0.000,0.000,2.000,0.000,0.000,0.000,0.000,1.000,0.000,2.000,0.000,0.000,29.000
4991605,AP161019.jpg,Unconfirmed,100,0.000,0.000,0.000,12.000,13.000,0.000,0.000,0.000,6.000,0.000,0.000,0.000,0.000,0.000,2.000,9.000,0.000,0.000,58.000
4991604,AP161020.jpg,Unconfirmed,100,0.000,0.000,0.000,48.000,9.000,0.000,0.000,0.000,1.000,0.000,0.000,0.000,0.000,3.000,0.000,0.000,0.000,0.000,39.000
4991603,AP161021.jpg,Unconfirmed,100,0.000,0.000,0.000,3.000,39.000,0.000,0.000,0.000,5.000,0.000,0.000,0.000,0.000,0.000,3.000,0.000,0.000,0.000,50.000
4991602,AP161022.jpg,Unconfirmed,100,0.000,0.000,0.000,0.000,29.000,0.000,0.000,0.000,2.000,0.000,5.000,0.000,0.000,1.000,9.000,0.000,0.000,0.000,54.000
4991601,AP161023.jpg,Unconfirmed,100,0.000,0.000,0.000,0.000,2.000,0.000,0.000,0.000,0.000,0.000,0.000,0.000,0.000,0.000,9.000,0.000,0.000,0.000,89.000
4991600,AP161024.jpg,Unconfirmed,100,0.000,0.000,0.000,10.000,9.000,0.000,0.000,0.000,7.000,0.000,0.000,1.000,0.000,0.000,0.000,13.000,0.000,0.000,60.000
4991599,AP161025.jpg,Unconfirmed,100,0.000,0.000,0.000,14.000,17.000,0.000,0.000,0.000,18.000,0.000,1.000,0.000,0.000,23.000,2.000,10.000,0.000,0.000,15.000
4991597,AP161026.jpg,Unconfirmed,100,0.000,0.000,0.000,0.000,34.000,0.000,0.000,0.000,2.000,0.000,2.000,1.000,0.000,0.000,0.000,3.000,0.000,0.000,58.000
4991598,AP161027.jpg,Unconfirmed,100,0.000,0.000,0.000,0.000,11.000,0.000,0.000,0.000,3.000,0.000,10.000,3.000,0.000,1.000,7.000,3.000,0.000,0.000,62.000
4991596,AP161028.jpg,Unconfirmed,100,0.000,0.000,0.000,16.000,16.000,0.000,0.000,0.000,3.000,0.000,3.000,0.000,0.000,5.000,17.000,4.000,0.000,0.000,36.000
4991594,AP161029.jpg,Unconfirmed,100,0.000,0.000,0.000,0.000,41.000,0.000,0.000,0.000,0.000,0.000,0.000,0.000,0.000,0.000,0.000,0.000,0.000,0.000,59.000
4991595,AP161030.jpg,Unconfirmed,100,0.000,0.000,0.000,11.000,55.000,0.000,0.000,0.000,0.000,0.000,1.000,0.000,0.000,1.000,0.000,0.000,0.000,0.000,32.000
4991593,AP161031.jpg,Unconfirmed,100,0.000,0.000,0.000,20.000,15.000,0.000,0.000,0.000,0.000,0.000,0.000,0.000,0.000,0.000,0.000,1.000,0.000,0.000,64.000
4991591,AP161032.jpg,Unconfirmed,100,0.000,0.000,0.000,6.000,44.000,0.000,0.000,0.000,2.000,0.000,0.000,0.000,0.000,0.000,0.000,0.000,0.000,0.000,48.000
4991592,AP161033.jpg,Unconfirmed,100,0.000,0.000,0.000,8.000,63.000,0.000,0.000,0.000,3.000,0.000,0.000,0.000,0.000,0.000,0.000,0.000,0.000,0.000,26.000
4991590,AP161034.jpg,Unconfirmed,100,0.000,0.000,0.000,1.000,33.000,0.000,0.000,0.000,0.000,0.000,0.000,0.000,0.000,0.000,0.000,1.000,0.000,0.000,65.000
4991589,AP161035.jpg,Unconfirmed,100,0.000,0.000,0.000,0.000,18.000,0.000,0.000,0.000,1.000,0.000,1.000,0.000,0.000,0.000,0.000,4.000,0.000,0.000,76.000
4991588,AP161036.jpg,Unconfirmed,100,0.000,0.000,0.000,10.000,2.000,0.000,0.000,0.000,11.000,0.000,0.000,0.000,0.000,2.000,0.000,0.000,0.000,0.000,75.000
4991587,AP161037.jpg,Unconfirmed,100,0.000,0.000,0.000,0.000,22.000,0.000,0.000,0.000,8.000,0.000,13.000,0.000,0.000,0.000,6.000,9.000,0.000,0.000,42.000
4991586,AP161038.jpg,Unconfirmed,100,0.000,0.000,0.000,0.000,2.000,0.000,0.000,0.000,6.000,0.000,10.000,0.000,0.000,2.000,59.000,6.000,0.000,0.000,15.000
4991585,AP161039.jpg,Unconfirmed,100,0.000,0.000,0.000,25.000,37.000,0.000,0.000,0.000,3.000,0.000,0.000,0.000,0.000,0.000,1.000,0.000,0.000,0.000,34.000
4991584,AP161040.jpg,Unconfirmed,100,0.000,0.000,0.000,27.000,29.000,0.000,0.000,0.000,2.000,0.000,0.000,0.000,0.000,1.000,1.000,0.000,0.000,0.000,40.000
4991583,AP161041.jpg,Unconfirmed,100,0.000,0.000,0.000,6.000,16.000,0.000,0.000,0.000,23.000,0.000,1.000,0.000,0.000,2.000,3.000,4.000,0.000,0.000,45.000
4991582,AP161042.jpg,Unconfirmed,100,0.000,0.000,0.000,14.000,62.000,0.000,0.000,0.000,2.000,0.000,0.000,0.000,0.000,2.000,3.000,7.000,0.000,0.000,10.000
4991581,AP161043.jpg,Unconfirmed,100,0.000,0.000,0.000,5.000,17.000,0.000,0.000,0.000,25.000,0.000,0.000,0.000,0.000,0.000,0.000,29.000,0.000,0.000,24.000
4991580,AP161044.jpg,Unconfirmed,100,0.000,0.000,0.000,3.000,34.000,0.000,0.000,0.000,1.000,0.000,0.000,0.000,0.000,0.000,1.000,0.000,0.000,0.000,61.000
4991579,AP161045.jpg,Unconfirmed,100,0.000,0.000,0.000,4.000,76.000,0.000,0.000,0.000,1.000,0.000,2.000,0.000,0.000,0.000,0.000,1.000,0.000,0.000,16.000
4991578,AP161046.jpg,Unconfirmed,100,0.000,0.000,0.000,0.000,38.000,0.000,0.000,0.000,0.000,0.000,4.000,0.000,0.000,1.000,13.000,0.000,0.000,0.000,44.000
4991576,AP161047.jpg,Unconfirmed,100,0.000,0.000,0.000,0.000,12.000,0.000,0.000,0.000,0.000,0.000,22.000,0.000,0.000,1.000,29.000,0.000,0.000,0.000,36.000
4991577,AP161048.jpg,Unconfirmed,100,0.000,0.000,0.000,24.000,21.000,0.000,0.000,0.000,4.000,0.000,0.000,0.000,0.000,0.000,0.000,0.000,0.000,0.000,51.000
4991575,AP161049.jpg,Unconfirmed,100,0.000,0.000,0.000,1.000,4.000,0.000,0.000,0.000,10.000,0.000,0.000,0.000,0.000,38.000,16.000,0.000,0.000,0.000,31.000
4991574,AP161050.jpg,Unconfirmed,100,0.000,0.000,0.000,0.000,22.000,0.000,0.000,0.000,6.000,0.000,3.000,1.000,0.000,2.000,1.000,7.000,0.000,0.000,58.000
4991573,AP161051.jpg,Unconfirmed,100,0.000,0.000,0.000,0.000,8.000,0.000,0.000,0.000,15.000,0.000,2.000,2.000,0.000,4.000,2.000,1.000,0.000,0.000,66.000
4991572,AP161052.jpg,Unconfirmed,100,0.000,0.000,0.000,0.000,53.000,0.000,0.000,0.000,29.000,0.000,0.000,7.000,0.000,0.000,0.000,0.000,0.000,0.000,11.000
4991571,AP161053.jpg,Unconfirmed,100,0.000,0.000,0.000,18.000,18.000,0.000,0.000,0.000,17.000,0.000,1.000,0.000,0.000,3.000,0.000,0.000,0.000,0.000,43.000
4991570,AP161054.jpg,Unconfirmed,100,0.000,0.000,0.000,0.000,11.000,0.000,0.000,0.000,30.000,0.000,0.000,1.000,0.000,14.000,5.000,0.000,0.000,0.000,39.000
4991569,AP161055.jpg,Unconfirmed,100,0.000,0.000,0.000,0.000,36.000,0.000,0.000,0.000,17.000,0.000,2.000,11.000,0.000,4.000,2.000,2.000,0.000,0.000,26.000
4991568,AP161056.jpg,Unconfirmed,100,0.000,0.000,0.000,5.000,41.000,0.000,0.000,0.000,16.000,0.000,5.000,3.000,0.000,4.000,0.000,1.000,0.000,0.000,25.000
4991567,AP161057.jpg,Unconfirmed,100,0.000,0.000,0.000,12.000,23.000,0.000,0.000,0.000,26.000,0.000,0.000,6.000,0.000,6.000,1.000,0.000,0.000,0.000,26.000
4991566,AP161058.jpg,Unconfirmed,100,0.000,0.000,0.000,9.000,37.000,0.000,0.000,0.000,4.000,0.000,0.000,0.000,0.000,0.000,4.000,0.000,0.000,0.000,46.000
4991565,AP161059.jpg,Unconfirmed,100,0.000,0.000,0.000,2.000,32.000,0.000,0.000,0.000,0.000,0.000,5.000,0.000,0.000,6.000,8.000,6.000,0.000,0.000,41.000
4991564,AP161060.jpg,Unconfirmed,100,0.000,0.000,0.000,1.000,38.000,0.000,0.000,0.000,12.000,0.000,2.000,5.000,0.000,0.000,1.000,12.000,0.000,0.000,29.000
4991563,AP161061.jpg,Unconfirmed,100,0.000,0.000,1.000,11.000,58.000,0.000,0.000,0.000,0.000,0.000,4.000,2.000,0.000,2.000,1.000,8.000,0.000,0.000,13.000
4991562,AP161062.jpg,Unconfirmed,100,0.000,0.000,0.000,0.000,11.000,0.000,0.000,0.000,4.000,0.000,9.000,0.000,0.000,1.000,11.000,0.000,0.000,0.000,64.000
4991561,AP161063.jpg,Unconfirmed,100,0.000,0.000,0.000,7.000,53.000,0.000,0.000,0.000,1.000,0.000,1.000,0.000,0.000,0.000,0.000,6.000,0.000,0.000,32.000
4991560,AP161064.jpg,Unconfirmed,100,0.000,0.000,0.000,0.000,4.000,0.000,0.000,0.000,4.000,0.000,14.000,0.000,0.000,0.000,15.000,0.000,0.000,0.000,63.000
4991558,AP161065.jpg,Unconfirmed,100,0.000,0.000,0.000,0.000,1.000,0.000,0.000,0.000,9.000,0.000,41.000,0.000,0.000,13.000,16.000,0.000,0.000,0.000,20.000
4991559,AP161066.jpg,Unconfirmed,100,0.000,0.000,0.000,0.000,27.000,0.000,0.000,0.000,5.000,0.000,2.000,1.000,0.000,0.000,0.000,4.000,0.000,0.000,61.000
4991557,AP161068.jpg,Unconfirmed,100,0.000,0.000,0.000,24.000,9.000,3.000,0.000,0.000,31.000,0.000,2.000,0.000,0.000,31.000,0.000,0.000,0.000,0.000,0.000
4991556,AP161069.jpg,Unconfirmed,100,0.000,0.000,0.000,70.000,0.000,0.000,0.000,0.000,22.000,0.000,0.000,0.000,0.000,8.000,0.000,0.000,0.000,0.000,0.000
4991555,AP161070.jpg,Unconfirmed,100,0.000,0.000,0.000,79.000,8.000,0.000,0.000,0.000,11.000,0.000,0.000,0.000,0.000,2.000,0.000,0.000,0.000,0.000,0.000
4991554,AP161071.jpg,Unconfirmed,100,0.000,0.000,0.000,63.000,2.000,0.000,0.000,0.000,16.000,0.000,0.000,0.000,0.000,13.000,0.000,0.000,0.000,0.000,6.000
4991553,AP161072.jpg,Unconfirmed,100,0.000,0.000,0.000,71.000,7.000,0.000,0.000,0.000,4.000,0.000,0.000,0.000,0.000,0.000,0.000,0.000,0.000,0.000,18.000
4991551,AP161073.jpg,Unconfirmed,100,0.000,0.000,0.000,28.000,18.000,0.000,0.000,0.000,6.000,0.000,0.000,0.000,0.000,5.000,0.000,0.000,0.000,0.000,43.000
4991552,AP161074.jpg,Unconfirmed,100,0.000,0.000,0.000,27.000,40.000,0.000,0.000,0.000,6.000,0.000,1.000,0.000,0.000,1.000,0.000,0.000,0.000,0.000,25.000
4991550,AP161075.jpg,Unconfirmed,100,0.000,0.000,0.000,36.000,10.000,0.000,0.000,0.000,24.000,0.000,0.000,0.000,0.000,15.000,0.000,0.000,0.000,0.000,15.000
4991549,AP161076.jpg,Unconfirmed,100,0.000,0.000,0.000,85.000,3.000,0.000,0.000,0.000,3.000,0.000,0.000,0.000,0.000,9.000,0.000,0.000,0.000,0.000,0.000
4991548,AP161077.jpg,Unconfirmed,100,0.000,0.000,0.000,62.000,4.000,0.000,0.000,0.000,30.000,0.000,0.000,0.000,0.000,4.000,0.000,0.000,0.000,0.000,0.000
4991547,AP161078.jpg,Unconfirmed,100,0.000,0.000,0.000,26.000,18.000,0.000,0.000,0.000,22.000,0.000,0.000,0.000,0.000,1.000,0.000,0.000,0.000,0.000,33.000
4991546,AP161079.jpg,Unconfirmed,100,0.000,0.000,0.000,6.000,31.000,0.000,0.000,0.000,11.000,0.000,1.000,0.000,0.000,43.000,2.000,0.000,0.000,0.000,6.000
4991545,AP161080.jpg,Unconfirmed,100,0.000,0.000,0.000,39.000,0.000,0.000,0.000,0.000,55.000,0.000,0.000,0.000,0.000,5.000,0.000,0.000,0.000,0.000,1.000
4991544,AP161081.jpg,Unconfirmed,100,0.000,0.000,0.000,40.000,10.000,0.000,0.000,0.000,4.000,0.000,0.000,0.000,0.000,46.000,0.000,0.000,0.000,0.000,0.000
4991543,AP161082.jpg,Unconfirmed,100,0.000,0.000,0.000,30.000,0.000,0.000,0.000,0.000,65.000,0.000,0.000,0.000,0.000,5.000,0.000,0.000,0.000,0.000,0.000
4991542,AP161083.jpg,Unconfirmed,100,0.000,0.000,0.000,61.000,1.000,0.000,0.000,0.000,30.000,0.000,0.000,0.000,0.000,8.000,0.000,0.000,0.000,0.000,0.000
4991541,AP161084.jpg,Unconfirmed,100,0.000,0.000,0.000,72.000,1.000,0.000,0.000,0.000,14.000,0.000,0.000,0.000,0.000,13.000,0.000,0.000,0.000,0.000,0.000
4991540,AP161085.jpg,Unconfirmed,100,0.000,0.000,0.000,66.000,0.000,0.000,0.000,0.000,32.000,0.000,0.000,0.000,0.000,2.000,0.000,0.000,0.000,0.000,0.000
4991539,AP161086.jpg,Unconfirmed,100,0.000,0.000,0.000,9.000,13.000,0.000,0.000,0.000,49.000,0.000,0.000,0.000,0.000,7.000,0.000,0.000,0.000,0.000,22.000
4991538,AP161087.jpg,Unconfirmed,100,0.000,0.000,0.000,50.000,3.000,0.000,0.000,0.000,33.000,0.000,0.000,0.000,0.000,9.000,0.000,0.000,0.000,0.000,5.000
4991537,AP161088.jpg,Unconfirmed,100,0.000,0.000,0.000,28.000,6.000,0.000,0.000,0.000,51.000,0.000,0.000,0.000,0.000,2.000,0.000,0.000,0.000,0.000,13.000
4991536,AP161089.jpg,Unconfirmed,100,0.000,0.000,0.000,62.000,3.000,0.000,0.000,0.000,30.000,0.000,0.000,0.000,0.000,5.000,0.000,0.000,0.000,0.000,0.000
4991535,AP161090.jpg,Unconfirmed,100,0.000,0.000,0.000,30.000,2.000,0.000,0.000,0.000,62.000,0.000,0.000,0.000,0.000,6.000,0.000,0.000,0.000,0.000,0.000
4991534,AP161091.jpg,Unconfirmed,100,0.000,0.000,0.000,20.000,1.000,0.000,0.000,0.000,67.000,0.000,0.000,0.000,0.000,12.000,0.000,0.000,0.000,0.000,0.000
4991533,AP161092.jpg,Unconfirmed,100,0.000,0.000,0.000,13.000,2.000,0.000,0.000,0.000,60.000,0.000,0.000,0.000,0.000,25.000,0.000,0.000,0.000,0.000,0.000
4991532,AP161093.jpg,Unconfirmed,100,0.000,0.000,0.000,55.000,14.000,0.000,0.000,0.000,5.000,0.000,1.000,0.000,0.000,19.000,0.000,0.000,0.000,0.000,6.000
4991531,AP161094.jpg,Unconfirmed,100,0.000,0.000,0.000,31.000,14.000,1.000,0.000,0.000,5.000,0.000,0.000,0.000,0.000,48.000,1.000,0.000,0.000,0.000,0.000
4991530,AP161095.jpg,Unconfirmed,100,0.000,0.000,0.000,36.000,6.000,0.000,0.000,0.000,33.000,0.000,0.000,0.000,0.000,23.000,0.000,0.000,0.000,0.000,2.000
4991528,AP161096.jpg,Unconfirmed,100,0.000,0.000,0.000,18.000,3.000,1.000,0.000,0.000,59.000,0.000,0.000,0.000,0.000,12.000,0.000,0.000,0.000,0.000,7.000
4991529,AP161097.jpg,Unconfirmed,100,0.000,0.000,0.000,10.000,2.000,0.000,0.000,0.000,82.000,0.000,0.000,0.000,0.000,6.000,0.000,0.000,0.000,0.000,0.000
4991527,AP161098.jpg,Unconfirmed,100,0.000,0.000,0.000,2.000,9.000,0.000,0.000,0.000,57.000,0.000,0.000,0.000,0.000,13.000,2.000,1.000,0.000,0.000,16.000
4991525,AP161099.jpg,Unconfirmed,100,0.000,0.000,0.000,43.000,6.000,0.000,0.000,0.000,42.000,0.000,0.000,0.000,0.000,7.000,0.000,0.000,0.000,0.000,2.000
4991526,AP161100.jpg,Unconfirmed,100,0.000,0.000,0.000,55.000,8.000,2.000,0.000,0.000,17.000,0.000,0.000,0.000,0.000,18.000,0.000,0.000,0.000,0.000,0.000
4991524,AP161101.jpg,Unconfirmed,100,0.000,0.000,0.000,49.000,0.000,3.000,0.000,0.000,21.000,0.000,0.000,0.000,0.000,27.000,0.000,0.000,0.000,0.000,0.000
4991522,AP161102.jpg,Unconfirmed,100,0.000,0.000,0.000,73.000,2.000,0.000,0.000,0.000,2.000,0.000,0.000,0.000,0.000,23.000,0.000,0.000,0.000,0.000,0.000
4991523,AP161103.jpg,Unconfirmed,100,0.000,0.000,0.000,69.000,0.000,0.000,0.000,0.000,2.000,0.000,0.000,0.000,0.000,29.000,0.000,0.000,0.000,0.000,0.000
4991521,AP161104.jpg,Unconfirmed,100,0.000,0.000,0.000,15.000,0.000,0.000,0.000,0.000,35.000,0.000,0.000,0.000,0.000,47.000,0.000,0.000,0.000,0.000,3.000
4991520,AP161105.jpg,Unconfirmed,100,0.000,0.000,0.000,14.000,2.000,0.000,0.000,0.000,30.000,0.000,0.000,0.000,0.000,54.000,0.000,0.000,0.000,0.000,0.000
4991519,AP161106.jpg,Unconfirmed,100,0.000,0.000,0.000,6.000,8.000,0.000,0.000,0.000,43.000,0.000,0.000,0.000,0.000,43.000,0.000,0.000,0.000,0.000,0.000
4991518,AP161107.jpg,Unconfirmed,100,0.000,0.000,0.000,58.000,0.000,0.000,0.000,0.000,9.000,0.000,0.000,0.000,0.000,33.000,0.000,0.000,0.000,0.000,0.000
4991517,AP161108.jpg,Unconfirmed,100,0.000,0.000,0.000,87.000,0.000,0.000,0.000,0.000,3.000,0.000,0.000,0.000,0.000,10.000,0.000,0.000,0.000,0.000,0.000
4991516,AP161109.jpg,Unconfirmed,100,0.000,0.000,0.000,51.000,0.000,0.000,0.000,0.000,37.000,0.000,0.000,0.000,0.000,12.000,0.000,0.000,0.000,0.000,0.000
4991515,AP161110.jpg,Unconfirmed,100,0.000,0.000,0.000,81.000,1.000,0.000,0.000,0.000,9.000,0.000,0.000,0.000,0.000,9.000,0.000,0.000,0.000,0.000,0.000
4991514,AP161112.jpg,Unconfirmed,100,0.000,0.000,0.000,29.000,0.000,0.000,0.000,0.000,57.000,0.000,0.000,0.000,0.000,14.000,0.000,0.000,0.000,0.000,0.000
4991513,AP161113.jpg,Unconfirmed,100,0.000,0.000,0.000,31.000,17.000,0.000,0.000,0.000,35.000,0.000,0.000,0.000,0.000,17.000,0.000,0.000,0.000,0.000,0.000
4991512,AP161114.jpg,Unconfirmed,100,0.000,0.000,0.000,52.000,6.000,0.000,0.000,0.000,14.000,0.000,0.000,0.000,0.000,28.000,0.000,0.000,0.000,0.000,0.000
4991511,AP161115.jpg,Unconfirmed,100,0.000,0.000,0.000,54.000,0.000,0.000,0.000,0.000,18.000,0.000,0.000,0.000,0.000,28.000,0.000,0.000,0.000,0.000,0.000
4991510,AP161116.jpg,Unconfirmed,100,0.000,0.000,0.000,17.000,4.000,0.000,0.000,0.000,57.000,0.000,0.000,0.000,0.000,2.000,0.000,0.000,0.000,0.000,20.000
4991509,AP161117.jpg,Unconfirmed,100,0.000,0.000,0.000,35.000,0.000,0.000,0.000,0.000,30.000,0.000,0.000,0.000,0.000,35.000,0.000,0.000,0.000,0.000,0.000
4991508,AP161118.jpg,Unconfirmed,100,0.000,0.000,0.000,15.000,2.000,1.000,0.000,0.000,36.000,0.000,0.000,0.000,0.000,46.000,0.000,0.000,0.000,0.000,0.000
4991507,AP161119.jpg,Unconfirmed,100,0.000,0.000,0.000,70.000,1.000,0.000,0.000,0.000,21.000,0.000,0.000,0.000,0.000,8.000,0.000,0.000,0.000,0.000,0.000
4993602,AP180001.jpg,Unconfirmed,100,0.000,0.000,0.000,0.000,0.000,0.000,0.000,0.000,82.000,0.000,4.000,0.000,0.000,14.000,0.000,0.000,0.000,0.000,0.000
4993603,AP180002.jpg,Unconfirmed,100,0.000,0.000,0.000,62.000,0.000,0.000,0.000,0.000,31.000,0.000,0.000,0.000,0.000,6.000,1.000,0.000,0.000,0.000,0.000
4993601,AP180003.jpg,Unconfirmed,100,0.000,0.000,0.000,19.000,0.000,0.000,0.000,0.000,69.000,0.000,12.000,0.000,0.000,0.000,0.000,0.000,0.000,0.000,0.000
4993600,AP180004.jpg,Unconfirmed,100,0.000,0.000,0.000,35.000,0.000,0.000,0.000,0.000,2.000,0.000,0.000,0.000,0.000,7.000,55.000,0.000,0.000,0.000,1.000
4993599,AP180005.jpg,Unconfirmed,100,0.000,0.000,0.000,96.000,0.000,0.000,0.000,0.000,2.000,0.000,0.000,0.000,0.000,2.000,0.000,0.000,0.000,0.000,0.000
4993598,AP180006.jpg,Unconfirmed,100,0.000,0.000,0.000,99.000,0.000,0.000,0.000,0.000,0.000,0.000,0.000,0.000,0.000,1.000,0.000,0.000,0.000,0.000,0.000
4993597,AP180007.jpg,Unconfirmed,100,0.000,0.000,0.000,75.000,0.000,0.000,0.000,0.000,0.000,0.000,1.000,0.000,0.000,2.000,22.000,0.000,0.000,0.000,0.000
4993596,AP180008.jpg,Unconfirmed,100,0.000,0.000,0.000,55.000,0.000,0.000,0.000,0.000,43.000,0.000,0.000,0.000,0.000,2.000,0.000,0.000,0.000,0.000,0.000
4993595,AP180009.jpg,Unconfirmed,100,0.000,0.000,0.000,13.000,5.000,0.000,0.000,0.000,32.000,0.000,4.000,0.000,0.000,6.000,40.000,0.000,0.000,0.000,0.000
4993594,AP180010.jpg,Unconfirmed,100,0.000,0.000,0.000,74.000,0.000,0.000,0.000,0.000,25.000,0.000,0.000,0.000,0.000,1.000,0.000,0.000,0.000,0.000,0.000
4993592,AP180011.jpg,Unconfirmed,100,0.000,0.000,0.000,95.000,0.000,0.000,0.000,0.000,5.000,0.000,0.000,0.000,0.000,0.000,0.000,0.000,0.000,0.000,0.000
4993593,AP180012.jpg,Unconfirmed,100,0.000,0.000,0.000,75.000,0.000,0.000,0.000,0.000,11.000,0.000,0.000,0.000,0.000,1.000,13.000,0.000,0.000,0.000,0.000
4993591,AP180013.jpg,Unconfirmed,100,0.000,0.000,0.000,100.000,0.000,0.000,0.000,0.000,0.000,0.000,0.000,0.000,0.000,0.000,0.000,0.000,0.000,0.000,0.000
4993590,AP180014.jpg,Unconfirmed,100,0.000,0.000,0.000,100.000,0.000,0.000,0.000,0.000,0.000,0.000,0.000,0.000,0.000,0.000,0.000,0.000,0.000,0.000,0.000
4993589,AP180015.jpg,Unconfirmed,100,0.000,0.000,0.000,31.000,0.000,0.000,0.000,0.000,69.000,0.000,0.000,0.000,0.000,0.000,0.000,0.000,0.000,0.000,0.000
4993588,AP180016.jpg,Unconfirmed,100,0.000,0.000,0.000,98.000,0.000,0.000,0.000,0.000,2.000,0.000,0.000,0.000,0.000,0.000,0.000,0.000,0.000,0.000,0.000
4993587,AP180017.jpg,Unconfirmed,100,0.000,0.000,0.000,61.000,0.000,0.000,0.000,0.000,7.000,0.000,0.000,0.000,0.000,6.000,26.000,0.000,0.000,0.000,0.000
4993586,AP180018.jpg,Unconfirmed,100,0.000,0.000,0.000,91.000,5.000,0.000,0.000,0.000,3.000,0.000,0.000,0.000,0.000,0.000,1.000,0.000,0.000,0.000,0.000
4993585,AP180019.jpg,Unconfirmed,100,0.000,0.000,0.000,15.000,0.000,0.000,0.000,0.000,52.000,0.000,2.000,0.000,0.000,16.000,15.000,0.000,0.000,0.000,0.000
4993584,AP180020.jpg,Unconfirmed,100,0.000,0.000,0.000,100.000,0.000,0.000,0.000,0.000,0.000,0.000,0.000,0.000,0.000,0.000,0.000,0.000,0.000,0.000,0.000
4993583,AP180021.jpg,Unconfirmed,100,0.000,0.000,0.000,86.000,0.000,0.000,0.000,0.000,14.000,0.000,0.000,0.000,0.000,0.000,0.000,0.000,0.000,0.000,0.000
4993582,AP180022.jpg,Unconfirmed,100,0.000,0.000,0.000,58.000,0.000,0.000,0.000,0.000,41.000,0.000,1.000,0.000,0.000,0.000,0.000,0.000,0.000,0.000,0.000
4993581,AP180023.jpg,Unconfirmed,100,0.000,0.000,0.000,20.000,0.000,0.000,0.000,0.000,36.000,0.000,2.000,0.000,0.000,17.000,24.000,0.000,0.000,0.000,1.000
4993580,AP180024.jpg,Unconfirmed,100,0.000,0.000,0.000,100.000,0.000,0.000,0.000,0.000,0.000,0.000,0.000,0.000,0.000,0.000,0.000,0.000,0.000,0.000,0.000
4993579,AP180025.jpg,Unconfirmed,100,0.000,0.000,0.000,100.000,0.000,0.000,0.000,0.000,0.000,0.000,0.000,0.000,0.000,0.000,0.000,0.000,0.000,0.000,0.000
4993578,AP180026.jpg,Unconfirmed,100,0.000,0.000,0.000,85.000,14.000,0.000,0.000,0.000,1.000,0.000,0.000,0.000,0.000,0.000,0.000,0.000,0.000,0.000,0.000
4993576,AP180027.jpg,Unconfirmed,100,0.000,0.000,0.000,99.000,0.000,0.000,0.000,0.000,0.000,0.000,1.000,0.000,0.000,0.000,0.000,0.000,0.000,0.000,0.000
4993577,AP180028.jpg,Unconfirmed,100,0.000,0.000,0.000,83.000,17.000,0.000,0.000,0.000,0.000,0.000,0.000,0.000,0.000,0.000,0.000,0.000,0.000,0.000,0.000
4993575,AP180029.jpg,Unconfirmed,100,0.000,0.000,0.000,91.000,2.000,0.000,0.000,0.000,1.000,0.000,1.000,0.000,0.000,0.000,0.000,0.000,0.000,0.000,5.000
4993574,AP180030.jpg,Unconfirmed,100,0.000,0.000,0.000,93.000,4.000,0.000,0.000,0.000,1.000,0.000,0.000,0.000,0.000,2.000,0.000,0.000,0.000,0.000,0.000
4993573,AP180031.jpg,Unconfirmed,100,0.000,0.000,0.000,93.000,3.000,0.000,0.000,0.000,2.000,0.000,0.000,0.000,0.000,1.000,0.000,0.000,0.000,0.000,1.000
4993572,AP180032.jpg,Unconfirmed,100,0.000,0.000,0.000,41.000,0.000,0.000,0.000,0.000,49.000,0.000,0.000,0.000,0.000,10.000,0.000,0.000,0.000,0.000,0.000
4993571,AP180033.jpg,Unconfirmed,100,0.000,0.000,0.000,93.000,0.000,0.000,0.000,0.000,0.000,0.000,0.000,0.000,0.000,5.000,1.000,0.000,0.000,0.000,1.000
4993570,AP180034.jpg,Unconfirmed,100,0.000,0.000,0.000,97.000,0.000,0.000,0.000,0.000,1.000,0.000,0.000,0.000,0.000,1.000,1.000,0.000,0.000,0.000,0.000
4993569,AP180035.jpg,Unconfirmed,100,0.000,0.000,0.000,61.000,2.000,0.000,0.000,0.000,2.000,0.000,0.000,0.000,0.000,0.000,0.000,0.000,0.000,0.000,35.000
4993568,AP180036.jpg,Unconfirmed,100,0.000,0.000,0.000,100.000,0.000,0.000,0.000,0.000,0.000,0.000,0.000,0.000,0.000,0.000,0.000,0.000,0.000,0.000,0.000
4993567,AP180037.jpg,Unconfirmed,100,0.000,0.000,0.000,100.000,0.000,0.000,0.000,0.000,0.000,0.000,0.000,0.000,0.000,0.000,0.000,0.000,0.000,0.000,0.000
4993566,AP180038.jpg,Unconfirmed,100,0.000,0.000,0.000,82.000,0.000,0.000,0.000,0.000,10.000,0.000,3.000,0.000,0.000,5.000,0.000,0.000,0.000,0.000,0.000
4993565,AP180039.jpg,Unconfirmed,100,0.000,0.000,0.000,96.000,0.000,0.000,0.000,0.000,2.000,0.000,1.000,0.000,0.000,0.000,1.000,0.000,0.000,0.000,0.000
4993564,AP180040.jpg,Unconfirmed,100,0.000,0.000,0.000,67.000,0.000,0.000,0.000,0.000,21.000,0.000,2.000,0.000,0.000,10.000,0.000,0.000,0.000,0.000,0.000
4993563,AP180041.jpg,Unconfirmed,100,0.000,0.000,0.000,100.000,0.000,0.000,0.000,0.000,0.000,0.000,0.000,0.000,0.000,0.000,0.000,0.000,0.000,0.000,0.000
4993562,AP180042.jpg,Unconfirmed,100,0.000,0.000,0.000,99.000,0.000,0.000,0.000,0.000,0.000,0.000,0.000,0.000,0.000,1.000,0.000,0.000,0.000,0.000,0.000
4993561,AP180043.jpg,Unconfirmed,100,0.000,0.000,0.000,97.000,1.000,0.000,0.000,0.000,0.000,0.000,1.000,0.000,0.000,1.000,0.000,0.000,0.000,0.000,0.000
4993560,AP180044.jpg,Unconfirmed,100,0.000,0.000,0.000,33.000,0.000,0.000,0.000,0.000,49.000,0.000,4.000,0.000,0.000,2.000,12.000,0.000,0.000,0.000,0.000
4993559,AP180045.jpg,Unconfirmed,100,0.000,0.000,0.000,44.000,0.000,0.000,0.000,0.000,39.000,0.000,1.000,0.000,0.000,16.000,0.000,0.000,0.000,0.000,0.000
4993558,AP180046.jpg,Unconfirmed,100,0.000,0.000,0.000,59.000,0.000,0.000,0.000,0.000,39.000,0.000,1.000,0.000,0.000,1.000,0.000,0.000,0.000,0.000,0.000
4993557,AP180047.jpg,Unconfirmed,100,0.000,0.000,0.000,100.000,0.000,0.000,0.000,0.000,0.000,0.000,0.000,0.000,0.000,0.000,0.000,0.000,0.000,0.000,0.000
4993556,AP180048.jpg,Unconfirmed,100,0.000,0.000,0.000,100.000,0.000,0.000,0.000,0.000,0.000,0.000,0.000,0.000,0.000,0.000,0.000,0.000,0.000,0.000,0.000
4993555,AP180049.jpg,Unconfirmed,100,0.000,0.000,0.000,88.000,0.000,0.000,0.000,0.000,8.000,0.000,0.000,0.000,0.000,2.000,2.000,0.000,0.000,0.000,0.000
4993554,AP180050.jpg,Unconfirmed,100,0.000,0.000,0.000,78.000,1.000,0.000,0.000,0.000,16.000,0.000,1.000,0.000,0.000,2.000,2.000,0.000,0.000,0.000,0.000
4993553,AP180051.jpg,Unconfirmed,100,0.000,0.000,0.000,24.000,6.000,0.000,0.000,0.000,32.000,0.000,6.000,0.000,0.000,13.000,19.000,0.000,0.000,0.000,0.000
4993552,AP180052.jpg,Unconfirmed,100,0.000,0.000,0.000,35.000,0.000,0.000,0.000,0.000,57.000,0.000,5.000,0.000,0.000,2.000,1.000,0.000,0.000,0.000,0.000
4993551,AP180053.jpg,Unconfirmed,100,0.000,0.000,0.000,34.000,0.000,0.000,0.000,0.000,65.000,0.000,0.000,0.000,0.000,1.000,0.000,0.000,0.000,0.000,0.000
4993550,AP180054.jpg,Unconfirmed,100,0.000,0.000,0.000,64.000,0.000,0.000,0.000,0.000,33.000,0.000,0.000,0.000,0.000,3.000,0.000,0.000,0.000,0.000,0.000
4993549,AP180056.jpg,Unconfirmed,100,0.000,0.000,0.000,0.000,5.000,0.000,0.000,0.000,3.000,0.000,69.000,0.000,0.000,1.000,0.000,0.000,0.000,0.000,22.000
4993548,AP180057.jpg,Unconfirmed,100,0.000,0.000,0.000,0.000,13.000,0.000,0.000,0.000,21.000,1.000,45.000,0.000,0.000,2.000,7.000,0.000,0.000,0.000,11.000
4993547,AP180058.jpg,Unconfirmed,100,0.000,0.000,0.000,0.000,31.000,0.000,0.000,0.000,20.000,4.000,6.000,0.000,0.000,8.000,5.000,3.000,0.000,0.000,23.000
4993546,AP180059.jpg,Unconfirmed,100,0.000,0.000,0.000,0.000,36.000,0.000,0.000,0.000,4.000,0.000,27.000,0.000,0.000,0.000,7.000,3.000,0.000,0.000,23.000
4993545,AP180060.jpg,Unconfirmed,100,0.000,0.000,0.000,0.000,29.000,0.000,0.000,0.000,6.000,0.000,38.000,0.000,0.000,0.000,2.000,0.000,0.000,0.000,25.000
4993544,AP180061.jpg,Unconfirmed,100,0.000,0.000,0.000,0.000,33.000,0.000,0.000,0.000,7.000,0.000,25.000,0.000,0.000,0.000,19.000,3.000,0.000,0.000,13.000
4993542,AP180062.jpg,Unconfirmed,100,0.000,0.000,0.000,15.000,4.000,0.000,0.000,0.000,5.000,0.000,62.000,0.000,0.000,2.000,2.000,0.000,0.000,0.000,10.000
4993543,AP180063.jpg,Unconfirmed,100,0.000,0.000,0.000,3.000,13.000,0.000,0.000,0.000,4.000,0.000,38.000,0.000,0.000,3.000,16.000,3.000,0.000,0.000,20.000
4993540,AP180064.jpg,Unconfirmed,100,0.000,0.000,0.000,17.000,17.000,0.000,0.000,0.000,2.000,0.000,37.000,0.000,0.000,4.000,7.000,1.000,0.000,0.000,15.000
4993539,AP180065.jpg,Unconfirmed,100,0.000,0.000,0.000,0.000,33.000,0.000,0.000,0.000,16.000,0.000,9.000,0.000,0.000,0.000,3.000,4.000,0.000,0.000,35.000
4993541,AP180066.jpg,Unconfirmed,100,0.000,0.000,0.000,14.000,17.000,0.000,0.000,0.000,1.000,0.000,24.000,0.000,0.000,21.000,12.000,0.000,0.000,0.000,11.000
4993538,AP180067.jpg,Unconfirmed,100,0.000,0.000,0.000,3.000,15.000,0.000,0.000,0.000,14.000,1.000,17.000,0.000,0.000,0.000,26.000,1.000,0.000,0.000,23.000
4993537,AP180068.jpg,Unconfirmed,100,0.000,0.000,0.000,3.000,13.000,0.000,0.000,0.000,29.000,1.000,41.000,0.000,0.000,5.000,5.000,0.000,0.000,0.000,3.000
4993536,AP180069.jpg,Unconfirmed,100,0.000,0.000,0.000,18.000,0.000,0.000,0.000,0.000,11.000,1.000,54.000,0.000,0.000,3.000,6.000,1.000,0.000,0.000,6.000
4993535,AP180070.jpg,Unconfirmed,100,0.000,0.000,0.000,32.000,12.000,0.000,0.000,0.000,8.000,1.000,22.000,0.000,0.000,5.000,1.000,0.000,0.000,0.000,19.000
4993534,AP180071.jpg,Unconfirmed,100,0.000,0.000,0.000,45.000,10.000,0.000,0.000,0.000,3.000,0.000,17.000,0.000,0.000,15.000,6.000,0.000,0.000,0.000,4.000
4993533,AP180072.jpg,Unconfirmed,100,0.000,0.000,0.000,1.000,5.000,0.000,0.000,0.000,3.000,0.000,52.000,0.000,0.000,28.000,11.000,0.000,0.000,0.000,0.000
4993530,AP180073.jpg,Unconfirmed,100,0.000,0.000,0.000,1.000,35.000,0.000,0.000,0.000,5.000,0.000,22.000,0.000,0.000,3.000,4.000,1.000,0.000,0.000,29.000
4993532,AP180074.jpg,Unconfirmed,100,0.000,0.000,0.000,4.000,8.000,0.000,0.000,0.000,3.000,0.000,39.000,0.000,0.000,1.000,4.000,4.000,0.000,0.000,37.000
4993531,AP180075.jpg,Unconfirmed,100,0.000,0.000,0.000,2.000,24.000,0.000,0.000,0.000,26.000,2.000,7.000,1.000,0.000,6.000,5.000,5.000,0.000,0.000,22.000
4993529,AP180076.jpg,Unconfirmed,100,0.000,0.000,0.000,6.000,4.000,0.000,0.000,0.000,3.000,0.000,64.000,0.000,0.000,0.000,16.000,0.000,0.000,0.000,7.000
4993528,AP180077.jpg,Unconfirmed,100,0.000,0.000,0.000,22.000,5.000,0.000,0.000,0.000,9.000,1.000,34.000,0.000,0.000,5.000,14.000,1.000,0.000,0.000,9.000
4993527,AP180078.jpg,Unconfirmed,100,0.000,0.000,0.000,0.000,44.000,0.000,0.000,0.000,5.000,0.000,13.000,0.000,0.000,0.000,8.000,10.000,0.000,0.000,20.000
4993526,AP180079.jpg,Unconfirmed,100,0.000,0.000,0.000,0.000,36.000,0.000,0.000,0.000,1.000,10.000,7.000,0.000,0.000,3.000,14.000,12.000,0.000,0.000,17.000
4993525,AP180080.jpg,Unconfirmed,100,0.000,0.000,0.000,1.000,26.000,0.000,0.000,0.000,7.000,0.000,36.000,0.000,0.000,2.000,19.000,0.000,0.000,0.000,9.000
4993524,AP180081.jpg,Unconfirmed,100,0.000,0.000,0.000,8.000,23.000,0.000,0.000,0.000,30.000,1.000,4.000,0.000,0.000,1.000,3.000,6.000,0.000,0.000,24.000
4993523,AP180082.jpg,Unconfirmed,100,0.000,0.000,0.000,22.000,9.000,0.000,0.000,0.000,3.000,0.000,35.000,0.000,0.000,11.000,7.000,2.000,0.000,0.000,11.000
4993521,AP180083.jpg,Unconfirmed,100,0.000,0.000,0.000,4.000,7.000,0.000,0.000,0.000,6.000,0.000,25.000,1.000,0.000,1.000,8.000,8.000,0.000,0.000,40.000
4993522,AP180084.jpg,Unconfirmed,100,0.000,0.000,0.000,4.000,14.000,0.000,0.000,0.000,5.000,1.000,16.000,0.000,0.000,10.000,14.000,15.000,0.000,0.000,21.000
4993518,AP180085.jpg,Unconfirmed,100,0.000,0.000,0.000,13.000,11.000,0.000,0.000,0.000,4.000,0.000,57.000,0.000,0.000,4.000,7.000,0.000,0.000,0.000,4.000
4993519,AP180086.jpg,Unconfirmed,100,0.000,0.000,0.000,1.000,10.000,0.000,0.000,0.000,4.000,0.000,43.000,0.000,0.000,5.000,15.000,0.000,0.000,0.000,22.000
4993520,AP180087.jpg,Unconfirmed,100,0.000,0.000,0.000,16.000,23.000,0.000,0.000,0.000,6.000,0.000,18.000,0.000,0.000,13.000,21.000,0.000,0.000,0.000,3.000
4993517,AP180088.jpg,Unconfirmed,100,0.000,0.000,0.000,18.000,3.000,0.000,0.000,0.000,9.000,0.000,55.000,0.000,0.000,13.000,2.000,0.000,0.000,0.000,0.000
4993516,AP180089.jpg,Unconfirmed,100,0.000,0.000,0.000,2.000,16.000,0.000,0.000,0.000,10.000,0.000,36.000,1.000,0.000,1.000,8.000,3.000,0.000,0.000,23.000
4993515,AP180090.jpg,Unconfirmed,100,0.000,0.000,0.000,46.000,8.000,0.000,0.000,0.000,7.000,0.000,14.000,0.000,0.000,0.000,14.000,1.000,0.000,0.000,10.000
4993513,AP180091.jpg,Unconfirmed,100,0.000,0.000,0.000,0.000,13.000,0.000,0.000,0.000,1.000,0.000,35.000,0.000,0.000,1.000,41.000,0.000,0.000,0.000,9.000
4993514,AP180092.jpg,Unconfirmed,100,0.000,0.000,0.000,0.000,1.000,0.000,0.000,0.000,0.000,0.000,12.000,0.000,0.000,12.000,42.000,0.000,0.000,0.000,33.000
4993512,AP180093.jpg,Unconfirmed,100,0.000,0.000,0.000,17.000,42.000,0.000,0.000,0.000,3.000,0.000,11.000,0.000,0.000,24.000,1.000,0.000,0.000,0.000,2.000
4993511,AP180094.jpg,Unconfirmed,100,0.000,0.000,0.000,0.000,4.000,0.000,0.000,0.000,4.000,1.000,45.000,0.000,0.000,27.000,5.000,0.000,0.000,0.000,14.000
4993510,AP180095.jpg,Unconfirmed,100,0.000,0.000,0.000,2.000,0.000,0.000,0.000,0.000,8.000,0.000,49.000,0.000,0.000,18.000,9.000,0.000,0.000,0.000,14.000
4993509,AP180096.jpg,Unconfirmed,100,0.000,0.000,0.000,0.000,6.000,0.000,0.000,0.000,4.000,0.000,45.000,0.000,0.000,13.000,9.000,0.000,0.000,0.000,23.000
4993507,AP180097.jpg,Unconfirmed,100,0.000,0.000,0.000,0.000,0.000,0.000,0.000,0.000,2.000,0.000,33.000,0.000,0.000,6.000,8.000,0.000,0.000,0.000,51.000
4993508,AP180098.jpg,Unconfirmed,100,0.000,0.000,0.000,0.000,0.000,0.000,0.000,0.000,0.000,0.000,29.000,0.000,0.000,13.000,4.000,1.000,0.000,0.000,53.000
4993506,AP180099.jpg,Unconfirmed,100,0.000,0.000,0.000,0.000,8.000,0.000,0.000,0.000,4.000,0.000,17.000,0.000,0.000,53.000,11.000,0.000,0.000,0.000,7.000
4993505,AP180100.jpg,Unconfirmed,100,0.000,0.000,0.000,0.000,6.000,0.000,0.000,0.000,14.000,1.000,33.000,0.000,0.000,12.000,3.000,0.000,0.000,0.000,31.000
4993504,AP180101.jpg,Unconfirmed,100,0.000,0.000,0.000,0.000,4.000,0.000,0.000,0.000,1.000,0.000,56.000,0.000,0.000,22.000,13.000,0.000,0.000,0.000,4.000
4993503,AP180102.jpg,Unconfirmed,100,0.000,0.000,0.000,2.000,1.000,0.000,0.000,0.000,20.000,0.000,10.000,0.000,0.000,44.000,7.000,1.000,0.000,0.000,15.000
4993502,AP180103.jpg,Unconfirmed,100,0.000,0.000,0.000,0.000,3.000,0.000,0.000,0.000,17.000,1.000,6.000,0.000,0.000,18.000,10.000,0.000,0.000,0.000,45.000
4993501,AP180104.jpg,Unconfirmed,100,0.000,0.000,0.000,0.000,3.000,0.000,0.000,0.000,15.000,2.000,16.000,0.000,0.000,8.000,7.000,0.000,0.000,0.000,49.000
4993500,AP180105.jpg,Unconfirmed,100,0.000,0.000,0.000,0.000,1.000,0.000,0.000,0.000,16.000,4.000,23.000,0.000,0.000,3.000,7.000,0.000,0.000,0.000,46.000
4993499,AP180106.jpg,Unconfirmed,100,0.000,0.000,0.000,0.000,7.000,0.000,0.000,0.000,8.000,0.000,17.000,0.000,0.000,13.000,16.000,0.000,0.000,0.000,39.000
4993498,AP180107.jpg,Unconfirmed,100,0.000,0.000,0.000,0.000,8.000,0.000,0.000,0.000,5.000,1.000,18.000,0.000,0.000,3.000,5.000,10.000,0.000,0.000,50.000
4993497,AP180108.jpg,Unconfirmed,100,0.000,0.000,0.000,1.000,6.000,0.000,0.000,0.000,2.000,0.000,13.000,0.000,0.000,24.000,18.000,0.000,0.000,0.000,36.000
4993496,AP180109.jpg,Unconfirmed,100,0.000,0.000,0.000,0.000,17.000,0.000,0.000,0.000,21.000,0.000,4.000,1.000,0.000,2.000,28.000,5.000,0.000,0.000,22.000
4993495,AP180110.jpg,Unconfirmed,100,0.000,0.000,0.000,0.000,6.000,1.000,0.000,0.000,33.000,0.000,20.000,1.000,0.000,11.000,9.000,0.000,0.000,0.000,19.000
4993494,AP180111.jpg,Unconfirmed,100,0.000,0.000,0.000,0.000,3.000,0.000,0.000,0.000,15.000,0.000,29.000,0.000,0.000,10.000,10.000,1.000,0.000,0.000,32.000
4993493,AP180112.jpg,Unconfirmed,100,0.000,0.000,0.000,0.000,15.000,0.000,0.000,0.000,1.000,0.000,11.000,1.000,0.000,5.000,14.000,0.000,0.000,0.000,53.000
4993492,AP180113.jpg,Unconfirmed,100,0.000,0.000,0.000,1.000,11.000,0.000,0.000,0.000,7.000,2.000,19.000,0.000,0.000,9.000,5.000,2.000,0.000,0.000,44.000
4993491,AP180114.jpg,Unconfirmed,100,0.000,0.000,0.000,0.000,6.000,0.000,0.000,0.000,7.000,0.000,34.000,0.000,0.000,15.000,19.000,3.000,0.000,0.000,16.000
4993490,AP180115.jpg,Unconfirmed,100,0.000,0.000,0.000,0.000,13.000,0.000,0.000,0.000,7.000,0.000,5.000,0.000,0.000,2.000,2.000,0.000,0.000,0.000,71.000
4993489,AP180116.jpg,Unconfirmed,100,0.000,0.000,0.000,0.000,4.000,0.000,0.000,0.000,15.000,1.000,7.000,0.000,0.000,15.000,8.000,0.000,0.000,0.000,50.000
4993488,AP180117.jpg,Unconfirmed,100,0.000,0.000,0.000,0.000,4.000,0.000,0.000,0.000,24.000,0.000,11.000,0.000,0.000,3.000,17.000,4.000,0.000,0.000,37.000
4993487,AP180118.jpg,Unconfirmed,100,0.000,0.000,0.000,0.000,3.000,0.000,0.000,0.000,31.000,0.000,8.000,0.000,0.000,35.000,6.000,0.000,0.000,0.000,17.000
4993486,AP180119.jpg,Unconfirmed,100,0.000,0.000,0.000,1.000,12.000,0.000,0.000,0.000,9.000,0.000,29.000,0.000,0.000,40.000,1.000,0.000,0.000,0.000,8.000
4993485,AP180120.jpg,Unconfirmed,100,0.000,0.000,0.000,0.000,5.000,0.000,0.000,0.000,15.000,0.000,27.000,0.000,0.000,0.000,11.000,1.000,0.000,0.000,41.000
4993484,AP180121.jpg,Unconfirmed,100,0.000,0.000,0.000,3.000,22.000,0.000,0.000,0.000,6.000,0.000,13.000,1.000,0.000,9.000,15.000,0.000,0.000,0.000,31.000
4993483,AP180122.jpg,Unconfirmed,100,0.000,0.000,0.000,0.000,2.000,0.000,0.000,0.000,15.000,0.000,19.000,0.000,0.000,6.000,5.000,3.000,0.000,0.000,50.000
4993482,AP180123.jpg,Unconfirmed,100,0.000,0.000,0.000,1.000,7.000,0.000,0.000,0.000,14.000,0.000,31.000,0.000,0.000,10.000,3.000,3.000,0.000,0.000,31.000
4993481,AP180124.jpg,Unconfirmed,100,0.000,0.000,0.000,5.000,7.000,0.000,0.000,0.000,27.000,0.000,11.000,0.000,0.000,7.000,6.000,4.000,0.000,0.000,33.000
4993480,AP180125.jpg,Unconfirmed,100,0.000,0.000,0.000,0.000,26.000,0.000,0.000,0.000,1.000,0.000,20.000,14.000,0.000,23.000,4.000,0.000,0.000,0.000,12.000
4993479,AP180127.jpg,Unconfirmed,100,0.000,0.000,0.000,0.000,18.000,0.000,0.000,0.000,3.000,0.000,41.000,0.000,0.000,1.000,3.000,0.000,0.000,0.000,34.000
4993478,AP180128.jpg,Unconfirmed,100,0.000,0.000,0.000,0.000,19.000,0.000,0.000,0.000,7.000,0.000,21.000,0.000,0.000,0.000,0.000,0.000,0.000,0.000,53.000
4993477,AP180129.jpg,Unconfirmed,100,0.000,0.000,0.000,0.000,38.000,0.000,0.000,0.000,4.000,0.000,27.000,1.000,0.000,2.000,1.000,0.000,0.000,0.000,27.000
4993476,AP180130.jpg,Unconfirmed,100,0.000,0.000,0.000,1.000,55.000,0.000,0.000,0.000,7.000,0.000,10.000,0.000,0.000,0.000,0.000,1.000,0.000,0.000,26.000
4993475,AP180131.jpg,Unconfirmed,100,0.000,0.000,0.000,0.000,28.000,0.000,0.000,0.000,9.000,0.000,32.000,0.000,0.000,1.000,2.000,0.000,0.000,0.000,28.000
4993474,AP180132.jpg,Unconfirmed,100,0.000,0.000,0.000,0.000,42.000,0.000,0.000,0.000,3.000,0.000,12.000,1.000,0.000,1.000,2.000,0.000,0.000,0.000,39.000
4993473,AP180133.jpg,Unconfirmed,100,0.000,0.000,0.000,0.000,31.000,0.000,0.000,0.000,4.000,0.000,8.000,0.000,0.000,0.000,0.000,3.000,0.000,0.000,54.000
4993472,AP180134.jpg,Unconfirmed,100,0.000,0.000,0.000,0.000,29.000,0.000,0.000,0.000,8.000,0.000,25.000,0.000,0.000,0.000,0.000,0.000,0.000,0.000,38.000
4993471,AP180135.jpg,Unconfirmed,100,0.000,0.000,0.000,0.000,7.000,0.000,0.000,0.000,5.000,0.000,44.000,0.000,0.000,1.000,1.000,0.000,0.000,0.000,42.000
4993470,AP180136.jpg,Unconfirmed,100,0.000,0.000,0.000,0.000,15.000,0.000,0.000,0.000,5.000,0.000,40.000,0.000,0.000,1.000,3.000,0.000,0.000,0.000,36.000
4993469,AP180137.jpg,Unconfirmed,100,0.000,0.000,0.000,0.000,15.000,0.000,0.000,0.000,2.000,0.000,1.000,0.000,0.000,0.000,0.000,0.000,0.000,0.000,82.000
4993468,AP180138.jpg,Unconfirmed,100,0.000,0.000,0.000,0.000,1.000,0.000,0.000,0.000,0.000,0.000,25.000,0.000,0.000,0.000,0.000,0.000,0.000,0.000,74.000
4993467,AP180139.jpg,Unconfirmed,100,0.000,0.000,0.000,0.000,12.000,0.000,0.000,0.000,4.000,0.000,43.000,0.000,0.000,2.000,0.000,0.000,0.000,0.000,39.000
4993466,AP180140.jpg,Unconfirmed,100,0.000,0.000,0.000,1.000,8.000,0.000,0.000,0.000,2.000,0.000,26.000,0.000,0.000,0.000,2.000,0.000,0.000,0.000,61.000
4993465,AP180141.jpg,Unconfirmed,100,0.000,0.000,0.000,0.000,7.000,0.000,0.000,0.000,7.000,0.000,23.000,0.000,0.000,0.000,1.000,0.000,0.000,0.000,62.000
4993464,AP180142.jpg,Unconfirmed,100,0.000,0.000,0.000,0.000,0.000,0.000,0.000,0.000,16.000,0.000,68.000,0.000,0.000,1.000,5.000,0.000,0.000,0.000,10.000
4993463,AP180143.jpg,Unconfirmed,100,0.000,0.000,0.000,0.000,20.000,0.000,0.000,0.000,10.000,0.000,23.000,0.000,0.000,7.000,3.000,5.000,0.000,0.000,32.000
4993461,AP180144.jpg,Unconfirmed,100,0.000,0.000,0.000,0.000,18.000,0.000,0.000,0.000,2.000,0.000,18.000,0.000,0.000,0.000,2.000,0.000,0.000,0.000,60.000
4993462,AP180145.jpg,Unconfirmed,100,0.000,0.000,0.000,0.000,32.000,0.000,0.000,0.000,26.000,0.000,23.000,0.000,0.000,1.000,1.000,3.000,0.000,0.000,14.000
4993460,AP180146.jpg,Unconfirmed,100,0.000,0.000,0.000,0.000,18.000,0.000,0.000,0.000,3.000,0.000,4.000,0.000,0.000,0.000,0.000,0.000,0.000,0.000,75.000
4993458,AP180147.jpg,Unconfirmed,100,0.000,0.000,0.000,1.000,43.000,0.000,0.000,0.000,3.000,0.000,35.000,0.000,0.000,0.000,0.000,0.000,0.000,0.000,18.000
4993459,AP180148.jpg,Unconfirmed,100,0.000,0.000,0.000,0.000,0.000,0.000,0.000,0.000,2.000,0.000,1.000,1.000,0.000,0.000,0.000,0.000,0.000,0.000,96.000
4993457,AP180149.jpg,Unconfirmed,100,0.000,0.000,0.000,7.000,12.000,0.000,0.000,0.000,6.000,0.000,51.000,0.000,0.000,3.000,3.000,0.000,0.000,0.000,18.000
4993456,AP180150.jpg,Unconfirmed,100,0.000,0.000,0.000,6.000,21.000,0.000,0.000,0.000,16.000,1.000,5.000,0.000,0.000,2.000,1.000,2.000,0.000,0.000,46.000
4993455,AP180151.jpg,Unconfirmed,100,0.000,0.000,0.000,0.000,7.000,0.000,0.000,0.000,2.000,0.000,19.000,0.000,0.000,0.000,2.000,0.000,0.000,0.000,70.000
4993454,AP180152.jpg,Unconfirmed,100,0.000,0.000,0.000,0.000,13.000,0.000,0.000,0.000,3.000,0.000,55.000,0.000,0.000,0.000,19.000,0.000,0.000,0.000,10.000
4993453,AP180153.jpg,Unconfirmed,100,0.000,0.000,0.000,0.000,8.000,0.000,0.000,0.000,8.000,0.000,16.000,0.000,0.000,0.000,2.000,0.000,0.000,0.000,66.000
4993452,AP180154.jpg,Unconfirmed,100,0.000,0.000,0.000,0.000,9.000,0.000,0.000,0.000,7.000,0.000,49.000,0.000,0.000,0.000,5.000,0.000,0.000,0.000,30.000
4993451,AP180155.jpg,Unconfirmed,100,0.000,0.000,0.000,0.000,29.000,0.000,0.000,0.000,7.000,1.000,6.000,0.000,0.000,0.000,5.000,5.000,0.000,0.000,47.000
4993450,AP180156.jpg,Unconfirmed,100,0.000,0.000,0.000,0.000,30.000,0.000,0.000,0.000,12.000,1.000,21.000,0.000,0.000,1.000,1.000,3.000,0.000,0.000,31.000
4993448,AP180157.jpg,Unconfirmed,100,0.000,0.000,0.000,0.000,12.000,0.000,0.000,0.000,2.000,1.000,51.000,0.000,0.000,0.000,2.000,0.000,0.000,0.000,32.000
4993449,AP180158.jpg,Unconfirmed,100,0.000,0.000,0.000,0.000,12.000,0.000,0.000,0.000,4.000,0.000,47.000,0.000,0.000,0.000,3.000,1.000,0.000,0.000,33.000
4993447,AP180159.jpg,Unconfirmed,100,0.000,0.000,0.000,0.000,23.000,0.000,0.000,0.000,5.000,0.000,51.000,0.000,0.000,1.000,6.000,0.000,0.000,0.000,14.000
4993446,AP180160.jpg,Unconfirmed,100,0.000,0.000,0.000,0.000,14.000,0.000,0.000,0.000,12.000,0.000,29.000,0.000,0.000,0.000,5.000,1.000,0.000,0.000,39.000
4993445,AP180161.jpg,Unconfirmed,100,0.000,0.000,0.000,0.000,39.000,0.000,0.000,0.000,11.000,2.000,15.000,0.000,0.000,0.000,3.000,0.000,0.000,0.000,30.000
4993442,AP180162.jpg,Unconfirmed,100,0.000,0.000,0.000,1.000,17.000,0.000,0.000,0.000,12.000,0.000,20.000,0.000,0.000,0.000,7.000,4.000,0.000,0.000,39.000
4993444,AP180163.jpg,Unconfirmed,100,0.000,0.000,0.000,0.000,25.000,0.000,0.000,0.000,17.000,1.000,22.000,0.000,0.000,0.000,15.000,0.000,0.000,0.000,20.000
4993443,AP180164.jpg,Unconfirmed,100,0.000,0.000,0.000,0.000,5.000,0.000,0.000,0.000,0.000,0.000,33.000,0.000,0.000,0.000,6.000,0.000,0.000,0.000,56.000
4993441,AP180165.jpg,Unconfirmed,100,0.000,0.000,0.000,0.000,6.000,0.000,0.000,0.000,3.000,0.000,35.000,0.000,0.000,0.000,1.000,0.000,0.000,0.000,55.000
4993440,AP180166.jpg,Unconfirmed,100,0.000,0.000,0.000,0.000,11.000,0.000,0.000,0.000,8.000,0.000,7.000,0.000,0.000,0.000,5.000,3.000,0.000,0.000,66.000
4993439,AP180167.jpg,Unconfirmed,100,0.000,0.000,0.000,0.000,43.000,0.000,0.000,0.000,8.000,0.000,20.000,0.000,0.000,0.000,2.000,1.000,0.000,0.000,26.000
4993438,AP180168.jpg,Unconfirmed,100,0.000,0.000,0.000,0.000,36.000,0.000,0.000,0.000,8.000,0.000,11.000,0.000,0.000,4.000,5.000,3.000,0.000,0.000,33.000
4993437,AP180169.jpg,Unconfirmed,100,0.000,0.000,0.000,0.000,0.000,0.000,0.000,0.000,0.000,0.000,67.000,0.000,0.000,0.000,10.000,0.000,0.000,0.000,23.000
4993436,AP180170.jpg,Unconfirmed,100,0.000,0.000,0.000,0.000,5.000,0.000,0.000,0.000,0.000,0.000,23.000,0.000,0.000,0.000,4.000,0.000,0.000,0.000,68.000
4993435,AP180171.jpg,Unconfirmed,100,0.000,0.000,0.000,0.000,1.000,0.000,0.000,0.000,0.000,0.000,56.000,0.000,0.000,0.000,1.000,0.000,0.000,0.000,42.000
4993434,AP180172.jpg,Unconfirmed,100,0.000,0.000,0.000,1.000,40.000,0.000,0.000,0.000,6.000,0.000,33.000,0.000,0.000,0.000,2.000,0.000,0.000,0.000,18.000
4993433,AP180173.jpg,Unconfirmed,100,0.000,0.000,0.000,2.000,53.000,0.000,0.000,0.000,0.000,0.000,32.000,0.000,0.000,1.000,2.000,0.000,0.000,0.000,10.000
4993432,AP180174.jpg,Unconfirmed,100,0.000,0.000,0.000,0.000,4.000,0.000,0.000,0.000,8.000,0.000,36.000,0.000,0.000,0.000,5.000,0.000,0.000,0.000,47.000
4993099,AP180178.jpg,Unconfirmed,100,0.000,0.000,0.000,92.000,0.000,1.000,0.000,0.000,2.000,0.000,1.000,0.000,0.000,4.000,0.000,0.000,0.000,0.000,0.000
4993097,AP180179.jpg,Unconfirmed,100,0.000,0.000,0.000,84.000,2.000,0.000,0.000,0.000,1.000,0.000,6.000,0.000,0.000,7.000,0.000,0.000,0.000,0.000,0.000
4993098,AP180180.jpg,Unconfirmed,100,0.000,0.000,0.000,89.000,0.000,0.000,0.000,0.000,3.000,0.000,2.000,0.000,0.000,4.000,2.000,0.000,0.000,0.000,0.000
4993095,AP180181.jpg,Unconfirmed,100,0.000,0.000,0.000,77.000,5.000,0.000,0.000,0.000,1.000,0.000,5.000,0.000,0.000,1.000,2.000,0.000,0.000,0.000,9.000
4993093,AP180182.jpg,Unconfirmed,100,0.000,0.000,0.000,5.000,4.000,0.000,0.000,0.000,0.000,0.000,1.000,0.000,0.000,1.000,29.000,0.000,0.000,0.000,60.000
4993094,AP180183.jpg,Unconfirmed,100,0.000,0.000,0.000,92.000,0.000,0.000,0.000,0.000,1.000,0.000,0.000,0.000,0.000,5.000,2.000,0.000,0.000,0.000,0.000
4993092,AP180184.jpg,Unconfirmed,100,0.000,0.000,0.000,96.000,0.000,0.000,0.000,0.000,0.000,0.000,0.000,0.000,0.000,4.000,0.000,0.000,0.000,0.000,0.000
4993091,AP180185.jpg,Unconfirmed,100,0.000,0.000,0.000,88.000,0.000,0.000,0.000,0.000,1.000,0.000,3.000,0.000,0.000,8.000,0.000,0.000,0.000,0.000,0.000
4993090,AP180186.jpg,Unconfirmed,100,0.000,0.000,0.000,39.000,0.000,0.000,0.000,0.000,22.000,0.000,21.000,0.000,0.000,8.000,10.000,0.000,0.000,0.000,0.000
4993089,AP180187.jpg,Unconfirmed,100,0.000,0.000,0.000,94.000,4.000,1.000,0.000,0.000,0.000,1.000,0.000,0.000,0.000,0.000,0.000,0.000,0.000,0.000,0.000
4993088,AP180188.jpg,Unconfirmed,100,0.000,0.000,0.000,96.000,3.000,0.000,0.000,0.000,0.000,0.000,0.000,0.000,0.000,1.000,0.000,0.000,0.000,0.000,0.000
4993086,AP180189.jpg,Unconfirmed,100,0.000,0.000,0.000,90.000,8.000,0.000,0.000,0.000,2.000,0.000,0.000,0.000,0.000,0.000,0.000,0.000,0.000,0.000,0.000
4993087,AP180190.jpg,Unconfirmed,100,0.000,0.000,0.000,94.000,3.000,0.000,0.000,0.000,2.000,0.000,0.000,0.000,0.000,1.000,0.000,0.000,0.000,0.000,0.000
4993085,AP180191.jpg,Unconfirmed,100,0.000,0.000,0.000,95.000,2.000,0.000,0.000,0.000,1.000,0.000,1.000,0.000,0.000,1.000,0.000,0.000,0.000,0.000,0.000
4993083,AP180192.jpg,Unconfirmed,100,0.000,0.000,0.000,24.000,0.000,0.000,0.000,0.000,60.000,0.000,4.000,0.000,0.000,12.000,0.000,0.000,0.000,0.000,0.000
4993082,AP180193.jpg,Unconfirmed,100,0.000,0.000,0.000,47.000,0.000,1.000,0.000,0.000,6.000,0.000,1.000,0.000,0.000,45.000,0.000,0.000,0.000,0.000,0.000
4993081,AP180194.jpg,Unconfirmed,100,0.000,0.000,0.000,91.000,8.000,0.000,0.000,0.000,0.000,0.000,0.000,0.000,0.000,1.000,0.000,0.000,0.000,0.000,0.000
4993079,AP180195.jpg,Unconfirmed,100,0.000,0.000,0.000,87.000,6.000,0.000,0.000,0.000,2.000,0.000,0.000,0.000,0.000,4.000,1.000,0.000,0.000,0.000,0.000
4993078,AP180196.jpg,Unconfirmed,100,0.000,0.000,0.000,100.000,0.000,0.000,0.000,0.000,0.000,0.000,0.000,0.000,0.000,0.000,0.000,0.000,0.000,0.000,0.000
4993074,AP180197.jpg,Unconfirmed,100,0.000,0.000,0.000,99.000,0.000,0.000,0.000,0.000,0.000,0.000,0.000,0.000,0.000,1.000,0.000,0.000,0.000,0.000,0.000
4993077,AP180198.jpg,Unconfirmed,100,0.000,0.000,0.000,94.000,0.000,0.000,0.000,0.000,0.000,0.000,0.000,0.000,0.000,6.000,0.000,0.000,0.000,0.000,0.000
4993075,AP180199.jpg,Unconfirmed,100,0.000,0.000,0.000,90.000,0.000,0.000,0.000,0.000,8.000,0.000,1.000,0.000,0.000,1.000,0.000,0.000,0.000,0.000,0.000
4993073,AP180200.jpg,Unconfirmed,100,0.000,0.000,0.000,87.000,2.000,0.000,0.000,0.000,1.000,0.000,0.000,0.000,0.000,10.000,0.000,0.000,0.000,0.000,0.000
4993072,AP180201.jpg,Unconfirmed,100,0.000,0.000,0.000,93.000,0.000,0.000,0.000,0.000,2.000,0.000,0.000,0.000,0.000,3.000,2.000,0.000,0.000,0.000,0.000
4993071,AP180202.jpg,Unconfirmed,100,0.000,0.000,0.000,94.000,2.000,0.000,0.000,0.000,2.000,0.000,0.000,0.000,0.000,0.000,0.000,0.000,0.000,0.000,2.000
4993068,AP180203.jpg,Unconfirmed,100,0.000,0.000,0.000,80.000,1.000,0.000,0.000,0.000,3.000,0.000,8.000,0.000,0.000,0.000,1.000,0.000,0.000,0.000,7.000
4993069,AP180204.jpg,Unconfirmed,100,0.000,0.000,0.000,83.000,0.000,0.000,0.000,0.000,10.000,0.000,0.000,0.000,0.000,7.000,0.000,0.000,0.000,0.000,0.000
4993067,AP180205.jpg,Unconfirmed,100,0.000,0.000,0.000,36.000,0.000,0.000,0.000,0.000,0.000,0.000,2.000,0.000,0.000,0.000,13.000,0.000,0.000,0.000,49.000
4993065,AP180206.jpg,Unconfirmed,100,0.000,0.000,0.000,95.000,1.000,0.000,0.000,0.000,1.000,0.000,0.000,0.000,0.000,2.000,0.000,0.000,0.000,0.000,1.000
4993066,AP180207.jpg,Unconfirmed,100,0.000,0.000,0.000,79.000,4.000,0.000,0.000,0.000,1.000,1.000,2.000,0.000,0.000,1.000,2.000,0.000,0.000,0.000,10.000
4993064,AP180208.jpg,Unconfirmed,100,0.000,0.000,0.000,98.000,0.000,0.000,0.000,0.000,1.000,0.000,1.000,0.000,0.000,0.000,0.000,0.000,0.000,0.000,0.000
4993062,AP180209.jpg,Unconfirmed,100,0.000,0.000,0.000,82.000,0.000,0.000,0.000,0.000,11.000,0.000,0.000,0.000,0.000,7.000,0.000,0.000,0.000,0.000,0.000
4993060,AP180210.jpg,Unconfirmed,100,0.000,0.000,0.000,95.000,1.000,0.000,0.000,0.000,1.000,1.000,0.000,0.000,0.000,1.000,0.000,0.000,0.000,0.000,1.000
4993061,AP180211.jpg,Unconfirmed,100,0.000,0.000,0.000,93.000,5.000,0.000,0.000,0.000,0.000,0.000,0.000,0.000,0.000,2.000,0.000,0.000,0.000,0.000,0.000
4993059,AP180212.jpg,Unconfirmed,100,0.000,0.000,0.000,95.000,4.000,0.000,0.000,0.000,0.000,0.000,0.000,0.000,0.000,1.000,0.000,0.000,0.000,0.000,0.000
4993058,AP180213.jpg,Unconfirmed,100,0.000,0.000,0.000,94.000,0.000,0.000,0.000,0.000,0.000,0.000,0.000,0.000,0.000,6.000,0.000,0.000,0.000,0.000,0.000
4993056,AP180214.jpg,Unconfirmed,100,0.000,0.000,0.000,98.000,1.000,0.000,0.000,0.000,0.000,0.000,0.000,0.000,0.000,1.000,0.000,0.000,0.000,0.000,0.000
4993055,AP180215.jpg,Unconfirmed,100,0.000,0.000,0.000,95.000,0.000,0.000,0.000,0.000,1.000,0.000,0.000,0.000,0.000,2.000,2.000,0.000,0.000,0.000,0.000
4993052,AP180216.jpg,Unconfirmed,100,0.000,0.000,0.000,96.000,0.000,0.000,0.000,0.000,3.000,0.000,0.000,0.000,0.000,0.000,1.000,0.000,0.000,0.000,0.000
4993053,AP180217.jpg,Unconfirmed,100,0.000,0.000,0.000,94.000,1.000,0.000,0.000,0.000,3.000,0.000,0.000,0.000,0.000,2.000,0.000,0.000,0.000,0.000,0.000
4993051,AP180218.jpg,Unconfirmed,100,0.000,0.000,0.000,99.000,0.000,0.000,0.000,0.000,0.000,0.000,0.000,0.000,0.000,1.000,0.000,0.000,0.000,0.000,0.000
4993049,AP180219.jpg,Unconfirmed,100,0.000,0.000,0.000,93.000,5.000,0.000,0.000,0.000,1.000,0.000,1.000,0.000,0.000,0.000,0.000,0.000,0.000,0.000,0.000
4993048,AP180220.jpg,Unconfirmed,100,0.000,0.000,0.000,97.000,2.000,0.000,0.000,0.000,0.000,0.000,0.000,0.000,0.000,1.000,0.000,0.000,0.000,0.000,0.000
4993043,AP180221.jpg,Unconfirmed,100,0.000,0.000,0.000,90.000,9.000,0.000,0.000,0.000,0.000,0.000,0.000,0.000,0.000,0.000,0.000,0.000,0.000,0.000,1.000
4993046,AP180223.jpg,Unconfirmed,100,0.000,0.000,0.000,7.000,87.000,0.000,0.000,0.000,0.000,0.000,1.000,0.000,0.000,1.000,0.000,0.000,0.000,0.000,4.000
4993045,AP180224.jpg,Unconfirmed,100,0.000,0.000,0.000,7.000,88.000,0.000,0.000,0.000,1.000,0.000,0.000,0.000,0.000,0.000,0.000,0.000,0.000,0.000,4.000
4993040,AP180225.jpg,Unconfirmed,100,0.000,0.000,0.000,8.000,79.000,0.000,0.000,0.000,3.000,0.000,0.000,0.000,0.000,1.000,1.000,1.000,0.000,0.000,7.000
4993042,AP180226.jpg,Unconfirmed,100,0.000,0.000,0.000,1.000,41.000,0.000,0.000,0.000,12.000,0.000,1.000,0.000,0.000,0.000,3.000,1.000,0.000,0.000,41.000
4993041,AP180227.jpg,Unconfirmed,100,0.000,0.000,0.000,1.000,37.000,0.000,0.000,0.000,8.000,0.000,4.000,0.000,0.000,1.000,0.000,0.000,0.000,0.000,49.000
4993037,AP180228.jpg,Unconfirmed,100,0.000,0.000,0.000,2.000,62.000,0.000,0.000,0.000,8.000,0.000,5.000,0.000,0.000,1.000,0.000,3.000,0.000,0.000,19.000
4993038,AP180229.jpg,Unconfirmed,100,0.000,0.000,0.000,0.000,65.000,0.000,0.000,0.000,15.000,0.000,1.000,0.000,0.000,0.000,0.000,1.000,0.000,0.000,18.000
4993036,AP180230.jpg,Unconfirmed,100,0.000,0.000,0.000,2.000,40.000,0.000,0.000,0.000,23.000,0.000,8.000,0.000,0.000,1.000,0.000,0.000,0.000,0.000,26.000
4993035,AP180231.jpg,Unconfirmed,100,0.000,0.000,0.000,0.000,50.000,0.000,0.000,0.000,7.000,0.000,4.000,0.000,0.000,1.000,5.000,0.000,0.000,0.000,33.000
4993034,AP180232.jpg,Unconfirmed,100,0.000,0.000,0.000,2.000,35.000,0.000,0.000,0.000,10.000,0.000,1.000,0.000,0.000,0.000,4.000,0.000,0.000,0.000,48.000
4993033,AP180233.jpg,Unconfirmed,100,0.000,0.000,0.000,0.000,40.000,0.000,0.000,0.000,27.000,0.000,13.000,0.000,0.000,2.000,0.000,0.000,0.000,0.000,18.000
4993032,AP180234.jpg,Unconfirmed,100,0.000,0.000,0.000,0.000,36.000,0.000,0.000,0.000,6.000,0.000,24.000,0.000,0.000,0.000,2.000,0.000,0.000,0.000,32.000
4993031,AP180235.jpg,Unconfirmed,100,0.000,0.000,0.000,0.000,54.000,0.000,0.000,0.000,21.000,0.000,1.000,1.000,0.000,0.000,1.000,1.000,0.000,0.000,21.000
4993030,AP180236.jpg,Unconfirmed,100,0.000,0.000,0.000,0.000,64.000,0.000,0.000,0.000,12.000,0.000,0.000,0.000,0.000,0.000,1.000,0.000,0.000,0.000,23.000
4993029,AP180237.jpg,Unconfirmed,100,0.000,0.000,0.000,0.000,51.000,0.000,0.000,0.000,14.000,0.000,6.000,0.000,0.000,0.000,0.000,0.000,0.000,0.000,29.000
4993026,AP180238.jpg,Unconfirmed,100,0.000,0.000,0.000,0.000,45.000,0.000,0.000,0.000,17.000,0.000,16.000,0.000,0.000,4.000,1.000,2.000,0.000,0.000,15.000
4993027,AP180239.jpg,Unconfirmed,100,0.000,0.000,0.000,0.000,60.000,0.000,0.000,0.000,12.000,0.000,9.000,1.000,0.000,0.000,1.000,0.000,0.000,0.000,17.000
4993025,AP180240.jpg,Unconfirmed,100,0.000,0.000,0.000,3.000,69.000,0.000,0.000,0.000,10.000,0.000,2.000,1.000,0.000,1.000,0.000,3.000,0.000,0.000,11.000
4993023,AP180241.jpg,Unconfirmed,100,0.000,0.000,0.000,1.000,41.000,0.000,0.000,0.000,28.000,0.000,1.000,1.000,0.000,0.000,0.000,1.000,0.000,0.000,27.000
4993024,AP180242.jpg,Unconfirmed,100,0.000,0.000,0.000,6.000,81.000,0.000,0.000,0.000,3.000,0.000,0.000,0.000,0.000,0.000,0.000,2.000,0.000,0.000,8.000
4993022,AP180243.jpg,Unconfirmed,100,0.000,0.000,0.000,3.000,19.000,0.000,0.000,0.000,20.000,0.000,0.000,0.000,0.000,2.000,6.000,8.000,0.000,0.000,42.000
4993021,AP180244.jpg,Unconfirmed,100,0.000,0.000,0.000,4.000,66.000,0.000,0.000,0.000,0.000,0.000,0.000,0.000,0.000,0.000,0.000,0.000,0.000,0.000,30.000
4993020,AP180245.jpg,Unconfirmed,100,0.000,0.000,0.000,3.000,57.000,0.000,0.000,0.000,4.000,0.000,0.000,0.000,0.000,0.000,0.000,0.000,0.000,0.000,36.000
4993018,AP180246.jpg,Unconfirmed,100,0.000,0.000,0.000,2.000,58.000,0.000,0.000,0.000,2.000,0.000,1.000,0.000,0.000,0.000,0.000,0.000,0.000,0.000,37.000
4993019,AP180247.jpg,Unconfirmed,100,0.000,0.000,0.000,0.000,42.000,0.000,0.000,0.000,13.000,0.000,6.000,0.000,0.000,0.000,0.000,0.000,0.000,0.000,39.000
4993017,AP180248.jpg,Unconfirmed,100,0.000,0.000,0.000,0.000,60.000,0.000,0.000,0.000,9.000,1.000,5.000,0.000,0.000,0.000,2.000,0.000,0.000,0.000,23.000
4993016,AP180249.jpg,Unconfirmed,100,0.000,0.000,0.000,1.000,48.000,0.000,0.000,0.000,7.000,0.000,2.000,0.000,0.000,0.000,0.000,0.000,0.000,0.000,42.000
4993015,AP180250.jpg,Unconfirmed,100,0.000,0.000,0.000,0.000,64.000,0.000,0.000,0.000,15.000,0.000,1.000,0.000,0.000,0.000,2.000,0.000,0.000,0.000,18.000
4993014,AP180251.jpg,Unconfirmed,100,0.000,0.000,0.000,1.000,59.000,0.000,0.000,0.000,19.000,0.000,2.000,0.000,0.000,0.000,0.000,0.000,0.000,0.000,19.000
4993011,AP180252.jpg,Unconfirmed,100,0.000,0.000,0.000,0.000,37.000,0.000,0.000,0.000,5.000,0.000,8.000,1.000,0.000,2.000,2.000,0.000,0.000,0.000,45.000
4993013,AP180253.jpg,Unconfirmed,100,0.000,0.000,0.000,1.000,52.000,0.000,0.000,0.000,11.000,0.000,3.000,0.000,0.000,1.000,1.000,3.000,0.000,0.000,28.000
4993012,AP180254.jpg,Unconfirmed,100,0.000,0.000,0.000,1.000,51.000,0.000,0.000,0.000,9.000,0.000,7.000,0.000,0.000,1.000,0.000,1.000,0.000,0.000,30.000
4993007,AP180255.jpg,Unconfirmed,100,0.000,0.000,0.000,0.000,54.000,0.000,0.000,0.000,8.000,0.000,2.000,0.000,0.000,1.000,2.000,0.000,0.000,0.000,33.000
4993009,AP180256.jpg,Unconfirmed,100,0.000,0.000,0.000,0.000,62.000,0.000,0.000,0.000,0.000,0.000,1.000,0.000,0.000,1.000,0.000,0.000,0.000,0.000,36.000
4993008,AP180257.jpg,Unconfirmed,100,0.000,0.000,0.000,0.000,59.000,0.000,0.000,0.000,4.000,0.000,2.000,0.000,0.000,0.000,0.000,1.000,0.000,0.000,34.000
4993006,AP180258.jpg,Unconfirmed,100,0.000,0.000,0.000,0.000,17.000,0.000,0.000,0.000,2.000,0.000,0.000,0.000,0.000,0.000,0.000,2.000,0.000,0.000,79.000
4993004,AP180259.jpg,Unconfirmed,100,0.000,0.000,0.000,0.000,20.000,0.000,0.000,0.000,1.000,0.000,1.000,1.000,0.000,0.000,0.000,1.000,0.000,0.000,76.000
4993005,AP180260.jpg,Unconfirmed,100,0.000,0.000,0.000,0.000,34.000,0.000,0.000,0.000,5.000,0.000,8.000,0.000,0.000,0.000,16.000,0.000,0.000,0.000,37.000
4993003,AP180261.jpg,Unconfirmed,100,0.000,0.000,0.000,0.000,28.000,0.000,0.000,0.000,6.000,0.000,20.000,1.000,0.000,0.000,12.000,1.000,0.000,0.000,32.000
4993002,AP180262.jpg,Unconfirmed,100,0.000,0.000,0.000,0.000,5.000,0.000,0.000,0.000,0.000,0.000,48.000,0.000,0.000,0.000,18.000,0.000,0.000,0.000,29.000
4993001,AP180263.jpg,Unconfirmed,100,0.000,0.000,0.000,0.000,24.000,0.000,0.000,0.000,0.000,0.000,6.000,0.000,0.000,0.000,3.000,1.000,0.000,0.000,66.000
4993000,AP180264.jpg,Unconfirmed,100,0.000,0.000,0.000,0.000,74.000,0.000,0.000,0.000,4.000,0.000,5.000,0.000,0.000,0.000,1.000,0.000,0.000,0.000,16.000
4992997,AP180265.jpg,Unconfirmed,100,0.000,0.000,0.000,0.000,28.000,0.000,0.000,0.000,13.000,0.000,9.000,0.000,0.000,0.000,2.000,3.000,0.000,0.000,45.000
4992999,AP180266.jpg,Unconfirmed,100,0.000,0.000,0.000,1.000,65.000,0.000,0.000,0.000,7.000,0.000,5.000,0.000,0.000,1.000,2.000,2.000,0.000,0.000,17.000
4992996,AP180268.jpg,Unconfirmed,100,0.000,0.000,0.000,1.000,1.000,0.000,0.000,0.000,1.000,0.000,66.000,0.000,0.000,2.000,3.000,0.000,0.000,0.000,26.000
4992994,AP180269.jpg,Unconfirmed,100,0.000,0.000,0.000,0.000,18.000,0.000,0.000,0.000,1.000,1.000,45.000,0.000,0.000,0.000,6.000,0.000,0.000,0.000,29.000
4992995,AP180270.jpg,Unconfirmed,100,0.000,0.000,0.000,0.000,9.000,0.000,0.000,0.000,1.000,0.000,32.000,0.000,0.000,4.000,13.000,0.000,0.000,0.000,41.000
4992993,AP180271.jpg,Unconfirmed,100,0.000,0.000,0.000,5.000,5.000,0.000,0.000,0.000,1.000,0.000,56.000,0.000,0.000,2.000,1.000,0.000,0.000,0.000,30.000
4992992,AP180272.jpg,Unconfirmed,100,0.000,0.000,0.000,0.000,7.000,0.000,0.000,0.000,0.000,0.000,49.000,0.000,0.000,6.000,3.000,0.000,0.000,0.000,35.000
4992991,AP180273.jpg,Unconfirmed,100,0.000,0.000,0.000,8.000,20.000,0.000,0.000,0.000,2.000,0.000,45.000,2.000,0.000,11.000,0.000,0.000,0.000,0.000,12.000
4992990,AP180274.jpg,Unconfirmed,100,0.000,0.000,0.000,1.000,9.000,0.000,0.000,0.000,5.000,0.000,28.000,0.000,0.000,6.000,11.000,1.000,0.000,0.000,39.000
4992988,AP180275.jpg,Unconfirmed,100,0.000,0.000,0.000,16.000,6.000,0.000,0.000,0.000,2.000,0.000,10.000,0.000,0.000,15.000,6.000,1.000,0.000,0.000,44.000
4992989,AP180276.jpg,Unconfirmed,100,0.000,0.000,0.000,9.000,16.000,0.000,0.000,0.000,7.000,3.000,17.000,0.000,0.000,11.000,7.000,0.000,0.000,0.000,30.000
4992987,AP180277.jpg,Unconfirmed,100,0.000,0.000,0.000,8.000,24.000,0.000,0.000,0.000,5.000,0.000,16.000,0.000,0.000,11.000,22.000,0.000,0.000,0.000,14.000
4992985,AP180278.jpg,Unconfirmed,100,0.000,0.000,0.000,4.000,30.000,0.000,0.000,0.000,2.000,0.000,39.000,1.000,0.000,14.000,1.000,0.000,0.000,0.000,9.000
4992984,AP180279.jpg,Unconfirmed,100,0.000,0.000,0.000,0.000,6.000,0.000,0.000,0.000,0.000,0.000,29.000,0.000,0.000,0.000,7.000,0.000,0.000,0.000,58.000
4992983,AP180280.jpg,Unconfirmed,100,0.000,0.000,0.000,2.000,17.000,0.000,0.000,0.000,3.000,0.000,10.000,0.000,0.000,11.000,14.000,0.000,0.000,0.000,43.000
4992982,AP180281.jpg,Unconfirmed,100,0.000,0.000,0.000,0.000,0.000,0.000,0.000,0.000,0.000,0.000,19.000,0.000,0.000,1.000,5.000,0.000,0.000,0.000,75.000
4992981,AP180282.jpg,Unconfirmed,100,0.000,0.000,0.000,8.000,12.000,0.000,0.000,0.000,11.000,0.000,18.000,0.000,0.000,8.000,3.000,1.000,0.000,0.000,39.000
4992980,AP180283.jpg,Unconfirmed,100,0.000,0.000,0.000,18.000,7.000,0.000,0.000,0.000,8.000,1.000,8.000,0.000,0.000,25.000,5.000,0.000,0.000,0.000,28.000
4992979,AP180284.jpg,Unconfirmed,100,0.000,0.000,0.000,26.000,7.000,0.000,0.000,0.000,16.000,0.000,11.000,0.000,0.000,17.000,14.000,0.000,0.000,0.000,9.000
4992978,AP180285.jpg,Unconfirmed,100,0.000,0.000,0.000,12.000,23.000,0.000,0.000,0.000,8.000,0.000,13.000,0.000,0.000,18.000,13.000,0.000,0.000,0.000,13.000
4992977,AP180286.jpg,Unconfirmed,100,0.000,0.000,0.000,23.000,10.000,0.000,0.000,0.000,11.000,0.000,7.000,0.000,0.000,32.000,3.000,0.000,0.000,0.000,14.000
4992976,AP180287.jpg,Unconfirmed,100,0.000,0.000,0.000,0.000,11.000,0.000,0.000,0.000,2.000,0.000,9.000,0.000,0.000,2.000,3.000,1.000,0.000,0.000,72.000
4992975,AP180288.jpg,Unconfirmed,100,0.000,0.000,0.000,0.000,9.000,0.000,0.000,0.000,3.000,0.000,26.000,0.000,0.000,8.000,8.000,0.000,0.000,0.000,46.000
4992973,AP180289.jpg,Unconfirmed,100,0.000,0.000,0.000,0.000,15.000,0.000,0.000,0.000,3.000,0.000,6.000,0.000,0.000,1.000,7.000,1.000,0.000,0.000,67.000
4992972,AP180290.jpg,Unconfirmed,100,0.000,0.000,0.000,0.000,2.000,0.000,0.000,0.000,7.000,0.000,7.000,0.000,0.000,4.000,9.000,1.000,0.000,0.000,70.000
4992971,AP180291.jpg,Unconfirmed,100,0.000,0.000,0.000,0.000,15.000,0.000,0.000,0.000,1.000,0.000,18.000,0.000,0.000,5.000,5.000,0.000,0.000,0.000,56.000
4992970,AP180292.jpg,Unconfirmed,100,0.000,0.000,0.000,0.000,7.000,0.000,0.000,0.000,4.000,0.000,61.000,0.000,0.000,0.000,12.000,0.000,0.000,0.000,16.000
4992969,AP180293.jpg,Unconfirmed,100,0.000,0.000,0.000,2.000,15.000,0.000,0.000,0.000,2.000,0.000,17.000,0.000,0.000,2.000,5.000,0.000,0.000,0.000,57.000
4992967,AP180295.jpg,Unconfirmed,100,0.000,0.000,0.000,7.000,1.000,0.000,0.000,0.000,6.000,0.000,6.000,0.000,0.000,5.000,16.000,0.000,0.000,0.000,59.000
4992968,AP180296.jpg,Unconfirmed,100,0.000,0.000,0.000,15.000,9.000,0.000,0.000,0.000,3.000,0.000,40.000,0.000,0.000,12.000,15.000,0.000,0.000,0.000,6.000
4992966,AP180297.jpg,Unconfirmed,100,0.000,0.000,0.000,0.000,15.000,0.000,0.000,0.000,3.000,0.000,36.000,0.000,0.000,5.000,17.000,0.000,0.000,0.000,24.000
4992965,AP180298.jpg,Unconfirmed,100,0.000,0.000,0.000,2.000,3.000,0.000,0.000,0.000,10.000,1.000,52.000,0.000,0.000,3.000,9.000,0.000,0.000,0.000,20.000
4992964,AP180299.jpg,Unconfirmed,100,0.000,0.000,0.000,12.000,5.000,0.000,0.000,0.000,11.000,0.000,19.000,0.000,0.000,29.000,5.000,0.000,0.000,0.000,19.000
4992962,AP180300.jpg,Unconfirmed,100,0.000,0.000,0.000,0.000,3.000,0.000,0.000,0.000,0.000,0.000,67.000,0.000,0.000,1.000,22.000,0.000,0.000,0.000,7.000
4992961,AP180301.jpg,Unconfirmed,100,0.000,0.000,0.000,2.000,9.000,0.000,0.000,0.000,6.000,0.000,15.000,0.000,0.000,0.000,6.000,0.000,0.000,0.000,62.000
4992960,AP180302.jpg,Unconfirmed,100,0.000,0.000,0.000,1.000,8.000,0.000,0.000,0.000,9.000,0.000,22.000,0.000,0.000,7.000,3.000,0.000,0.000,0.000,50.000
4992959,AP180303.jpg,Unconfirmed,100,0.000,0.000,0.000,6.000,14.000,0.000,0.000,0.000,9.000,0.000,11.000,0.000,0.000,7.000,16.000,0.000,0.000,0.000,37.000
4992957,AP180304.jpg,Unconfirmed,100,0.000,0.000,0.000,23.000,3.000,0.000,0.000,0.000,2.000,0.000,26.000,0.000,0.000,8.000,16.000,1.000,0.000,0.000,21.000
4992958,AP180305.jpg,Unconfirmed,100,0.000,0.000,0.000,23.000,4.000,0.000,0.000,0.000,1.000,1.000,26.000,0.000,0.000,1.000,11.000,0.000,0.000,0.000,33.000
4992956,AP180306.jpg,Unconfirmed,100,0.000,0.000,0.000,23.000,18.000,0.000,0.000,0.000,8.000,0.000,12.000,0.000,0.000,15.000,3.000,0.000,0.000,0.000,21.000
4992955,AP180307.jpg,Unconfirmed,100,0.000,0.000,0.000,11.000,16.000,0.000,0.000,0.000,16.000,0.000,21.000,0.000,0.000,15.000,7.000,0.000,0.000,0.000,14.000
4992954,AP180309.jpg,Unconfirmed,100,0.000,0.000,0.000,10.000,7.000,0.000,0.000,0.000,10.000,0.000,17.000,0.000,0.000,24.000,12.000,0.000,0.000,0.000,20.000
4992953,AP180310.jpg,Unconfirmed,100,0.000,0.000,0.000,6.000,10.000,0.000,0.000,0.000,2.000,1.000,15.000,0.000,0.000,26.000,9.000,0.000,0.000,0.000,31.000
4992951,AP180311.jpg,Unconfirmed,100,0.000,0.000,0.000,5.000,1.000,0.000,0.000,0.000,20.000,0.000,16.000,0.000,0.000,5.000,24.000,0.000,0.000,0.000,29.000
4992952,AP180312.jpg,Unconfirmed,100,0.000,0.000,0.000,5.000,5.000,0.000,0.000,0.000,11.000,1.000,12.000,0.000,0.000,8.000,1.000,0.000,0.000,0.000,57.000
4992950,AP180313.jpg,Unconfirmed,100,0.000,0.000,0.000,0.000,1.000,0.000,0.000,0.000,8.000,0.000,33.000,0.000,0.000,3.000,35.000,0.000,0.000,0.000,20.000
4992949,AP180314.jpg,Unconfirmed,100,0.000,0.000,0.000,1.000,4.000,0.000,0.000,0.000,7.000,0.000,40.000,0.000,0.000,13.000,14.000,2.000,0.000,0.000,19.000
4992948,AP180315.jpg,Unconfirmed,100,0.000,0.000,0.000,3.000,5.000,0.000,0.000,0.000,5.000,1.000,34.000,0.000,0.000,15.000,6.000,0.000,0.000,0.000,31.000
4992947,AP180316.jpg,Unconfirmed,100,0.000,0.000,0.000,3.000,2.000,0.000,0.000,0.000,1.000,1.000,22.000,0.000,0.000,0.000,9.000,0.000,0.000,0.000,62.000
4992945,AP180317.jpg,Unconfirmed,100,0.000,0.000,0.000,0.000,1.000,0.000,0.000,0.000,4.000,0.000,46.000,0.000,0.000,21.000,14.000,0.000,0.000,0.000,14.000
4992944,AP180318.jpg,Unconfirmed,100,0.000,0.000,0.000,5.000,10.000,0.000,0.000,0.000,6.000,0.000,47.000,0.000,0.000,5.000,3.000,3.000,0.000,0.000,21.000
4992457,AP180500.jpg,Unconfirmed,100,0.000,0.000,0.000,88.000,0.000,0.000,0.000,0.000,1.000,0.000,0.000,0.000,0.000,4.000,2.000,0.000,0.000,0.000,5.000
4992455,AP180501.jpg,Unconfirmed,100,0.000,0.000,0.000,47.000,0.000,0.000,0.000,0.000,15.000,0.000,0.000,0.000,0.000,16.000,22.000,0.000,0.000,0.000,0.000
4992454,AP180502.jpg,Unconfirmed,100,0.000,0.000,0.000,47.000,0.000,0.000,0.000,0.000,3.000,0.000,0.000,0.000,0.000,7.000,29.000,0.000,0.000,0.000,14.000
4992453,AP180503.jpg,Unconfirmed,100,0.000,0.000,0.000,1.000,0.000,0.000,0.000,0.000,0.000,0.000,0.000,0.000,0.000,0.000,66.000,0.000,0.000,0.000,33.000
4992452,AP180504.jpg,Unconfirmed,100,0.000,0.000,0.000,0.000,0.000,0.000,0.000,0.000,1.000,0.000,0.000,0.000,0.000,0.000,98.000,0.000,0.000,0.000,1.000
4992451,AP180505.jpg,Unconfirmed,100,0.000,0.000,0.000,90.000,0.000,0.000,0.000,0.000,0.000,0.000,0.000,0.000,0.000,4.000,6.000,0.000,0.000,0.000,0.000
4992449,AP180506.jpg,Unconfirmed,100,0.000,0.000,0.000,98.000,0.000,0.000,0.000,0.000,0.000,0.000,1.000,0.000,0.000,1.000,0.000,0.000,0.000,0.000,0.000
4992450,AP180507.jpg,Unconfirmed,100,0.000,0.000,0.000,97.000,0.000,0.000,0.000,0.000,0.000,0.000,0.000,0.000,0.000,1.000,0.000,0.000,0.000,0.000,2.000
4992448,AP180508.jpg,Unconfirmed,100,0.000,0.000,0.000,0.000,0.000,0.000,0.000,0.000,1.000,0.000,0.000,0.000,0.000,1.000,65.000,0.000,0.000,0.000,33.000
4992447,AP180509.jpg,Unconfirmed,100,0.000,0.000,0.000,0.000,0.000,0.000,0.000,0.000,6.000,0.000,0.000,0.000,0.000,0.000,30.000,0.000,0.000,0.000,64.000
4992446,AP180510.jpg,Unconfirmed,100,0.000,0.000,0.000,0.000,0.000,0.000,0.000,0.000,31.000,0.000,0.000,0.000,0.000,9.000,14.000,0.000,0.000,0.000,46.000
4992445,AP180511.jpg,Unconfirmed,100,0.000,0.000,0.000,1.000,0.000,0.000,0.000,0.000,8.000,0.000,0.000,0.000,0.000,0.000,10.000,0.000,0.000,0.000,81.000
4992444,AP180512.jpg,Unconfirmed,100,0.000,0.000,0.000,0.000,0.000,0.000,0.000,0.000,3.000,0.000,0.000,0.000,0.000,0.000,2.000,0.000,0.000,0.000,95.000
4992443,AP180513.jpg,Unconfirmed,100,0.000,0.000,0.000,98.000,0.000,0.000,0.000,0.000,1.000,0.000,0.000,0.000,0.000,1.000,0.000,0.000,0.000,0.000,0.000
4992442,AP180514.jpg,Unconfirmed,100,0.000,0.000,0.000,100.000,0.000,0.000,0.000,0.000,0.000,0.000,0.000,0.000,0.000,0.000,0.000,0.000,0.000,0.000,0.000
4992441,AP180515.jpg,Unconfirmed,100,0.000,0.000,0.000,86.000,0.000,0.000,0.000,0.000,6.000,0.000,0.000,0.000,0.000,8.000,0.000,0.000,0.000,0.000,0.000
4992440,AP180516.jpg,Unconfirmed,100,0.000,0.000,0.000,0.000,0.000,0.000,0.000,0.000,24.000,0.000,0.000,0.000,0.000,7.000,5.000,0.000,0.000,0.000,64.000
4992439,AP180517.jpg,Unconfirmed,100,0.000,0.000,0.000,3.000,0.000,0.000,0.000,0.000,13.000,0.000,0.000,0.000,0.000,63.000,0.000,0.000,0.000,0.000,21.000
4992438,AP180518.jpg,Unconfirmed,100,0.000,0.000,0.000,0.000,0.000,0.000,0.000,0.000,4.000,0.000,0.000,0.000,0.000,0.000,47.000,0.000,0.000,0.000,49.000
4992437,AP180519.jpg,Unconfirmed,100,0.000,0.000,0.000,0.000,0.000,0.000,0.000,0.000,71.000,0.000,0.000,0.000,0.000,8.000,3.000,0.000,0.000,0.000,18.000
4992436,AP180520.jpg,Unconfirmed,100,0.000,0.000,0.000,0.000,1.000,0.000,0.000,0.000,0.000,0.000,0.000,0.000,0.000,2.000,51.000,0.000,0.000,0.000,46.000
4992435,AP180521.jpg,Unconfirmed,100,0.000,0.000,0.000,56.000,0.000,0.000,0.000,0.000,3.000,0.000,0.000,0.000,0.000,0.000,39.000,0.000,0.000,0.000,2.000
4992434,AP180522.jpg,Unconfirmed,100,0.000,0.000,0.000,0.000,0.000,0.000,0.000,0.000,11.000,0.000,0.000,0.000,0.000,0.000,74.000,0.000,0.000,0.000,15.000
4992433,AP180523.jpg,Unconfirmed,100,0.000,0.000,0.000,0.000,1.000,0.000,0.000,0.000,7.000,0.000,0.000,0.000,0.000,3.000,19.000,0.000,0.000,0.000,70.000
4992432,AP180524.jpg,Unconfirmed,100,0.000,0.000,0.000,0.000,0.000,0.000,0.000,0.000,45.000,0.000,0.000,0.000,0.000,0.000,2.000,1.000,0.000,0.000,52.000
4992431,AP180525.jpg,Unconfirmed,100,0.000,0.000,0.000,1.000,0.000,0.000,0.000,0.000,7.000,0.000,0.000,0.000,0.000,0.000,31.000,0.000,0.000,0.000,61.000
4992430,AP180526.jpg,Unconfirmed,100,0.000,0.000,0.000,8.000,0.000,0.000,0.000,0.000,9.000,0.000,0.000,0.000,0.000,2.000,66.000,0.000,0.000,0.000,15.000
4992429,AP180527.jpg,Unconfirmed,100,0.000,0.000,0.000,0.000,0.000,0.000,0.000,0.000,13.000,0.000,0.000,0.000,0.000,0.000,21.000,0.000,0.000,0.000,66.000
4992428,AP180528.jpg,Unconfirmed,100,0.000,0.000,0.000,0.000,0.000,0.000,0.000,0.000,36.000,0.000,0.000,0.000,0.000,0.000,51.000,0.000,0.000,0.000,13.000
4992427,AP180529.jpg,Unconfirmed,100,0.000,0.000,0.000,0.000,0.000,0.000,0.000,0.000,4.000,0.000,0.000,0.000,0.000,0.000,50.000,0.000,0.000,0.000,46.000
4992426,AP180530.jpg,Unconfirmed,100,0.000,0.000,0.000,0.000,0.000,0.000,0.000,0.000,2.000,0.000,0.000,0.000,0.000,0.000,98.000,0.000,0.000,0.000,0.000
4992425,AP180531.jpg,Unconfirmed,100,0.000,0.000,0.000,0.000,0.000,0.000,0.000,0.000,6.000,0.000,0.000,0.000,0.000,1.000,50.000,0.000,0.000,0.000,43.000
4992424,AP180532.jpg,Unconfirmed,100,0.000,0.000,0.000,0.000,0.000,0.000,0.000,0.000,13.000,0.000,1.000,0.000,0.000,0.000,18.000,0.000,0.000,0.000,68.000
4992423,AP180533.jpg,Unconfirmed,100,0.000,0.000,0.000,1.000,0.000,0.000,0.000,0.000,25.000,0.000,0.000,0.000,0.000,4.000,45.000,0.000,0.000,0.000,25.000
4992422,AP180534.jpg,Unconfirmed,100,0.000,0.000,0.000,100.000,0.000,0.000,0.000,0.000,0.000,0.000,0.000,0.000,0.000,0.000,0.000,0.000,0.000,0.000,0.000
4992421,AP180535.jpg,Unconfirmed,100,0.000,0.000,0.000,0.000,1.000,0.000,0.000,0.000,6.000,0.000,0.000,0.000,0.000,0.000,39.000,0.000,0.000,0.000,54.000
4992420,AP180536.jpg,Unconfirmed,100,0.000,0.000,0.000,0.000,0.000,0.000,0.000,0.000,23.000,0.000,0.000,0.000,0.000,0.000,50.000,0.000,0.000,0.000,27.000
4992419,AP180537.jpg,Unconfirmed,100,0.000,0.000,0.000,0.000,0.000,0.000,0.000,0.000,14.000,0.000,0.000,0.000,0.000,0.000,1.000,0.000,0.000,0.000,85.000
4992418,AP180538.jpg,Unconfirmed,100,0.000,0.000,0.000,0.000,0.000,0.000,0.000,0.000,3.000,0.000,0.000,0.000,0.000,0.000,24.000,0.000,0.000,0.000,73.000
4992416,AP180539.jpg,Unconfirmed,100,0.000,0.000,0.000,0.000,0.000,0.000,0.000,0.000,13.000,0.000,0.000,0.000,0.000,0.000,13.000,0.000,0.000,0.000,74.000
4992417,AP180540.jpg,Unconfirmed,100,0.000,0.000,0.000,0.000,0.000,0.000,0.000,0.000,20.000,0.000,0.000,0.000,0.000,0.000,2.000,0.000,0.000,0.000,78.000
4992415,AP180541.jpg,Unconfirmed,100,0.000,0.000,0.000,0.000,0.000,0.000,0.000,0.000,5.000,0.000,0.000,0.000,0.000,21.000,41.000,0.000,0.000,0.000,33.000
4992414,AP180542.jpg,Unconfirmed,100,0.000,0.000,0.000,0.000,0.000,0.000,0.000,0.000,9.000,0.000,0.000,0.000,0.000,1.000,0.000,0.000,0.000,0.000,90.000
4992413,AP180543.jpg,Unconfirmed,100,0.000,0.000,0.000,0.000,1.000,0.000,0.000,0.000,5.000,0.000,0.000,0.000,0.000,0.000,3.000,0.000,0.000,0.000,91.000
4992412,AP180544.jpg,Unconfirmed,100,0.000,0.000,0.000,0.000,0.000,0.000,0.000,0.000,18.000,0.000,1.000,0.000,0.000,0.000,2.000,0.000,0.000,0.000,79.000
4992411,AP180545.jpg,Unconfirmed,100,0.000,0.000,0.000,0.000,0.000,0.000,0.000,0.000,6.000,0.000,0.000,0.000,0.000,0.000,1.000,0.000,0.000,0.000,93.000
4992410,AP180546.jpg,Unconfirmed,100,0.000,0.000,0.000,15.000,0.000,0.000,0.000,0.000,10.000,0.000,2.000,0.000,0.000,10.000,30.000,0.000,0.000,0.000,33.000
4992409,AP180547.jpg,Unconfirmed,100,0.000,0.000,0.000,100.000,0.000,0.000,0.000,0.000,0.000,0.000,0.000,0.000,0.000,0.000,0.000,0.000,0.000,0.000,0.000
4992408,AP180548.jpg,Unconfirmed,100,0.000,0.000,0.000,100.000,0.000,0.000,0.000,0.000,0.000,0.000,0.000,0.000,0.000,0.000,0.000,0.000,0.000,0.000,0.000
4992407,AP180549.jpg,Unconfirmed,100,0.000,0.000,0.000,100.000,0.000,0.000,0.000,0.000,0.000,0.000,0.000,0.000,0.000,0.000,0.000,0.000,0.000,0.000,0.000
4992406,AP180550.jpg,Unconfirmed,100,0.000,0.000,0.000,97.000,0.000,0.000,0.000,0.000,2.000,0.000,0.000,0.000,0.000,1.000,0.000,0.000,0.000,0.000,0.000
4992404,AP180551.jpg,Unconfirmed,100,0.000,0.000,0.000,98.000,0.000,0.000,0.000,0.000,1.000,0.000,0.000,0.000,0.000,1.000,0.000,0.000,0.000,0.000,0.000
4992405,AP180552.jpg,Unconfirmed,100,0.000,0.000,0.000,66.000,0.000,0.000,0.000,0.000,19.000,0.000,0.000,0.000,0.000,15.000,0.000,0.000,0.000,0.000,0.000
4992403,AP180553.jpg,Unconfirmed,100,0.000,0.000,0.000,100.000,0.000,0.000,0.000,0.000,0.000,0.000,0.000,0.000,0.000,0.000,0.000,0.000,0.000,0.000,0.000
4992402,AP180554.jpg,Unconfirmed,100,0.000,0.000,0.000,100.000,0.000,0.000,0.000,0.000,0.000,0.000,0.000,0.000,0.000,0.000,0.000,0.000,0.000,0.000,0.000
4992401,AP180555.jpg,Unconfirmed,100,0.000,0.000,0.000,3.000,1.000,0.000,0.000,0.000,20.000,0.000,0.000,0.000,0.000,1.000,25.000,0.000,0.000,0.000,50.000
4992400,AP180556.jpg,Unconfirmed,100,0.000,0.000,0.000,0.000,0.000,0.000,0.000,0.000,10.000,0.000,0.000,0.000,0.000,6.000,4.000,0.000,0.000,0.000,80.000
4992398,AP180557.jpg,Unconfirmed,100,0.000,0.000,0.000,0.000,0.000,0.000,0.000,0.000,15.000,0.000,0.000,0.000,0.000,4.000,26.000,0.000,0.000,0.000,55.000
4992399,AP180558.jpg,Unconfirmed,100,0.000,0.000,0.000,1.000,0.000,0.000,0.000,0.000,34.000,0.000,0.000,0.000,0.000,1.000,0.000,1.000,0.000,0.000,63.000
4992397,AP180559.jpg,Unconfirmed,100,0.000,0.000,0.000,98.000,0.000,0.000,0.000,0.000,1.000,0.000,0.000,0.000,0.000,1.000,0.000,0.000,0.000,0.000,0.000
4992395,AP180560.jpg,Unconfirmed,100,0.000,0.000,0.000,1.000,0.000,0.000,0.000,0.000,20.000,0.000,0.000,0.000,0.000,0.000,46.000,0.000,0.000,0.000,33.000
4992396,AP180562.jpg,Unconfirmed,100,0.000,0.000,0.000,25.000,0.000,0.000,0.000,0.000,5.000,0.000,12.000,0.000,0.000,1.000,9.000,0.000,0.000,0.000,48.000
4992394,AP180563.jpg,Unconfirmed,100,0.000,0.000,0.000,5.000,8.000,0.000,0.000,0.000,31.000,0.000,4.000,1.000,0.000,0.000,4.000,9.000,0.000,0.000,38.000
4992393,AP180564.jpg,Unconfirmed,100,0.000,0.000,0.000,0.000,3.000,0.000,0.000,0.000,1.000,0.000,7.000,0.000,0.000,0.000,1.000,3.000,0.000,0.000,85.000
4992392,AP180565.jpg,Unconfirmed,100,0.000,0.000,0.000,0.000,20.000,0.000,0.000,0.000,0.000,0.000,0.000,0.000,0.000,0.000,0.000,0.000,0.000,0.000,80.000
4992391,AP180566.jpg,Unconfirmed,100,0.000,0.000,0.000,0.000,0.000,0.000,0.000,0.000,0.000,0.000,10.000,0.000,0.000,0.000,0.000,0.000,0.000,0.000,90.000
4992390,AP180567.jpg,Unconfirmed,100,0.000,0.000,0.000,0.000,10.000,0.000,0.000,0.000,6.000,0.000,6.000,0.000,0.000,0.000,1.000,8.000,0.000,0.000,69.000
4992389,AP180568.jpg,Unconfirmed,100,0.000,0.000,0.000,0.000,5.000,0.000,0.000,0.000,2.000,0.000,4.000,0.000,0.000,1.000,1.000,0.000,0.000,0.000,87.000
4992388,AP180569.jpg,Unconfirmed,100,0.000,0.000,0.000,0.000,4.000,0.000,0.000,0.000,6.000,0.000,4.000,0.000,0.000,0.000,4.000,17.000,0.000,0.000,65.000
4992387,AP180570.jpg,Unconfirmed,100,0.000,0.000,0.000,1.000,6.000,0.000,0.000,0.000,5.000,0.000,1.000,0.000,0.000,0.000,1.000,18.000,0.000,0.000,68.000
4992386,AP180571.jpg,Unconfirmed,100,0.000,0.000,0.000,0.000,5.000,0.000,0.000,0.000,9.000,0.000,13.000,0.000,0.000,0.000,1.000,7.000,0.000,0.000,65.000
4992385,AP180572.jpg,Unconfirmed,100,0.000,0.000,0.000,0.000,19.000,0.000,0.000,0.000,16.000,0.000,2.000,0.000,0.000,0.000,4.000,9.000,0.000,0.000,50.000
4992384,AP180573.jpg,Unconfirmed,100,0.000,0.000,0.000,0.000,5.000,0.000,0.000,0.000,4.000,0.000,17.000,0.000,0.000,0.000,13.000,22.000,0.000,0.000,39.000
4992383,AP180574.jpg,Unconfirmed,100,0.000,0.000,0.000,0.000,7.000,0.000,0.000,0.000,5.000,0.000,7.000,0.000,0.000,0.000,2.000,3.000,0.000,0.000,76.000
4992382,AP180575.jpg,Unconfirmed,100,0.000,0.000,0.000,0.000,17.000,0.000,0.000,0.000,9.000,0.000,12.000,0.000,0.000,0.000,2.000,22.000,0.000,0.000,38.000
4992381,AP180576.jpg,Unconfirmed,100,0.000,0.000,0.000,0.000,5.000,0.000,0.000,0.000,9.000,0.000,2.000,0.000,0.000,0.000,13.000,33.000,0.000,0.000,38.000
4992379,AP180577.jpg,Unconfirmed,100,0.000,0.000,0.000,0.000,8.000,0.000,0.000,0.000,8.000,0.000,3.000,0.000,0.000,0.000,9.000,29.000,0.000,0.000,43.000
4992380,AP180578.jpg,Unconfirmed,100,0.000,0.000,0.000,0.000,10.000,0.000,0.000,0.000,4.000,0.000,11.000,1.000,0.000,0.000,15.000,24.000,0.000,0.000,35.000
4992378,AP180579.jpg,Unconfirmed,100,0.000,0.000,0.000,0.000,3.000,0.000,0.000,0.000,17.000,0.000,3.000,0.000,0.000,1.000,8.000,14.000,0.000,0.000,54.000
4992377,AP180580.jpg,Unconfirmed,100,0.000,0.000,0.000,0.000,18.000,0.000,0.000,0.000,9.000,0.000,15.000,0.000,0.000,0.000,6.000,6.000,0.000,0.000,46.000
4992376,AP180581.jpg,Unconfirmed,100,0.000,0.000,0.000,0.000,5.000,0.000,0.000,0.000,17.000,0.000,15.000,0.000,0.000,0.000,5.000,14.000,0.000,0.000,44.000
4992375,AP180582.jpg,Unconfirmed,100,0.000,0.000,0.000,1.000,3.000,0.000,0.000,0.000,7.000,0.000,17.000,0.000,0.000,9.000,6.000,0.000,0.000,0.000,57.000
4992374,AP180583.jpg,Unconfirmed,100,0.000,0.000,0.000,1.000,12.000,0.000,0.000,0.000,11.000,0.000,16.000,0.000,0.000,7.000,8.000,3.000,0.000,0.000,42.000
4992373,AP180584.jpg,Unconfirmed,100,0.000,0.000,0.000,0.000,0.000,0.000,0.000,0.000,1.000,0.000,3.000,0.000,0.000,0.000,2.000,0.000,0.000,0.000,94.000
4992372,AP180585.jpg,Unconfirmed,100,0.000,0.000,0.000,0.000,4.000,0.000,0.000,0.000,8.000,0.000,13.000,0.000,0.000,0.000,5.000,5.000,0.000,0.000,65.000
4992371,AP180586.jpg,Unconfirmed,100,0.000,0.000,1.000,0.000,10.000,0.000,0.000,0.000,11.000,0.000,34.000,0.000,0.000,0.000,8.000,0.000,0.000,0.000,36.000
4992370,AP180587.jpg,Unconfirmed,100,0.000,0.000,0.000,1.000,3.000,0.000,0.000,0.000,11.000,0.000,35.000,0.000,0.000,0.000,7.000,2.000,0.000,0.000,41.000
4992369,AP180588.jpg,Unconfirmed,100,0.000,0.000,0.000,0.000,0.000,0.000,0.000,0.000,19.000,0.000,8.000,0.000,0.000,0.000,20.000,6.000,0.000,0.000,47.000
4992368,AP180589.jpg,Unconfirmed,100,0.000,0.000,1.000,0.000,1.000,0.000,0.000,0.000,16.000,0.000,8.000,0.000,0.000,0.000,43.000,0.000,0.000,0.000,31.000
4992367,AP180590.jpg,Unconfirmed,100,0.000,0.000,0.000,0.000,31.000,0.000,0.000,0.000,18.000,0.000,3.000,0.000,0.000,0.000,8.000,18.000,0.000,0.000,22.000
4992366,AP180591.jpg,Unconfirmed,100,0.000,0.000,0.000,0.000,0.000,0.000,0.000,0.000,28.000,0.000,3.000,0.000,0.000,0.000,2.000,14.000,0.000,0.000,53.000
4992365,AP180592.jpg,Unconfirmed,100,0.000,0.000,0.000,0.000,0.000,0.000,0.000,0.000,14.000,0.000,15.000,0.000,0.000,1.000,33.000,0.000,0.000,0.000,37.000
4992364,AP180593.jpg,Unconfirmed,100,0.000,0.000,0.000,0.000,2.000,0.000,0.000,0.000,23.000,0.000,13.000,0.000,0.000,0.000,2.000,2.000,0.000,0.000,58.000
4992363,AP180594.jpg,Unconfirmed,100,0.000,0.000,0.000,0.000,3.000,0.000,0.000,0.000,8.000,0.000,23.000,0.000,0.000,0.000,15.000,8.000,0.000,0.000,43.000
4992362,AP180595.jpg,Unconfirmed,100,0.000,0.000,0.000,0.000,3.000,0.000,0.000,0.000,0.000,0.000,3.000,0.000,0.000,0.000,0.000,0.000,0.000,0.000,94.000
4992360,AP180596.jpg,Unconfirmed,100,0.000,0.000,0.000,1.000,1.000,0.000,0.000,0.000,17.000,0.000,12.000,0.000,0.000,0.000,45.000,0.000,0.000,0.000,24.000
4992361,AP180597.jpg,Unconfirmed,100,0.000,0.000,0.000,0.000,0.000,0.000,0.000,0.000,13.000,0.000,30.000,0.000,0.000,3.000,16.000,1.000,0.000,0.000,37.000
4992359,AP180598.jpg,Unconfirmed,100,0.000,0.000,0.000,0.000,0.000,0.000,0.000,0.000,1.000,0.000,25.000,0.000,0.000,1.000,17.000,2.000,0.000,0.000,54.000
4992357,AP180599.jpg,Unconfirmed,100,0.000,0.000,0.000,0.000,1.000,0.000,0.000,0.000,8.000,0.000,0.000,0.000,0.000,0.000,2.000,7.000,0.000,0.000,82.000
4992358,AP180600.jpg,Unconfirmed,100,0.000,0.000,0.000,0.000,12.000,0.000,0.000,0.000,14.000,0.000,0.000,0.000,0.000,0.000,0.000,3.000,0.000,0.000,71.000
4992356,AP180601.jpg,Unconfirmed,100,0.000,0.000,0.000,0.000,5.000,0.000,0.000,0.000,11.000,0.000,1.000,0.000,0.000,0.000,1.000,5.000,0.000,0.000,77.000
4992355,AP180602.jpg,Unconfirmed,100,0.000,0.000,0.000,3.000,2.000,0.000,0.000,0.000,12.000,0.000,1.000,0.000,0.000,0.000,4.000,6.000,0.000,0.000,72.000
4992354,AP180603.jpg,Unconfirmed,100,0.000,0.000,0.000,0.000,7.000,0.000,0.000,0.000,20.000,0.000,1.000,0.000,0.000,0.000,5.000,9.000,0.000,0.000,58.000
4992353,AP180604.jpg,Unconfirmed,100,0.000,0.000,0.000,0.000,1.000,0.000,0.000,0.000,1.000,0.000,2.000,0.000,0.000,0.000,8.000,7.000,0.000,0.000,81.000
4992352,AP180605.jpg,Unconfirmed,100,0.000,0.000,0.000,0.000,7.000,0.000,0.000,0.000,5.000,0.000,22.000,0.000,0.000,0.000,3.000,15.000,0.000,0.000,48.000
4992351,AP180606.jpg,Unconfirmed,100,0.000,0.000,0.000,0.000,24.000,0.000,0.000,0.000,1.000,0.000,26.000,0.000,0.000,0.000,5.000,18.000,0.000,0.000,26.000
4992350,AP180607.jpg,Unconfirmed,100,0.000,0.000,0.000,0.000,8.000,0.000,0.000,0.000,2.000,1.000,10.000,0.000,0.000,0.000,6.000,21.000,0.000,0.000,52.000
4992348,AP180608.jpg,Unconfirmed,100,0.000,0.000,0.000,0.000,94.000,0.000,0.000,0.000,4.000,0.000,0.000,0.000,0.000,1.000,1.000,0.000,0.000,0.000,0.000
4992349,AP180609.jpg,Unconfirmed,100,0.000,0.000,0.000,0.000,40.000,0.000,0.000,0.000,8.000,0.000,27.000,0.000,0.000,2.000,2.000,6.000,0.000,0.000,15.000
4992347,AP180610.jpg,Unconfirmed,100,0.000,0.000,0.000,0.000,6.000,0.000,0.000,0.000,5.000,0.000,8.000,0.000,0.000,0.000,5.000,1.000,0.000,0.000,75.000
4992346,AP180611.jpg,Unconfirmed,100,0.000,0.000,0.000,0.000,13.000,0.000,0.000,0.000,3.000,0.000,24.000,0.000,0.000,1.000,20.000,0.000,0.000,0.000,39.000
4992345,AP180612.jpg,Unconfirmed,100,0.000,0.000,0.000,26.000,5.000,0.000,0.000,0.000,18.000,0.000,19.000,0.000,0.000,1.000,5.000,9.000,0.000,0.000,17.000
4992344,AP180613.jpg,Unconfirmed,100,0.000,0.000,0.000,0.000,7.000,0.000,0.000,0.000,2.000,0.000,26.000,0.000,0.000,0.000,6.000,14.000,0.000,0.000,45.000
4992343,AP180614.jpg,Unconfirmed,100,0.000,0.000,0.000,0.000,15.000,0.000,0.000,0.000,5.000,0.000,22.000,0.000,0.000,0.000,5.000,15.000,0.000,0.000,38.000
4992341,AP180615.jpg,Unconfirmed,100,0.000,0.000,0.000,0.000,21.000,0.000,0.000,0.000,3.000,0.000,5.000,0.000,0.000,0.000,13.000,2.000,0.000,0.000,56.000
4992342,AP180616.jpg,Unconfirmed,100,0.000,0.000,0.000,0.000,0.000,0.000,0.000,0.000,9.000,0.000,2.000,0.000,0.000,0.000,6.000,10.000,0.000,0.000,73.000
4992340,AP180617.jpg,Unconfirmed,100,0.000,0.000,0.000,0.000,8.000,0.000,0.000,0.000,5.000,0.000,10.000,1.000,0.000,0.000,9.000,13.000,0.000,0.000,54.000
4992339,AP180618.jpg,Unconfirmed,100,0.000,0.000,0.000,0.000,9.000,0.000,0.000,0.000,23.000,0.000,5.000,0.000,0.000,1.000,8.000,21.000,0.000,0.000,33.000
4992338,AP180619.jpg,Unconfirmed,100,0.000,0.000,0.000,0.000,16.000,0.000,0.000,0.000,5.000,0.000,1.000,0.000,0.000,0.000,12.000,2.000,0.000,0.000,64.000
4992337,AP180620.jpg,Unconfirmed,100,0.000,0.000,0.000,5.000,91.000,0.000,0.000,0.000,3.000,0.000,0.000,0.000,0.000,0.000,1.000,0.000,0.000,0.000,0.000
4992336,AP180621.jpg,Unconfirmed,100,0.000,0.000,0.000,0.000,15.000,0.000,0.000,0.000,4.000,0.000,13.000,0.000,0.000,0.000,7.000,14.000,0.000,0.000,47.000
4992335,AP180622.jpg,Unconfirmed,100,0.000,0.000,0.000,0.000,16.000,0.000,0.000,0.000,4.000,0.000,16.000,0.000,0.000,0.000,3.000,11.000,0.000,0.000,50.000
4992334,AP180624.jpg,Unconfirmed,100,0.000,0.000,0.000,68.000,3.000,0.000,0.000,0.000,9.000,0.000,4.000,0.000,0.000,12.000,0.000,0.000,0.000,0.000,4.000
4992333,AP180625.jpg,Unconfirmed,100,0.000,0.000,0.000,9.000,20.000,0.000,0.000,0.000,13.000,0.000,6.000,0.000,0.000,8.000,1.000,0.000,0.000,0.000,43.000
4992332,AP180626.jpg,Unconfirmed,100,0.000,0.000,0.000,5.000,11.000,0.000,0.000,0.000,1.000,0.000,40.000,0.000,0.000,3.000,8.000,1.000,0.000,0.000,31.000
4992331,AP180627.jpg,Unconfirmed,100,0.000,0.000,0.000,11.000,3.000,0.000,0.000,0.000,6.000,0.000,21.000,0.000,0.000,10.000,5.000,0.000,0.000,0.000,44.000
4992329,AP180628.jpg,Unconfirmed,100,0.000,0.000,0.000,18.000,13.000,0.000,0.000,0.000,9.000,0.000,27.000,0.000,0.000,2.000,8.000,2.000,0.000,0.000,21.000
4992330,AP180629.jpg,Unconfirmed,100,0.000,0.000,0.000,13.000,8.000,0.000,0.000,0.000,18.000,0.000,19.000,1.000,0.000,11.000,2.000,3.000,0.000,0.000,25.000
4992328,AP180630.jpg,Unconfirmed,100,0.000,0.000,0.000,29.000,21.000,0.000,0.000,0.000,9.000,1.000,7.000,0.000,0.000,3.000,0.000,8.000,0.000,0.000,22.000
4992327,AP180631.jpg,Unconfirmed,100,0.000,0.000,0.000,29.000,5.000,0.000,0.000,0.000,3.000,0.000,11.000,0.000,0.000,14.000,1.000,0.000,0.000,0.000,37.000
4992326,AP180632.jpg,Unconfirmed,100,0.000,0.000,0.000,0.000,36.000,0.000,0.000,0.000,5.000,0.000,1.000,1.000,0.000,0.000,3.000,7.000,0.000,0.000,47.000
4992325,AP180633.jpg,Unconfirmed,100,0.000,0.000,0.000,28.000,31.000,0.000,0.000,0.000,22.000,0.000,12.000,0.000,0.000,3.000,0.000,0.000,0.000,0.000,4.000
4992324,AP180634.jpg,Unconfirmed,100,0.000,0.000,0.000,25.000,14.000,0.000,0.000,0.000,6.000,1.000,17.000,0.000,0.000,6.000,7.000,0.000,0.000,0.000,24.000
4992323,AP180635.jpg,Unconfirmed,100,0.000,0.000,0.000,22.000,4.000,0.000,0.000,0.000,6.000,0.000,58.000,0.000,0.000,8.000,1.000,0.000,0.000,0.000,1.000
4992322,AP180636.jpg,Unconfirmed,100,0.000,0.000,0.000,7.000,28.000,0.000,0.000,0.000,15.000,0.000,3.000,2.000,0.000,1.000,5.000,7.000,0.000,0.000,32.000
4992321,AP180637.jpg,Unconfirmed,100,0.000,0.000,0.000,34.000,38.000,0.000,0.000,0.000,7.000,0.000,9.000,0.000,0.000,2.000,1.000,0.000,0.000,0.000,9.000
4992319,AP180638.jpg,Unconfirmed,100,0.000,0.000,0.000,4.000,11.000,0.000,0.000,0.000,9.000,0.000,12.000,0.000,0.000,14.000,18.000,2.000,0.000,0.000,30.000
4992320,AP180639.jpg,Unconfirmed,100,0.000,0.000,0.000,11.000,39.000,0.000,0.000,0.000,7.000,0.000,8.000,0.000,0.000,4.000,9.000,0.000,0.000,0.000,22.000
4992318,AP180640.jpg,Unconfirmed,100,0.000,0.000,0.000,0.000,23.000,0.000,0.000,0.000,7.000,0.000,13.000,0.000,0.000,11.000,15.000,0.000,0.000,0.000,31.000
4992316,AP180641.jpg,Unconfirmed,100,0.000,0.000,0.000,17.000,5.000,0.000,0.000,0.000,16.000,0.000,17.000,0.000,0.000,19.000,17.000,2.000,0.000,0.000,7.000
4992317,AP180642.jpg,Unconfirmed,100,0.000,0.000,0.000,0.000,23.000,0.000,0.000,0.000,5.000,0.000,2.000,0.000,0.000,3.000,19.000,0.000,0.000,0.000,48.000
4992315,AP180643.jpg,Unconfirmed,100,0.000,0.000,0.000,27.000,4.000,0.000,0.000,0.000,13.000,0.000,31.000,1.000,0.000,19.000,0.000,0.000,0.000,0.000,5.000
4992314,AP180644.jpg,Unconfirmed,100,0.000,0.000,1.000,0.000,5.000,0.000,0.000,0.000,5.000,0.000,13.000,0.000,0.000,7.000,51.000,2.000,0.000,0.000,16.000
4992313,AP180645.jpg,Unconfirmed,100,0.000,0.000,0.000,7.000,17.000,0.000,0.000,0.000,4.000,0.000,24.000,0.000,0.000,1.000,1.000,0.000,0.000,0.000,46.000
4992312,AP180646.jpg,Unconfirmed,100,0.000,0.000,0.000,38.000,14.000,0.000,0.000,0.000,12.000,1.000,19.000,0.000,0.000,7.000,3.000,1.000,0.000,0.000,5.000
4992311,AP180647.jpg,Unconfirmed,100,0.000,0.000,0.000,15.000,0.000,0.000,0.000,0.000,3.000,0.000,61.000,0.000,0.000,19.000,1.000,0.000,0.000,0.000,1.000
4992310,AP180648.jpg,Unconfirmed,100,0.000,0.000,0.000,12.000,7.000,0.000,0.000,0.000,4.000,0.000,63.000,0.000,0.000,5.000,0.000,2.000,0.000,0.000,7.000
4992309,AP180649.jpg,Unconfirmed,100,0.000,0.000,0.000,13.000,6.000,0.000,0.000,0.000,22.000,0.000,27.000,0.000,0.000,10.000,8.000,8.000,0.000,0.000,6.000
4992308,AP180650.jpg,Unconfirmed,100,0.000,0.000,0.000,2.000,10.000,0.000,0.000,0.000,1.000,0.000,45.000,0.000,0.000,28.000,10.000,0.000,0.000,0.000,4.000
4992307,AP180651.jpg,Unconfirmed,100,0.000,0.000,1.000,6.000,8.000,0.000,0.000,0.000,5.000,0.000,18.000,0.000,0.000,4.000,32.000,1.000,0.000,0.000,25.000
4992306,AP180652.jpg,Unconfirmed,100,0.000,0.000,0.000,13.000,11.000,0.000,0.000,0.000,6.000,0.000,20.000,0.000,0.000,19.000,24.000,0.000,0.000,0.000,7.000
4992305,AP180653.jpg,Unconfirmed,100,0.000,0.000,0.000,0.000,1.000,0.000,0.000,0.000,0.000,0.000,4.000,0.000,0.000,0.000,7.000,13.000,0.000,0.000,75.000
4992304,AP180654.jpg,Unconfirmed,100,0.000,0.000,1.000,7.000,6.000,0.000,0.000,0.000,7.000,0.000,5.000,0.000,0.000,6.000,39.000,0.000,0.000,0.000,29.000
4992302,AP180655.jpg,Unconfirmed,100,0.000,0.000,0.000,15.000,16.000,0.000,0.000,0.000,9.000,0.000,16.000,0.000,0.000,7.000,14.000,0.000,0.000,0.000,23.000
4992303,AP180656.jpg,Unconfirmed,100,0.000,0.000,0.000,9.000,1.000,0.000,0.000,0.000,15.000,0.000,53.000,0.000,0.000,4.000,0.000,0.000,0.000,0.000,18.000
4992301,AP180657.jpg,Unconfirmed,100,0.000,0.000,0.000,1.000,7.000,0.000,0.000,0.000,4.000,0.000,20.000,0.000,0.000,2.000,8.000,3.000,0.000,0.000,55.000
4992300,AP180658.jpg,Unconfirmed,100,0.000,0.000,0.000,7.000,3.000,0.000,0.000,0.000,7.000,0.000,2.000,4.000,0.000,1.000,11.000,9.000,0.000,0.000,56.000
4992299,AP180659.jpg,Unconfirmed,100,0.000,0.000,0.000,1.000,19.000,0.000,0.000,0.000,10.000,0.000,11.000,1.000,0.000,0.000,10.000,4.000,0.000,0.000,44.000
4992298,AP180660.jpg,Unconfirmed,100,0.000,0.000,0.000,2.000,44.000,0.000,0.000,0.000,12.000,0.000,3.000,0.000,0.000,0.000,3.000,5.000,0.000,0.000,31.000
4992297,AP180661.jpg,Unconfirmed,100,0.000,0.000,0.000,3.000,4.000,0.000,0.000,0.000,2.000,0.000,22.000,0.000,0.000,0.000,34.000,0.000,0.000,0.000,35.000
4992296,AP180662.jpg,Unconfirmed,100,0.000,0.000,0.000,1.000,9.000,0.000,0.000,0.000,13.000,0.000,4.000,0.000,0.000,2.000,26.000,0.000,0.000,0.000,45.000
4992295,AP180663.jpg,Unconfirmed,100,0.000,0.000,0.000,1.000,1.000,0.000,0.000,0.000,8.000,0.000,16.000,0.000,0.000,0.000,10.000,0.000,0.000,0.000,64.000
4992294,AP180664.jpg,Unconfirmed,100,0.000,0.000,0.000,0.000,1.000,0.000,0.000,0.000,11.000,0.000,1.000,0.000,0.000,0.000,13.000,1.000,0.000,0.000,73.000
4992293,AP180665.jpg,Unconfirmed,100,0.000,0.000,0.000,0.000,4.000,0.000,0.000,0.000,10.000,0.000,2.000,0.000,0.000,1.000,14.000,1.000,0.000,0.000,68.000
4992291,AP180666.jpg,Unconfirmed,100,0.000,0.000,0.000,1.000,3.000,0.000,0.000,0.000,8.000,0.000,37.000,0.000,0.000,1.000,2.000,10.000,0.000,0.000,38.000
4992292,AP180667.jpg,Unconfirmed,100,0.000,0.000,0.000,0.000,0.000,0.000,0.000,0.000,15.000,0.000,7.000,0.000,0.000,4.000,3.000,2.000,0.000,0.000,69.000
4992290,AP180668.jpg,Unconfirmed,100,0.000,0.000,0.000,0.000,6.000,0.000,0.000,0.000,5.000,0.000,14.000,0.000,0.000,0.000,5.000,7.000,0.000,0.000,63.000
4992287,AP180669.jpg,Unconfirmed,100,0.000,0.000,0.000,0.000,2.000,0.000,0.000,0.000,12.000,0.000,4.000,0.000,0.000,1.000,2.000,0.000,0.000,0.000,79.000
4992289,AP180670.jpg,Unconfirmed,100,0.000,0.000,0.000,17.000,2.000,1.000,0.000,0.000,27.000,0.000,13.000,1.000,0.000,10.000,6.000,4.000,0.000,0.000,19.000
4992288,AP180671.jpg,Unconfirmed,100,0.000,0.000,0.000,1.000,2.000,0.000,0.000,0.000,10.000,0.000,9.000,0.000,0.000,0.000,3.000,7.000,0.000,0.000,68.000
4992286,AP180672.jpg,Unconfirmed,100,0.000,0.000,0.000,1.000,15.000,0.000,0.000,0.000,9.000,0.000,9.000,0.000,0.000,1.000,7.000,6.000,0.000,0.000,52.000
4992284,AP180673.jpg,Unconfirmed,100,0.000,0.000,0.000,1.000,5.000,0.000,0.000,0.000,0.000,0.000,28.000,0.000,0.000,0.000,0.000,5.000,0.000,0.000,61.000
4992285,AP180674.jpg,Unconfirmed,100,0.000,0.000,0.000,5.000,12.000,0.000,0.000,0.000,7.000,0.000,4.000,0.000,0.000,1.000,24.000,0.000,0.000,0.000,47.000
4992282,AP180675.jpg,Unconfirmed,100,0.000,0.000,0.000,19.000,2.000,0.000,0.000,0.000,5.000,0.000,46.000,0.000,0.000,4.000,1.000,3.000,0.000,0.000,20.000
4992283,AP180676.jpg,Unconfirmed,100,0.000,0.000,0.000,6.000,25.000,0.000,0.000,0.000,7.000,1.000,21.000,1.000,0.000,3.000,3.000,5.000,0.000,0.000,28.000
4992281,AP180677.jpg,Unconfirmed,100,0.000,0.000,0.000,3.000,8.000,0.000,0.000,0.000,12.000,0.000,45.000,0.000,0.000,4.000,13.000,0.000,0.000,0.000,15.000
4992279,AP180678.jpg,Unconfirmed,100,0.000,0.000,0.000,15.000,11.000,0.000,0.000,0.000,4.000,0.000,29.000,0.000,0.000,8.000,12.000,2.000,0.000,0.000,19.000
4992280,AP180679.jpg,Unconfirmed,100,0.000,0.000,0.000,9.000,7.000,0.000,0.000,0.000,25.000,3.000,16.000,0.000,0.000,23.000,3.000,0.000,0.000,0.000,14.000
4992278,AP180680.jpg,Unconfirmed,100,0.000,0.000,1.000,2.000,3.000,0.000,0.000,0.000,1.000,0.000,40.000,0.000,0.000,41.000,0.000,3.000,0.000,0.000,9.000
4992276,AP180681.jpg,Unconfirmed,100,0.000,0.000,0.000,0.000,0.000,0.000,0.000,0.000,10.000,0.000,11.000,0.000,0.000,1.000,3.000,4.000,0.000,0.000,71.000
4992277,AP180682.jpg,Unconfirmed,100,0.000,0.000,0.000,2.000,7.000,0.000,0.000,0.000,3.000,0.000,24.000,0.000,0.000,20.000,4.000,1.000,0.000,0.000,39.000
4992275,AP180683.jpg,Unconfirmed,100,0.000,0.000,0.000,9.000,1.000,0.000,0.000,0.000,21.000,0.000,10.000,0.000,0.000,6.000,1.000,4.000,0.000,0.000,48.000
4992274,AP180684.jpg,Unconfirmed,100,0.000,0.000,0.000,0.000,1.000,0.000,0.000,0.000,11.000,0.000,12.000,0.000,0.000,0.000,7.000,0.000,0.000,0.000,69.000
4992272,AP180685.jpg,Unconfirmed,100,0.000,0.000,0.000,3.000,8.000,0.000,0.000,0.000,11.000,0.000,33.000,0.000,0.000,9.000,29.000,0.000,0.000,0.000,7.000
4992273,AP180686.jpg,Unconfirmed,100,0.000,0.000,0.000,3.000,5.000,0.000,0.000,0.000,8.000,0.000,35.000,0.000,0.000,36.000,1.000,0.000,0.000,0.000,12.000
4992271,AP180687.jpg,Unconfirmed,100,0.000,0.000,0.000,0.000,17.000,0.000,0.000,0.000,0.000,0.000,35.000,0.000,0.000,34.000,6.000,1.000,0.000,0.000,7.000
4992269,AP180692.jpg,Unconfirmed,100,0.000,0.000,0.000,0.000,6.000,0.000,0.000,0.000,22.000,0.000,0.000,2.000,0.000,9.000,5.000,0.000,0.000,0.000,56.000
4992270,AP180693.jpg,Unconfirmed,100,0.000,0.000,0.000,0.000,3.000,0.000,0.000,0.000,28.000,0.000,1.000,0.000,0.000,53.000,0.000,0.000,0.000,0.000,15.000
4992267,AP180695.jpg,Unconfirmed,100,0.000,0.000,0.000,0.000,5.000,0.000,0.000,0.000,1.000,1.000,5.000,0.000,0.000,10.000,8.000,0.000,0.000,0.000,70.000
4992268,AP180696.jpg,Unconfirmed,100,0.000,0.000,0.000,13.000,7.000,0.000,0.000,0.000,37.000,0.000,2.000,0.000,0.000,26.000,6.000,0.000,0.000,0.000,9.000
4992266,AP180697.jpg,Unconfirmed,100,0.000,0.000,0.000,15.000,1.000,0.000,0.000,0.000,13.000,0.000,5.000,0.000,0.000,21.000,4.000,0.000,0.000,0.000,41.000
4992265,AP180698.jpg,Unconfirmed,100,0.000,0.000,0.000,3.000,3.000,0.000,0.000,0.000,3.000,5.000,0.000,0.000,0.000,11.000,0.000,0.000,0.000,0.000,75.000
4992264,AP180699.jpg,Unconfirmed,100,0.000,0.000,0.000,0.000,5.000,0.000,0.000,0.000,4.000,1.000,7.000,0.000,0.000,19.000,1.000,0.000,0.000,0.000,63.000
4992263,AP180700.jpg,Unconfirmed,100,0.000,0.000,0.000,0.000,5.000,0.000,0.000,0.000,8.000,2.000,1.000,0.000,0.000,9.000,0.000,2.000,0.000,0.000,73.000
4992262,AP180701.jpg,Unconfirmed,100,0.000,0.000,0.000,0.000,9.000,0.000,0.000,0.000,3.000,1.000,1.000,0.000,0.000,6.000,2.000,0.000,0.000,0.000,78.000
4992261,AP180703.jpg,Unconfirmed,100,0.000,0.000,0.000,0.000,3.000,0.000,0.000,0.000,0.000,0.000,8.000,0.000,0.000,0.000,7.000,0.000,0.000,0.000,82.000
4992260,AP180704.jpg,Unconfirmed,100,0.000,0.000,0.000,0.000,13.000,0.000,0.000,0.000,0.000,0.000,4.000,0.000,0.000,0.000,7.000,0.000,0.000,0.000,76.000
4992259,AP180705.jpg,Unconfirmed,100,0.000,0.000,0.000,0.000,68.000,0.000,0.000,0.000,1.000,0.000,0.000,0.000,0.000,0.000,0.000,0.000,0.000,0.000,31.000
4992257,AP180706.jpg,Unconfirmed,100,0.000,0.000,0.000,0.000,7.000,0.000,0.000,0.000,2.000,0.000,0.000,0.000,0.000,0.000,0.000,0.000,0.000,0.000,91.000
4992258,AP180707.jpg,Unconfirmed,100,0.000,0.000,0.000,0.000,1.000,0.000,0.000,0.000,19.000,0.000,19.000,0.000,0.000,0.000,4.000,0.000,0.000,0.000,57.000
4992256,AP180708.jpg,Unconfirmed,100,0.000,0.000,0.000,0.000,17.000,0.000,0.000,0.000,1.000,0.000,25.000,0.000,0.000,0.000,2.000,0.000,0.000,0.000,55.000
4992255,AP180709.jpg,Unconfirmed,100,0.000,0.000,0.000,0.000,86.000,0.000,0.000,0.000,4.000,0.000,0.000,0.000,0.000,2.000,0.000,0.000,0.000,0.000,8.000
4992254,AP180710.jpg,Unconfirmed,100,0.000,0.000,0.000,0.000,2.000,0.000,0.000,0.000,0.000,0.000,4.000,0.000,0.000,0.000,4.000,0.000,0.000,0.000,90.000
4992253,AP180711.jpg,Unconfirmed,100,0.000,0.000,0.000,0.000,10.000,0.000,0.000,0.000,2.000,0.000,2.000,0.000,0.000,1.000,0.000,0.000,0.000,0.000,85.000
4992252,AP180712.jpg,Unconfirmed,100,0.000,0.000,0.000,0.000,7.000,0.000,0.000,0.000,0.000,0.000,5.000,0.000,0.000,1.000,7.000,0.000,0.000,0.000,80.000
4992251,AP180713.jpg,Unconfirmed,100,0.000,0.000,0.000,0.000,11.000,0.000,0.000,0.000,1.000,0.000,3.000,0.000,0.000,0.000,1.000,0.000,0.000,0.000,84.000
4992250,AP180714.jpg,Unconfirmed,100,0.000,0.000,0.000,0.000,12.000,0.000,0.000,0.000,3.000,1.000,8.000,0.000,0.000,3.000,27.000,0.000,0.000,0.000,46.000
4992249,AP180715.jpg,Unconfirmed,100,0.000,0.000,0.000,0.000,32.000,0.000,0.000,0.000,1.000,0.000,0.000,0.000,0.000,0.000,1.000,0.000,0.000,0.000,66.000
4992248,AP180716.jpg,Unconfirmed,100,0.000,0.000,0.000,0.000,6.000,0.000,0.000,0.000,0.000,0.000,0.000,0.000,0.000,1.000,0.000,0.000,0.000,0.000,93.000
4992247,AP180717.jpg,Unconfirmed,100,0.000,0.000,0.000,0.000,58.000,0.000,0.000,0.000,0.000,0.000,12.000,1.000,0.000,0.000,3.000,0.000,0.000,0.000,26.000
4992246,AP180718.jpg,Unconfirmed,100,0.000,0.000,0.000,4.000,91.000,0.000,0.000,0.000,1.000,0.000,0.000,0.000,0.000,0.000,0.000,0.000,0.000,0.000,4.000
4992245,AP180719.jpg,Unconfirmed,100,0.000,0.000,0.000,1.000,29.000,0.000,0.000,0.000,3.000,0.000,3.000,1.000,0.000,0.000,11.000,0.000,0.000,0.000,52.000
4992244,AP180720.jpg,Unconfirmed,100,0.000,0.000,0.000,0.000,14.000,0.000,0.000,0.000,0.000,0.000,4.000,0.000,0.000,0.000,0.000,0.000,0.000,0.000,82.000
4992243,AP180721.jpg,Unconfirmed,100,0.000,0.000,0.000,0.000,0.000,0.000,0.000,0.000,0.000,0.000,8.000,0.000,0.000,3.000,20.000,0.000,0.000,0.000,69.000
4992242,AP180722.jpg,Unconfirmed,100,0.000,0.000,0.000,0.000,12.000,0.000,0.000,0.000,6.000,0.000,28.000,0.000,0.000,0.000,1.000,0.000,0.000,0.000,53.000
4992241,AP180723.jpg,Unconfirmed,100,0.000,0.000,1.000,2.000,52.000,0.000,0.000,0.000,4.000,0.000,1.000,0.000,0.000,0.000,1.000,0.000,0.000,0.000,39.000
4992239,AP180724.jpg,Unconfirmed,100,0.000,0.000,0.000,0.000,38.000,0.000,0.000,0.000,8.000,0.000,1.000,2.000,0.000,1.000,0.000,1.000,0.000,0.000,49.000
4992240,AP180725.jpg,Unconfirmed,100,0.000,0.000,0.000,0.000,20.000,0.000,0.000,0.000,0.000,0.000,5.000,0.000,0.000,0.000,1.000,0.000,0.000,0.000,74.000
4992238,AP180726.jpg,Unconfirmed,100,0.000,0.000,0.000,1.000,13.000,0.000,0.000,0.000,1.000,0.000,3.000,0.000,0.000,0.000,1.000,1.000,0.000,0.000,80.000
4992237,AP180727.jpg,Unconfirmed,100,0.000,0.000,0.000,0.000,34.000,0.000,0.000,0.000,2.000,0.000,2.000,0.000,0.000,4.000,3.000,1.000,0.000,0.000,54.000
4992236,AP180728.jpg,Unconfirmed,100,0.000,0.000,0.000,0.000,27.000,0.000,0.000,0.000,1.000,0.000,8.000,0.000,0.000,1.000,1.000,0.000,0.000,0.000,62.000
4992235,AP180729.jpg,Unconfirmed,100,0.000,0.000,0.000,0.000,14.000,0.000,0.000,0.000,0.000,0.000,23.000,0.000,0.000,0.000,2.000,0.000,0.000,0.000,61.000
4992234,AP180730.jpg,Unconfirmed,100,0.000,0.000,0.000,0.000,1.000,0.000,0.000,0.000,0.000,0.000,17.000,0.000,0.000,0.000,1.000,0.000,0.000,0.000,81.000
4992233,AP180731.jpg,Unconfirmed,100,0.000,0.000,0.000,0.000,24.000,0.000,0.000,0.000,6.000,0.000,7.000,0.000,0.000,0.000,2.000,0.000,0.000,0.000,61.000
4992232,AP180732.jpg,Unconfirmed,100,0.000,0.000,0.000,0.000,19.000,0.000,0.000,0.000,10.000,0.000,6.000,0.000,0.000,14.000,2.000,1.000,0.000,0.000,48.000
4992231,AP180733.jpg,Unconfirmed,100,0.000,0.000,0.000,3.000,16.000,0.000,0.000,0.000,11.000,0.000,10.000,0.000,0.000,1.000,9.000,3.000,0.000,0.000,47.000
4992230,AP180734.jpg,Unconfirmed,100,0.000,0.000,0.000,1.000,23.000,0.000,0.000,0.000,11.000,0.000,2.000,1.000,0.000,0.000,0.000,4.000,0.000,0.000,58.000
4992228,AP180735.jpg,Unconfirmed,100,0.000,0.000,0.000,12.000,13.000,0.000,0.000,0.000,10.000,0.000,0.000,0.000,0.000,0.000,0.000,3.000,0.000,0.000,62.000
4992227,AP180736.jpg,Unconfirmed,100,0.000,0.000,0.000,2.000,28.000,0.000,0.000,0.000,4.000,0.000,15.000,0.000,0.000,11.000,2.000,1.000,0.000,0.000,37.000
4992229,AP180737.jpg,Unconfirmed,100,0.000,0.000,0.000,0.000,29.000,0.000,0.000,0.000,4.000,0.000,2.000,0.000,0.000,0.000,1.000,0.000,0.000,0.000,64.000
4992226,AP180738.jpg,Unconfirmed,100,0.000,0.000,0.000,0.000,1.000,0.000,0.000,0.000,0.000,0.000,16.000,0.000,0.000,0.000,4.000,0.000,0.000,0.000,79.000
4992225,AP180739.jpg,Unconfirmed,100,0.000,0.000,0.000,0.000,2.000,0.000,0.000,0.000,0.000,0.000,12.000,0.000,0.000,1.000,0.000,0.000,0.000,0.000,85.000
4992224,AP180740.jpg,Unconfirmed,100,0.000,0.000,0.000,6.000,15.000,1.000,0.000,0.000,17.000,0.000,0.000,2.000,0.000,8.000,0.000,2.000,0.000,0.000,49.000
4992223,AP180741.jpg,Unconfirmed,100,0.000,0.000,0.000,0.000,1.000,0.000,0.000,0.000,1.000,0.000,6.000,0.000,0.000,0.000,0.000,0.000,0.000,0.000,92.000
4992221,AP180742.jpg,Unconfirmed,100,0.000,0.000,0.000,0.000,1.000,0.000,0.000,0.000,0.000,0.000,11.000,0.000,0.000,5.000,1.000,0.000,0.000,0.000,82.000
4992222,AP180743.jpg,Unconfirmed,100,0.000,0.000,0.000,0.000,1.000,0.000,0.000,0.000,4.000,0.000,15.000,0.000,0.000,1.000,2.000,0.000,0.000,0.000,77.000
4992219,AP180744.jpg,Unconfirmed,100,0.000,0.000,0.000,0.000,1.000,0.000,0.000,0.000,0.000,0.000,3.000,0.000,0.000,1.000,2.000,0.000,0.000,0.000,93.000
4992220,AP180745.jpg,Unconfirmed,100,0.000,0.000,0.000,3.000,20.000,1.000,0.000,0.000,27.000,0.000,2.000,0.000,0.000,4.000,0.000,1.000,0.000,0.000,42.000
4992218,AP180746.jpg,Unconfirmed,100,0.000,0.000,0.000,0.000,14.000,0.000,0.000,0.000,2.000,0.000,23.000,0.000,0.000,7.000,3.000,0.000,0.000,0.000,51.000
4992217,AP180747.jpg,Unconfirmed,100,0.000,0.000,0.000,1.000,8.000,0.000,0.000,0.000,5.000,0.000,32.000,0.000,0.000,0.000,2.000,1.000,0.000,0.000,51.000
4992216,AP180748.jpg,Unconfirmed,100,0.000,0.000,0.000,0.000,12.000,0.000,0.000,0.000,7.000,0.000,7.000,2.000,0.000,0.000,0.000,1.000,0.000,0.000,71.000
4992215,AP180749.jpg,Unconfirmed,100,0.000,0.000,0.000,0.000,1.000,0.000,0.000,0.000,0.000,0.000,32.000,0.000,0.000,0.000,5.000,0.000,0.000,0.000,62.000
4992214,AP180750.jpg,Unconfirmed,100,0.000,0.000,0.000,13.000,13.000,0.000,0.000,0.000,9.000,0.000,0.000,1.000,0.000,0.000,1.000,0.000,0.000,0.000,63.000
4992212,AP180751.jpg,Unconfirmed,100,0.000,0.000,0.000,0.000,0.000,0.000,0.000,0.000,2.000,0.000,9.000,0.000,0.000,1.000,3.000,0.000,0.000,0.000,85.000
4992213,AP180752.jpg,Unconfirmed,100,0.000,0.000,0.000,0.000,6.000,0.000,0.000,0.000,0.000,0.000,4.000,0.000,0.000,0.000,0.000,0.000,0.000,0.000,90.000
4992211,AP180753.jpg,Unconfirmed,100,0.000,0.000,0.000,0.000,24.000,1.000,0.000,0.000,22.000,0.000,1.000,0.000,0.000,0.000,0.000,1.000,0.000,0.000,51.000
4992210,AP180754.jpg,Unconfirmed,100,0.000,0.000,0.000,0.000,28.000,0.000,0.000,0.000,10.000,0.000,2.000,0.000,0.000,2.000,0.000,1.000,0.000,0.000,57.000
4992209,AP180755.jpg,Unconfirmed,100,0.000,0.000,0.000,0.000,7.000,0.000,0.000,0.000,0.000,0.000,0.000,0.000,0.000,0.000,0.000,0.000,0.000,0.000,93.000
4992208,AP180757.jpg,Unconfirmed,100,0.000,0.000,0.000,0.000,5.000,0.000,0.000,0.000,19.000,0.000,2.000,0.000,0.000,8.000,13.000,0.000,0.000,0.000,53.000
4992207,AP180758.jpg,Unconfirmed,100,0.000,0.000,0.000,0.000,8.000,0.000,0.000,0.000,18.000,0.000,12.000,0.000,0.000,3.000,22.000,0.000,0.000,0.000,37.000
4992206,AP180759.jpg,Unconfirmed,100,0.000,0.000,0.000,0.000,2.000,0.000,0.000,0.000,57.000,0.000,4.000,0.000,0.000,4.000,27.000,0.000,0.000,0.000,6.000
4992205,AP180760.jpg,Unconfirmed,100,0.000,0.000,0.000,7.000,5.000,0.000,0.000,0.000,20.000,0.000,4.000,0.000,0.000,0.000,1.000,0.000,0.000,0.000,63.000
4992204,AP180761.jpg,Unconfirmed,100,0.000,0.000,0.000,1.000,20.000,0.000,0.000,0.000,15.000,0.000,1.000,0.000,0.000,0.000,1.000,0.000,0.000,0.000,62.000
4992203,AP180762.jpg,Unconfirmed,100,0.000,0.000,0.000,90.000,1.000,0.000,0.000,0.000,9.000,0.000,0.000,0.000,0.000,0.000,0.000,0.000,0.000,0.000,0.000
4992202,AP180763.jpg,Unconfirmed,100,0.000,0.000,0.000,82.000,2.000,1.000,0.000,0.000,13.000,0.000,0.000,0.000,0.000,2.000,0.000,0.000,0.000,0.000,0.000
4992201,AP180764.jpg,Unconfirmed,100,0.000,0.000,0.000,6.000,0.000,0.000,0.000,0.000,62.000,0.000,2.000,0.000,0.000,17.000,11.000,0.000,0.000,0.000,2.000
4992200,AP180765.jpg,Unconfirmed,100,0.000,0.000,0.000,1.000,19.000,0.000,0.000,0.000,13.000,0.000,3.000,0.000,0.000,9.000,2.000,0.000,0.000,0.000,53.000
4992199,AP180766.jpg,Unconfirmed,100,0.000,0.000,0.000,1.000,4.000,0.000,0.000,0.000,44.000,0.000,0.000,0.000,0.000,7.000,7.000,0.000,0.000,0.000,37.000
4992198,AP180767.jpg,Unconfirmed,100,0.000,0.000,0.000,91.000,0.000,0.000,0.000,0.000,5.000,0.000,0.000,0.000,0.000,2.000,2.000,0.000,0.000,0.000,0.000
4992197,AP180768.jpg,Unconfirmed,100,0.000,0.000,0.000,97.000,1.000,0.000,0.000,0.000,1.000,0.000,0.000,0.000,0.000,1.000,0.000,0.000,0.000,0.000,0.000
4992196,AP180769.jpg,Unconfirmed,100,0.000,0.000,0.000,83.000,1.000,0.000,0.000,0.000,4.000,0.000,0.000,0.000,0.000,12.000,0.000,0.000,0.000,0.000,0.000
4992195,AP180770.jpg,Unconfirmed,100,0.000,0.000,0.000,27.000,3.000,0.000,0.000,0.000,4.000,0.000,0.000,0.000,0.000,1.000,7.000,0.000,0.000,0.000,58.000
4992194,AP180771.jpg,Unconfirmed,100,0.000,0.000,0.000,29.000,1.000,0.000,0.000,0.000,1.000,0.000,0.000,0.000,0.000,4.000,65.000,0.000,0.000,0.000,0.000
4992193,AP180772.jpg,Unconfirmed,100,0.000,0.000,0.000,93.000,2.000,0.000,0.000,0.000,1.000,0.000,0.000,0.000,0.000,2.000,1.000,0.000,0.000,0.000,1.000
4992192,AP180773.jpg,Unconfirmed,100,0.000,0.000,0.000,50.000,1.000,0.000,0.000,0.000,3.000,0.000,0.000,0.000,0.000,5.000,40.000,0.000,0.000,0.000,1.000
4992191,AP180774.jpg,Unconfirmed,100,0.000,0.000,0.000,0.000,0.000,0.000,0.000,0.000,75.000,0.000,0.000,0.000,0.000,4.000,12.000,0.000,0.000,0.000,9.000
4992190,AP180775.jpg,Unconfirmed,100,0.000,0.000,0.000,0.000,28.000,0.000,0.000,0.000,20.000,0.000,2.000,0.000,0.000,0.000,6.000,0.000,0.000,0.000,44.000
4992189,AP180776.jpg,Unconfirmed,100,0.000,0.000,0.000,3.000,0.000,0.000,0.000,0.000,0.000,0.000,0.000,0.000,0.000,0.000,17.000,0.000,0.000,0.000,80.000
4992188,AP180777.jpg,Unconfirmed,100,0.000,0.000,0.000,4.000,0.000,0.000,0.000,0.000,0.000,0.000,0.000,0.000,0.000,0.000,90.000,0.000,0.000,0.000,6.000
4992187,AP180778.jpg,Unconfirmed,100,0.000,0.000,0.000,23.000,38.000,0.000,0.000,0.000,30.000,0.000,0.000,0.000,0.000,6.000,0.000,0.000,0.000,0.000,3.000
4992186,AP180779.jpg,Unconfirmed,100,0.000,0.000,0.000,89.000,0.000,0.000,0.000,0.000,10.000,0.000,0.000,0.000,0.000,1.000,0.000,0.000,0.000,0.000,0.000
4992185,AP180780.jpg,Unconfirmed,100,0.000,0.000,0.000,66.000,33.000,0.000,0.000,0.000,1.000,0.000,0.000,0.000,0.000,0.000,0.000,0.000,0.000,0.000,0.000
4992184,AP180781.jpg,Unconfirmed,100,0.000,0.000,0.000,34.000,61.000,0.000,0.000,0.000,3.000,0.000,1.000,0.000,0.000,1.000,0.000,0.000,0.000,0.000,0.000
4992182,AP180782.jpg,Unconfirmed,100,0.000,0.000,0.000,36.000,62.000,0.000,0.000,0.000,1.000,0.000,0.000,0.000,0.000,0.000,1.000,0.000,0.000,0.000,0.000
4992183,AP180783.jpg,Unconfirmed,100,0.000,0.000,0.000,79.000,21.000,0.000,0.000,0.000,0.000,0.000,0.000,0.000,0.000,0.000,0.000,0.000,0.000,0.000,0.000
4992181,AP180784.jpg,Unconfirmed,100,0.000,0.000,0.000,61.000,35.000,0.000,0.000,0.000,4.000,0.000,0.000,0.000,0.000,0.000,0.000,0.000,0.000,0.000,0.000
4992179,AP180785.jpg,Unconfirmed,100,0.000,0.000,0.000,70.000,3.000,0.000,0.000,0.000,24.000,0.000,0.000,0.000,0.000,3.000,0.000,0.000,0.000,0.000,0.000
4992178,AP180786.jpg,Unconfirmed,100,0.000,0.000,0.000,21.000,79.000,0.000,0.000,0.000,0.000,0.000,0.000,0.000,0.000,0.000,0.000,0.000,0.000,0.000,0.000
4992180,AP180787.jpg,Unconfirmed,100,0.000,0.000,0.000,0.000,96.000,0.000,0.000,0.000,1.000,0.000,0.000,0.000,0.000,0.000,0.000,0.000,0.000,0.000,3.000
4992177,AP180788.jpg,Unconfirmed,100,0.000,0.000,1.000,0.000,73.000,0.000,0.000,0.000,2.000,0.000,17.000,0.000,0.000,0.000,1.000,0.000,0.000,0.000,6.000
4992176,AP180789.jpg,Unconfirmed,100,0.000,0.000,0.000,4.000,64.000,0.000,0.000,0.000,2.000,0.000,0.000,0.000,0.000,0.000,0.000,0.000,0.000,0.000,30.000
4992175,AP180790.jpg,Unconfirmed,100,0.000,0.000,0.000,4.000,88.000,0.000,0.000,0.000,4.000,0.000,0.000,0.000,0.000,3.000,1.000,0.000,0.000,0.000,0.000
4992172,AP180791.jpg,Unconfirmed,100,0.000,0.000,0.000,2.000,94.000,0.000,0.000,0.000,1.000,0.000,0.000,0.000,0.000,0.000,0.000,0.000,0.000,0.000,3.000
4992174,AP180792.jpg,Unconfirmed,100,0.000,0.000,0.000,0.000,100.000,0.000,0.000,0.000,0.000,0.000,0.000,0.000,0.000,0.000,0.000,0.000,0.000,0.000,0.000
4992173,AP180793.jpg,Unconfirmed,100,0.000,0.000,0.000,43.000,56.000,0.000,0.000,0.000,1.000,0.000,0.000,0.000,0.000,0.000,0.000,0.000,0.000,0.000,0.000
4992171,AP180794.jpg,Unconfirmed,100,0.000,0.000,0.000,47.000,53.000,0.000,0.000,0.000,0.000,0.000,0.000,0.000,0.000,0.000,0.000,0.000,0.000,0.000,0.000
4992170,AP180795.jpg,Unconfirmed,100,0.000,0.000,0.000,10.000,90.000,0.000,0.000,0.000,0.000,0.000,0.000,0.000,0.000,0.000,0.000,0.000,0.000,0.000,0.000
4992169,AP180796.jpg,Unconfirmed,100,0.000,0.000,0.000,23.000,77.000,0.000,0.000,0.000,0.000,0.000,0.000,0.000,0.000,0.000,0.000,0.000,0.000,0.000,0.000
4992168,AP180797.jpg,Unconfirmed,100,0.000,0.000,0.000,57.000,43.000,0.000,0.000,0.000,0.000,0.000,0.000,0.000,0.000,0.000,0.000,0.000,0.000,0.000,0.000
4992166,AP180798.jpg,Unconfirmed,100,0.000,0.000,0.000,32.000,0.000,0.000,0.000,0.000,62.000,0.000,0.000,0.000,0.000,6.000,0.000,0.000,0.000,0.000,0.000
4992167,AP180799.jpg,Unconfirmed,100,0.000,0.000,0.000,31.000,0.000,0.000,0.000,0.000,66.000,0.000,0.000,0.000,0.000,3.000,0.000,0.000,0.000,0.000,0.000
4992163,AP180800.jpg,Unconfirmed,100,0.000,0.000,0.000,9.000,4.000,0.000,0.000,0.000,3.000,0.000,0.000,0.000,0.000,1.000,22.000,0.000,0.000,0.000,61.000
4992164,AP180801.jpg,Unconfirmed,100,0.000,0.000,0.000,34.000,0.000,0.000,0.000,0.000,56.000,0.000,0.000,0.000,0.000,10.000,0.000,0.000,0.000,0.000,0.000
4992165,AP180802.jpg,Unconfirmed,100,0.000,0.000,0.000,46.000,51.000,0.000,0.000,0.000,3.000,0.000,0.000,0.000,0.000,0.000,0.000,0.000,0.000,0.000,0.000
4992160,AP180803.jpg,Unconfirmed,100,0.000,0.000,0.000,1.000,20.000,0.000,0.000,0.000,79.000,0.000,0.000,0.000,0.000,0.000,0.000,0.000,0.000,0.000,0.000
4992161,AP180804.jpg,Unconfirmed,100,0.000,0.000,0.000,1.000,5.000,0.000,0.000,0.000,86.000,0.000,0.000,0.000,0.000,5.000,2.000,0.000,0.000,0.000,1.000
4992162,AP180805.jpg,Unconfirmed,100,0.000,0.000,0.000,42.000,11.000,3.000,0.000,0.000,41.000,0.000,0.000,0.000,0.000,3.000,0.000,0.000,0.000,0.000,0.000
4992158,AP180806.jpg,Unconfirmed,100,0.000,0.000,0.000,6.000,68.000,1.000,0.000,0.000,23.000,0.000,2.000,0.000,0.000,0.000,0.000,0.000,0.000,0.000,0.000
4992155,AP180807.jpg,Unconfirmed,100,0.000,0.000,0.000,1.000,96.000,0.000,0.000,0.000,3.000,0.000,0.000,0.000,0.000,0.000,0.000,0.000,0.000,0.000,0.000
4992156,AP180808.jpg,Unconfirmed,100,0.000,0.000,0.000,75.000,20.000,0.000,0.000,0.000,5.000,0.000,0.000,0.000,0.000,0.000,0.000,0.000,0.000,0.000,0.000
4992153,AP180809.jpg,Unconfirmed,100,0.000,0.000,0.000,75.000,24.000,0.000,0.000,0.000,1.000,0.000,0.000,0.000,0.000,0.000,0.000,0.000,0.000,0.000,0.000
4992151,AP180810.jpg,Unconfirmed,100,0.000,0.000,0.000,85.000,15.000,0.000,0.000,0.000,0.000,0.000,0.000,0.000,0.000,0.000,0.000,0.000,0.000,0.000,0.000
4992149,AP180811.jpg,Unconfirmed,100,0.000,0.000,0.000,89.000,1.000,0.000,0.000,0.000,10.000,0.000,0.000,0.000,0.000,0.000,0.000,0.000,0.000,0.000,0.000
4992147,AP180812.jpg,Unconfirmed,100,0.000,0.000,0.000,58.000,39.000,0.000,0.000,0.000,1.000,0.000,0.000,0.000,0.000,1.000,0.000,0.000,0.000,0.000,1.000
4992144,AP180813.jpg,Unconfirmed,100,0.000,0.000,0.000,84.000,16.000,0.000,0.000,0.000,0.000,0.000,0.000,0.000,0.000,0.000,0.000,0.000,0.000,0.000,0.000
4992142,AP180814.jpg,Unconfirmed,100,0.000,0.000,0.000,72.000,5.000,0.000,0.000,0.000,1.000,0.000,0.000,0.000,0.000,1.000,1.000,0.000,0.000,0.000,20.000
4992138,AP180815.jpg,Unconfirmed,100,0.000,0.000,0.000,98.000,1.000,0.000,0.000,0.000,1.000,0.000,0.000,0.000,0.000,0.000,0.000,0.000,0.000,0.000,0.000
4992140,AP180816.jpg,Unconfirmed,100,0.000,0.000,0.000,100.000,0.000,0.000,0.000,0.000,0.000,0.000,0.000,0.000,0.000,0.000,0.000,0.000,0.000,0.000,0.000
4992136,AP180817.jpg,Unconfirmed,100,0.000,0.000,0.000,93.000,7.000,0.000,0.000,0.000,0.000,0.000,0.000,0.000,0.000,0.000,0.000,0.000,0.000,0.000,0.000
ALL IMAGES,,,,0.000,0.000,0.083,15.268,19.354,0.137,0.000,0.000,11.604,0.179,7.754,0.177,0.000,8.118,11.334,1.240,0.000,1.051,23.700
